# entry,name,display_id,minlevel,maxlevel,faction,npcflag,type,rank,unit_class,speed_walk,speed_run,base_attack_time,damage_modifier,health_modifier
1,Waypoint (Only GM can see it),10045,1,80,35,0,8,0,1,0.91,1.14,2000,1.00,0.01
6,Kobold Vermin,10913,1,2,25,0,7,0,1,1.00,0.86,2000,1.00,1.00
19,Benny Questgiver,6074,20,20,35,0,7,0,1,1.20,1.14,2000,1.00,1.00
29,Kanrethad,25275,1,1,35,0,7,0,1,1.00,1.14,2000,1.00,1250.00
30,Forest Spider,382,5,6,22,0,1,0,1,1.00,0.86,2000,1.00,1.00
31,Furbolg,145,1,2,35,0,0,0,1,1.20,1.14,2000,1.00,1.00
36,Harvest Golem,367,11,12,14,0,9,0,1,1.00,1.14,2000,1.00,1.00
38,Defias Thug,5035,3,4,7,0,7,0,1,1.00,0.86,2000,1.00,1.00
40,Kobold Miner,373,6,7,26,0,7,0,1,1.00,0.86,2000,1.00,1.00
43,Mine Spider,368,8,9,22,0,1,0,1,1.00,0.86,2000,1.00,1.00
46,Murloc Forager,441,9,10,18,0,7,0,1,1.00,0.86,2000,1.00,1.00
49,Lesser Succubus,159,20,20,90,0,3,0,1,1.20,1.14,2000,1.00,1.00
54,Corina Steele,1287,10,10,12,4224,7,0,1,1.00,1.14,2000,1.00,1.00
55,Mean Ed the Blacksmith,17,20,20,12,0,7,0,1,1.20,1.14,2000,1.00,1.00
60,Ruklar the Trapper,2153,8,8,26,0,7,0,2,1.00,0.86,2000,1.00,1.00
61,Thuros Lightfingers,3341,11,11,17,0,7,4,1,1.00,1.14,1700,1.00,1.00
62,Gug Fatcandle,26,4,4,26,0,7,0,1,1.00,0.86,2000,1.00,1.00
65,Peasant Woman,13,1,2,12,0,7,0,1,1.20,1.14,2000,1.00,1.00
66,Tharynn Bouden,1298,10,10,12,128,7,0,1,1.00,1.14,1500,1.00,1.00
67,[UNUSED] Marlon Darnik,23,5,5,12,0,7,0,1,1.00,1.14,2000,1.00,1.00
69,Diseased Timber Wolf,31048,2,2,32,0,1,0,1,1.00,0.86,2000,1.00,1.00
70,[UNUSED] Lower Class Citizen,13,1,2,12,0,7,0,1,1.00,1.14,2000,1.00,1.00
71,Rankist,137,5,7,14,0,0,0,1,1.20,1.14,2000,1.00,1.00
72,[UNUSED] Antaris the Trader,19,20,20,2000,0,7,0,1,1.00,1.14,2000,1.00,1.20
74,Kurran Steele,1289,10,10,12,4224,7,0,1,1.00,1.14,2000,1.00,1.00
75,[UNUSED] Vashaum Nightwither,166,12,12,17,0,7,0,1,1.00,1.14,2000,1.00,1.00
78,Janos Hammerknuckle,3275,5,5,12,4224,7,0,1,1.00,1.14,2000,1.00,1.00
79,Narg the Taskmaster,774,10,10,26,0,7,4,1,1.00,0.86,2000,1.00,1.30
80,Kobold Laborer,365,3,3,25,0,7,0,1,1.00,0.86,2000,1.00,1.00
81,[UNUSED] Luglar the Clogger,371,5,5,26,0,7,0,1,1.00,1.14,2000,1.00,1.00
82,Crazy Leonetti,16,7,7,35,0,7,0,1,1.20,1.14,2000,1.00,1.00
87,Forest Troll Berserker,167,2,4,14,0,7,0,1,1.20,1.14,2000,1.00,1.00
93,Centaur,172,1,2,35,0,0,0,1,1.20,1.14,2000,1.00,1.00
94,Defias Cutpurse,2361,5,6,17,0,7,0,1,1.00,0.86,2000,1.00,1.00
95,Defias Smuggler,4418,11,12,17,0,7,0,1,1.00,1.14,2000,1.00,1.00
97,Riverpaw Runt,10791,8,9,20,0,7,0,1,1.00,0.86,2000,1.00,1.00
98,Riverpaw Taskmaster,376,17,18,20,0,7,0,1,1.20,1.14,2000,1.00,1.00
99,Morgaine the Sly,3320,10,10,17,0,7,4,1,1.00,1.14,2000,1.00,1.00
100,Gruff Swiftbite,175,12,12,20,0,7,4,1,1.20,1.14,1500,1.00,1.00
102,Bronze Dragonspawn,177,1,2,35,0,0,0,1,1.20,1.14,2000,1.00,1.00
103,Garrick Padfoot,2073,5,5,7,0,7,0,1,1.00,0.86,2000,1.00,1.00
105,Tall Strider,178,1,2,35,0,0,0,1,1.20,1.14,2000,1.00,1.00
106,Kodo Beast,179,1,2,35,0,1,0,1,1.20,1.14,2000,1.00,1.00
107,Raptor,180,1,2,35,0,1,0,1,1.20,1.14,2000,1.00,1.00
108,Green Dragonspawn,181,1,2,35,0,0,0,1,1.20,1.14,2000,1.00,1.00
109,White Dragonspawn,182,1,2,35,0,0,0,1,1.20,1.14,2000,1.00,1.00
111,Priest,20,3,4,12,0,7,0,1,1.20,1.14,2000,1.00,1.00
112,Priestess,14,3,4,12,0,7,0,1,1.20,1.14,2000,1.00,1.00
113,Stonetusk Boar,503,5,6,189,0,1,0,1,1.00,0.86,2000,1.00,1.00
114,Harvest Watcher,378,14,15,14,0,9,0,1,1.00,1.14,2000,1.00,1.00
115,Harvest Reaper,379,17,18,14,0,9,0,1,1.00,1.14,2000,1.00,1.00
116,Defias Bandit,2357,8,9,17,0,7,0,1,1.00,0.86,2000,1.00,1.00
117,Riverpaw Gnoll,175,11,12,20,0,7,0,1,1.20,1.14,2000,1.00,1.00
118,Prowler,11415,9,10,38,0,1,0,1,1.00,0.86,1500,1.00,1.00
119,Longsnout,381,10,11,189,0,1,0,1,1.00,1.14,2000,1.00,1.00
120,Forest Stalker,366,9,10,22,0,1,0,1,1.00,0.86,2000,1.00,1.00
121,Defias Pathstalker,2336,16,16,17,0,7,0,1,1.00,1.14,2000,1.00,1.00
122,Defias Highwayman,2342,17,18,17,0,7,0,1,1.00,1.14,2000,1.00,1.00
123,Riverpaw Mongrel,383,14,14,20,0,7,0,1,1.00,1.19,2000,1.00,1.00
124,Riverpaw Brute,384,15,16,20,0,7,0,1,1.20,1.14,2000,1.00,1.00
125,Riverpaw Overseer,10790,19,20,20,0,7,0,1,1.00,1.19,2000,1.00,1.00
126,Murloc Coastrunner,983,12,13,18,0,7,0,1,1.00,1.43,2000,1.00,1.00
127,Murloc Tidehunter,1995,18,19,18,0,7,0,2,1.00,1.14,2000,1.00,1.00
149,[UNUSED] Small Black Dragon Whelp,387,6,7,14,0,2,0,1,1.00,1.14,2000,1.00,1.00
150,[UNUSED] Brother Milius,190,5,5,12,0,7,0,1,1.00,1.14,2000,1.00,1.00
151,Brog Hamfist,1292,10,10,12,384,7,0,1,1.00,1.14,1500,1.00,1.00
152,Brother Danil,3277,5,5,12,384,7,0,1,1.00,1.14,1500,1.00,1.00
154,Greater Fleshripper,1105,16,17,73,0,1,0,1,1.00,1.14,2000,1.00,1.00
157,Goretusk,3027,14,15,189,0,1,0,1,1.00,1.14,2000,1.00,1.00
161,[UNUSED] Ander the Monk,18,10,10,12,0,7,0,1,1.00,1.14,2000,1.00,1.00
163,[UNUSED] Destitute Farmer,18,4,4,12,0,7,0,1,1.00,1.14,2000,1.00,1.00
165,[UNUSED] Small Child,390,1,1,12,0,7,0,1,1.00,1.14,2000,1.00,1.00
167,Morhan Coppertongue,1844,13,13,55,4224,7,0,1,1.00,1.14,2000,1.00,1.00
171,Murloc Warrior,1305,15,16,18,0,7,0,1,1.00,0.86,3000,1.00,1.00
190,Dermot Johns,3276,5,5,12,4224,7,0,1,1.00,1.14,2000,1.00,1.00
196,Eagan Peltskinner,3251,3,3,12,2,7,0,1,1.00,1.14,1500,1.00,1.00
197,Marshal McBride,1859,20,20,12,3,7,0,1,1.00,1.14,1500,1.00,1.00
198,Khelden Bremen,5001,5,5,12,51,7,0,1,1.00,1.14,1500,1.00,1.00
199,Young Fleshripper,410,10,11,73,0,1,0,1,1.00,1.14,2000,1.00,1.00
200,Shambling Skeleton UNUSED,158,20,21,35,0,6,0,1,1.00,1.14,2000,1.00,1.02
201,Brittlebones Skeleton,11400,1,1,21,0,6,0,1,1.20,1.14,2000,1.00,1.00
213,Starving Dire Wolf,801,19,20,38,0,1,0,1,1.00,1.14,2000,1.00,1.00
217,Venom Web Spider,955,19,20,22,0,1,0,1,1.00,1.14,2000,1.00,1.00
219,[UNUSED] Logan Mar,17,20,20,12,0,7,0,1,1.00,1.14,2000,1.00,1.00
220,[UNUSED] Khebil Steelsmith,17,17,17,12,0,7,0,1,1.00,1.14,2000,1.00,1.00
221,Dannus,23,17,17,12,0,7,0,1,1.20,1.14,2000,1.00,1.00
222,Nillen Andemar,1845,19,19,55,4224,7,0,1,1.00,1.14,1500,1.00,1.00
224,Zek Marston,20,15,15,12,0,7,0,1,1.20,1.14,2000,1.00,1.00
229,Vaious,17,1,1,14,0,7,0,1,1.20,1.14,2000,1.00,1.35
230,Thornton Fellwood,4335,1,1,35,0,7,0,1,1.20,1.14,2000,1.00,1.05
233,Farmer Saldean,1943,20,20,12,643,7,0,1,1.00,1.14,1500,1.00,1.00
235,Salma Saldean,1691,20,20,12,2,7,0,1,1.00,1.14,1500,1.00,1.00
237,Farmer Furlbrow,1944,20,20,12,3,7,0,1,1.00,1.14,1500,1.00,1.00
238,Verna Furlbrow,1692,20,20,12,3,7,0,1,1.00,1.14,1500,1.00,1.00
239,Grimbooze Thunderbrew,3265,20,20,55,3,7,0,1,1.00,1.14,1500,1.00,1.00
241,"Remy \""Two Times\""",3254,5,5,12,3,7,0,1,1.00,1.14,1500,1.00,1.00
242,Horras Brackwell,214,10,10,12,0,7,0,1,1.20,1.14,2000,1.00,1.00
243,[UNUSED] Greeby Mudwhisker TEST,163,5,5,35,0,7,0,1,1.00,1.14,2000,1.00,1.00
244,Ma Stonefield,3330,3,3,12,2,7,0,1,1.00,1.14,1500,1.00,1.00
246,"\""Auntie\"" Bernice Stonefield",3329,6,6,12,2,7,0,1,1.00,1.14,1500,1.00,1.00
247,Billy Maclure,221,1,1,12,2,7,0,1,1.00,1.14,2000,1.00,1.00
248,Gramma Stonefield,2959,3,3,12,2,7,0,1,1.00,1.14,1500,1.00,1.00
250,Pa Maclure,3327,6,6,12,0,7,0,1,1.00,1.14,2000,1.00,1.00
251,Maybell Maclure,3323,2,2,12,2,7,0,1,1.00,1.14,2000,1.00,1.00
252,Tommy Joe Stonefield,3331,2,2,12,2,7,0,1,1.00,1.14,1500,1.00,1.00
253,William Pestle,5038,6,6,12,3,7,0,1,1.00,1.14,1500,1.00,1.00
255,Gerard Tiller,3324,6,6,12,2,7,0,1,1.00,1.14,1500,1.00,1.00
257,Kobold Worker,2299,3,3,25,0,7,0,1,1.00,0.86,2000,1.00,1.00
258,Joshua Maclure,3328,5,5,12,128,7,0,1,1.00,1.14,1000,1.00,1.00
262,Half-eaten body,433,1,1,1732,0,3,0,1,1.20,1.14,2000,1.00,1.35
278,Sara Timberlain,3268,5,5,12,2,7,0,1,1.00,1.14,1000,1.00,1.00
281,Kobold Tank,139,7,8,14,0,7,0,1,1.00,0.86,2000,1.00,1.00
282,Kobold Spellcaster,139,7,8,14,0,7,0,1,1.00,0.86,2000,1.00,1.00
283,Kobold Healer,139,7,8,16,0,7,0,1,1.00,0.86,2000,1.00,1.00
284,Brown Horse,2404,2,2,35,0,1,0,1,0.91,1.14,2000,1.00,1.00
285,Murloc,617,6,7,18,0,7,0,1,1.00,0.86,2000,1.00,1.00
286,Old Rotten Gill,346,11,11,18,0,7,0,1,1.20,1.14,2000,1.00,1.00
290,Placeholder - Fargodeep Mine,68,13,14,12,0,3,0,1,1.20,1.14,2000,1.00,1.35
294,Marshal Haggard,1689,20,20,12,2,7,0,1,1.00,1.14,1000,1.00,1.00
296,[UNUSED] Goodmother Jans,232,20,21,12,0,7,0,1,1.00,1.14,2000,1.00,1.02
299,Diseased Young Wolf,31049,1,1,32,0,1,0,1,1.00,0.86,2000,1.00,1.00
304,Felsteed,2346,1,2,35,0,3,0,1,0.91,1.14,2000,1.00,1.00
305,White Stallion,2410,1,2,35,0,1,0,1,0.91,1.14,2000,1.00,1.00
306,Palomino,2408,1,2,35,0,1,0,1,0.91,1.14,2000,1.00,1.00
307,Pinto,2409,1,2,35,0,1,0,1,0.91,1.14,2000,1.00,1.00
308,Black Stallion,2402,1,2,35,0,1,0,1,1.00,1.14,2000,1.00,1.00
309,Rolf's corpse,433,1,1,35,0,10,0,1,1.20,1.14,2000,1.00,1.35
311,Sven Yorgen,4327,20,20,12,2,7,0,1,1.00,1.14,1000,1.00,1.00
318,[UNUSED] Brother Akil,190,5,5,12,0,7,0,1,1.00,1.14,2000,1.00,1.00
319,[UNUSED] Brother Benthas,190,5,5,12,0,7,0,1,1.00,1.14,2000,1.00,1.00
320,[UNUSED] Brother Cryus,190,5,5,12,0,7,0,1,1.00,1.14,2000,1.00,1.00
321,[UNUSED] Brother Deros,190,5,5,12,0,7,0,1,1.00,1.14,2000,1.00,1.00
322,[UNUSED] Brother Enoch,190,5,5,12,0,7,0,1,1.00,1.14,2000,1.00,1.00
323,[UNUSED] Brother Farthing,190,10,10,12,0,7,0,1,1.00,1.14,2000,1.00,1.00
324,[UNUSED] Brother Greishan,190,10,10,12,0,7,0,1,1.00,1.14,2000,1.00,1.00
325,Hogan Ference,4320,20,20,12,0,7,0,1,1.00,1.14,1500,1.00,1.00
326,[UNUSED] Brother Ictharin,190,10,10,12,0,7,0,1,1.00,1.14,2000,1.00,1.00
327,Goldtooth,2299,8,8,26,0,7,0,1,1.00,0.86,2000,1.00,1.00
328,Zaldimar Wefhellt,1294,13,13,12,51,7,0,1,1.00,1.14,1500,1.00,1.00
330,Princess,8871,9,9,7,0,1,0,1,1.00,0.86,2000,1.00,1.00
341,Foreman Oslow,1748,20,20,12,2,7,0,1,1.00,1.14,1000,1.00,1.00
342,Martie Jainrose,1743,20,20,12,2,7,0,1,1.00,1.14,1000,1.00,1.00
343,Chef Breanna,3377,19,19,12,2,7,0,1,1.00,1.14,2000,1.00,1.00
351,Peasant,87,1,2,12,0,7,0,1,1.20,1.14,2000,1.00,1.00
354,[UNUSED] Grall Twomoons,244,10,10,12,0,7,0,1,1.00,1.14,2000,1.00,1.00
356,Black Wolf,207,10,10,35,0,1,0,1,1.00,1.39,2000,1.00,1.00
358,Timber Wolf,247,10,10,35,0,1,0,1,0.91,1.14,2000,1.00,1.00
359,Winter Wolf,1166,10,10,35,0,1,0,1,0.91,1.14,2000,1.00,1.00
361,Saytr,467,1,1,14,0,0,0,1,1.20,1.14,2000,1.00,1.00
364,Slime,358,1,1,14,0,10,0,1,1.20,1.14,2000,1.00,1.00
365,Scott's Flying Mount,6852,1,1,14,0,10,0,1,1.20,1.14,2000,1.00,1.00
370,Boy,221,1,2,12,0,7,0,1,1.20,1.14,2000,1.00,1.00
371,Girl,257,1,1,12,0,7,0,1,1.20,1.14,2000,1.00,1.00
372,Karm Ironquill,8089,16,16,12,128,7,0,1,1.00,1.14,1500,1.00,1.00
375,Priestess Anetta,3344,5,5,12,51,7,0,1,1.00,1.14,1500,1.00,1.00
377,Priestess Josetta,1295,13,13,12,51,7,0,1,1.00,1.14,1500,1.00,1.00
379,Darcy,3367,15,15,12,2,7,0,1,1.00,1.14,2000,1.00,1.00
381,Dockmaster Baren,3360,20,20,12,2,7,0,1,1.00,1.14,2000,1.00,1.00
383,Jason Mathers,3273,7,7,12,2,7,0,1,1.00,1.14,1000,1.00,1.00
384,Katie Hunter,3270,10,10,12,131,7,0,1,1.00,1.14,2000,1.00,1.00
385,Horse,229,5,5,35,0,8,0,1,1.00,0.86,2000,4.60,1.00
386,[UNUSED] Ulric the Grim,19,20,20,12,0,7,0,1,1.00,1.14,2000,1.00,1.00
390,Porcine Entourage,377,7,7,7,0,1,0,1,1.00,0.86,2000,1.00,1.00
391,Old Murk-Eye,5243,20,20,18,0,7,0,1,1.00,1.14,2000,1.00,1.20
393,Tame Wolf,165,10,10,12,0,1,0,1,1.20,1.14,2000,1.00,1.00
395,Markus,262,1,1,12,0,7,0,1,1.00,1.14,2000,1.00,1.00
399,Boy - placeholder 05,251,1,2,12,0,0,0,1,1.20,1.14,2000,1.00,1.00
400,Boy - placeholder 06,251,1,2,12,0,0,0,1,1.20,1.14,2000,1.00,1.00
401,Boy - placeholder 07,251,1,2,12,0,0,0,1,1.20,1.14,2000,1.00,1.00
402,Boy - placeholder 08,251,1,2,12,0,0,0,1,1.20,1.14,2000,1.00,1.00
403,Boy - placeholder 09,251,1,2,12,0,0,0,1,1.20,1.14,2000,1.00,1.00
404,Girl - placeholder 01,252,1,2,12,0,0,0,1,1.20,1.14,2000,1.00,1.00
405,Girl - placeholder 02,252,1,2,12,0,0,0,1,1.20,1.14,2000,1.00,1.00
406,Girl - placeholder 03,252,1,2,12,0,0,0,1,1.20,1.14,2000,1.00,1.00
407,Girl - placeholder 04,252,1,2,12,0,0,0,1,1.20,1.14,2000,1.00,1.00
408,Girl - placeholder 05,252,1,2,12,0,0,0,1,1.20,1.14,2000,1.00,1.00
409,Girl - placeholder 06,252,1,2,12,0,0,0,1,1.20,1.14,2000,1.00,1.00
410,Girl - placeholder 07,252,1,2,12,0,0,0,1,1.20,1.14,2000,1.00,1.00
411,Girl - placeholder 08,252,1,2,12,0,0,0,1,1.20,1.14,2000,1.00,1.00
416,Imp,4449,5,5,73,0,3,0,8,1.00,1.14,2000,1.00,0.84
418,Lesser Voidwalker,1131,20,20,90,0,3,0,1,1.20,1.14,2000,1.00,1.00
421,Murphestos,149,1,1,14,0,0,0,1,1.20,1.14,2000,1.00,1.00
422,Murloc Flesheater,506,18,19,18,0,7,0,1,1.00,1.14,2000,1.00,1.00
423,Redridge Mongrel,487,15,16,19,0,7,0,1,1.00,1.19,2000,1.00,1.00
424,Redridge Poacher,551,16,17,19,0,7,0,1,1.00,1.19,2000,1.00,1.00
426,Redridge Brute,500,17,18,19,0,7,0,1,1.20,1.14,2700,1.00,1.00
428,Dire Condor,490,18,19,14,0,1,0,1,1.00,1.14,2000,1.00,1.00
430,Redridge Mystic,10789,18,19,19,0,7,0,8,1.00,1.14,2000,1.00,1.00
440,Blackrock Grunt,6033,19,20,40,0,7,0,1,1.00,1.14,2000,1.00,1.00
441,Black Dragon Whelp,387,17,18,14,0,2,0,8,1.11,1.14,2000,1.00,1.00
442,Tarantula,366,15,16,22,0,1,0,1,1.00,1.14,2000,1.00,1.00
445,Redridge Alpha,609,19,20,19,0,7,0,1,1.20,1.14,2000,1.00,1.02
446,Redridge Basher,609,18,19,19,0,7,0,1,1.20,1.14,2000,1.00,1.00
448,Hogger,384,11,11,20,0,7,1,1,1.20,1.14,2000,1.70,3.00
449,Defias Knuckleduster,2344,16,17,17,0,7,0,1,1.00,1.14,2000,1.00,1.00
450,Defias Renegade Mage,4420,18,19,17,0,7,0,8,1.00,1.14,2000,1.00,1.00
452,Riverpaw Bandit,383,16,17,20,0,7,0,1,1.00,1.19,2000,1.00,1.00
453,Riverpaw Mystic,502,18,19,20,0,7,0,2,1.00,1.14,2000,1.00,1.00
454,Young Goretusk,8871,12,13,189,0,1,0,1,1.00,1.14,2000,1.00,1.00
456,Murloc Minor Oracle,486,14,14,18,0,7,0,2,1.00,1.14,2000,1.00,1.00
458,Murloc Hunter,757,16,17,18,0,7,0,1,1.00,1.14,2000,1.00,1.00
459,Drusilla La Salle,3345,5,5,12,51,7,0,1,1.00,1.14,1500,1.00,1.00
460,Alamar Grimm,1930,5,5,875,51,7,0,1,1.00,1.14,1500,1.00,1.00
465,Barkeep Dobbins,3266,10,10,12,640,7,0,1,1.00,1.14,2000,1.00,1.00
467,The Defias Traitor,2311,15,15,10,2,7,0,1,1.00,0.89,2000,1.00,1.00
471,Mother Fang,2541,10,10,22,0,1,4,1,1.00,0.86,2000,1.00,1.00
472,Fedfennel,175,12,12,20,0,7,4,1,1.20,1.14,2000,1.00,1.00
473,Morgan the Collector,2074,10,10,17,0,7,0,1,1.00,0.86,2000,1.00,1.00
474,Defias Rogue Wizard,2359,9,10,17,0,7,0,8,1.00,0.86,2000,1.00,1.00
475,Kobold Tunneler,139,5,6,26,0,7,0,1,1.00,0.86,2000,1.00,1.00
476,Kobold Geomancer,163,7,8,26,0,7,0,8,1.00,0.86,2000,1.00,1.00
478,Riverpaw Outrunner,512,9,10,20,0,7,0,1,1.20,0.86,2000,1.00,1.00
480,Rusty Harvest Golem,514,9,10,14,0,9,0,1,1.00,0.86,2000,1.00,1.00
481,Defias Footpad,2333,10,11,17,0,7,0,1,1.00,1.14,2000,1.00,1.00
485,Blackrock Outrunner,6034,20,21,40,0,7,0,1,1.00,1.14,2500,1.00,1.02
491,Quartermaster Lewis,3342,20,20,12,387,7,0,1,1.00,1.14,1500,1.00,1.00
498,[UNUSED] Watcher Larsen,2393,20,20,56,0,7,0,1,1.00,1.14,2000,1.00,1.00
500,Riverpaw Scout,374,12,13,20,0,7,0,1,1.00,1.19,2000,1.00,1.00
501,Riverpaw Herbalist,413,14,15,20,0,7,0,1,1.00,1.14,2000,1.00,1.00
502,Benny Blaanco,4422,15,15,17,0,7,0,1,1.00,1.14,2000,1.00,1.00
504,Defias Trapper,2331,12,13,17,0,7,0,1,1.00,1.14,2000,1.00,1.00
505,Greater Tarantula,520,19,20,22,0,1,0,1,1.00,1.14,2000,1.00,1.00
506,Sergeant Brashclaw,383,18,18,20,0,7,4,1,1.00,1.19,2000,1.00,1.00
513,Murloc Netter,1994,14,15,18,0,7,0,1,1.00,1.14,2000,1.00,1.00
515,Murloc Raider,441,11,12,18,0,7,0,1,1.00,1.14,2000,1.00,1.00
517,Murloc Oracle,1079,17,18,18,0,7,0,2,1.00,1.14,2000,1.00,1.00
518,Yowler,488,20,20,19,0,7,0,1,1.00,1.19,2000,1.00,1.02
519,Slark,540,15,15,18,0,7,4,1,1.00,1.14,1600,1.00,1.00
520,Brack,652,19,19,18,0,7,4,1,1.00,1.14,2800,1.00,1.00
524,Rockhide Boar,389,7,8,189,0,1,0,1,1.00,0.86,2000,1.00,1.00
525,Mangy Wolf,903,5,6,38,0,1,0,1,1.00,0.86,1700,1.00,1.00
539,Pygmy Venom Web Spider,958,18,19,22,0,1,0,1,1.00,1.14,2000,1.00,1.00
545,Murloc Tidecaller,5293,19,20,18,0,7,0,2,1.00,1.14,2000,1.00,1.00
547,Great Goretusk,3035,16,17,189,0,1,0,1,1.00,1.14,2000,1.00,1.00
548,Murloc Minor Tidecaller,1079,17,18,18,0,7,0,2,1.00,1.14,2000,1.00,1.00
550,Defias Messenger,2312,14,14,34,0,7,0,1,1.00,1.14,2000,1.00,1.00
564,Kobold Slave,163,10,11,26,0,7,0,1,1.20,1.14,2000,1.00,1.00
565,Rabid Dire Wolf,802,20,21,38,0,1,0,1,1.00,1.14,2000,1.00,1.02
566,V'rex,501,19,19,20,0,7,0,1,1.20,1.14,2000,1.00,1.00
567,Blacknails,3196,15,15,17,0,7,0,1,1.20,1.14,2000,1.00,1.00
572,Leprithus,1065,19,19,21,0,6,4,2,0.78,1.14,2000,1.00,1.00
573,Foe Reaper 4000,548,20,20,14,0,9,4,1,1.00,1.14,2000,1.00,1.00
578,Murloc Scout,391,19,20,18,0,7,0,1,1.00,1.14,2000,1.00,1.00
580,Redridge Drudger,551,20,21,19,0,7,0,1,1.00,1.19,1500,1.00,1.02
582,Old Blanchy,236,2,2,35,0,8,0,1,1.00,1.29,2000,1.00,1.00
583,Defias Ambusher,184,8,9,27,0,7,0,4,1.00,0.86,2000,1.00,1.00
589,Defias Pillager,2338,14,15,17,0,7,0,8,1.00,1.14,2000,1.00,1.00
590,Defias Looter,2340,13,14,17,0,7,0,1,1.00,1.14,2000,1.00,1.00
592,[UNUSED] Defias Arsonist,263,15,15,17,0,7,0,1,1.00,1.14,2000,1.00,1.00
594,Defias Henchman,2323,15,16,17,0,7,0,1,1.00,1.14,2000,1.00,1.00
596,Brainwashed Noble,3267,18,18,17,0,7,4,8,1.00,1.14,2000,1.00,1.50
598,Defias Miner,308,17,18,17,0,7,0,1,0.67,1.14,2000,1.00,1.00
599,Marisa du'Paige,2355,18,18,17,0,7,4,8,1.00,1.14,2000,1.00,1.50
601,Capo the Mean,2354,19,19,17,0,7,2,1,1.20,1.14,2000,7.50,3.00
619,Defias Conjurer,2329,15,16,17,0,7,0,8,1.00,1.14,2000,1.00,1.00
620,Chicken,304,1,1,31,2,8,0,1,1.00,0.86,2000,1.00,0.01
622,Goblin Engineer,7109,18,19,17,0,7,1,1,1.00,1.14,2000,1.70,3.00
623,Skeletal Miner,11402,17,18,21,0,6,0,1,1.00,1.14,2000,1.00,1.00
624,Undead Excavator,10630,17,18,21,0,6,0,1,0.78,1.14,2000,1.00,1.00
625,Undead Dynamiter,829,17,18,21,0,6,0,1,0.78,1.14,2000,1.00,1.00
626,Foreman Thistlenettle,10628,18,18,21,0,6,0,1,0.78,1.14,2000,1.00,1.20
631,pnagle's test dude,251,1,2,35,0,7,0,1,1.00,1.14,2000,1.00,1.00
633,Elaine Carevin,1571,18,18,12,2,7,0,1,1.00,1.14,1500,1.00,1.00
634,Defias Overseer,2316,17,18,17,0,7,1,1,1.00,1.14,2000,1.70,3.00
636,Defias Blackguard,2314,19,19,17,0,7,1,1,1.00,1.14,2000,1.70,3.00
638,Goblin Mercenary,7107,18,19,17,0,7,1,1,1.20,1.14,2000,7.50,3.00
639,Edwin VanCleef,2029,20,20,17,0,7,1,1,1.00,1.14,1500,2.45,8.00
641,Goblin Woodcarver,7111,18,19,17,0,7,1,1,1.00,1.14,2000,1.70,3.00
642,Sneed's Shredder,1269,20,20,17,0,9,1,1,1.00,1.14,2000,3.30,8.00
643,Sneed,7125,20,20,17,0,7,1,1,1.00,1.14,2000,3.30,5.00
644,Rhahk'Zor,14403,19,19,17,0,7,1,1,1.00,1.14,3500,2.50,10.00
645,Cookie,1305,20,20,17,0,7,1,1,1.00,1.14,2000,2.45,6.00
646,Mr. Smite,2026,20,20,17,0,7,1,1,1.00,1.14,2000,2.45,8.00
647,Captain Greenskin,7113,20,20,17,0,7,1,1,1.00,1.14,2500,2.45,6.00
648,Bridge Worker Trent,5003,5,5,12,0,7,0,1,0.93,1.14,2000,1.00,1.00
649,Bridge Worker Dmitri,5004,10,10,12,0,7,0,1,0.96,1.14,2000,1.00,1.00
650,Bridge Worker Jess,5005,6,6,12,0,7,0,1,0.94,1.14,2000,1.00,1.00
651,Bridge Worker Daniel,5006,6,6,12,0,7,0,1,0.94,1.14,2000,1.00,1.00
652,Bridge Worker Matthew,5007,6,6,12,0,7,0,1,0.94,1.14,2000,1.00,1.00
653,Bridge Worker Alex,5008,6,6,12,0,7,0,1,0.94,1.14,2000,1.00,1.00
656,Wilder Thistlenettle,2363,20,20,55,2,7,0,1,1.00,1.14,2000,1.00,1.00
657,Defias Pirate,2347,19,20,17,0,7,1,1,1.00,1.14,2000,1.70,3.00
658,Sten Stoutarm,1362,5,5,55,3,7,0,1,1.00,1.14,1500,1.00,1.00
663,Calor,2027,20,20,12,2,7,0,1,1.00,1.14,2000,1.00,1.00
664,Benjamin Carevin,221,2,2,12,2,7,0,1,1.00,1.14,2000,1.00,1.00
704,Ragged Timber Wolf,11416,2,2,32,0,1,0,1,1.00,0.86,2000,1.00,1.00
705,Ragged Young Wolf,855,1,1,32,0,1,0,1,1.00,0.86,2000,1.00,1.00
706,Frostmane Troll Whelp,27502,3,4,190,0,7,0,1,1.00,0.86,2000,1.00,1.00
707,Rockjaw Trogg,606,1,2,36,0,7,0,1,1.00,0.86,2000,1.00,1.00
708,Small Crag Boar,607,3,3,189,0,1,0,1,1.00,0.86,2000,1.00,1.00
712,Redridge Thrasher,489,14,15,19,0,7,0,1,1.20,1.14,2000,1.00,1.00
713,Balir Frosthammer,1355,5,5,55,2,7,0,1,1.00,1.14,1500,1.00,1.00
714,Talin Keeneye,1363,5,5,55,3,7,0,1,1.00,1.14,1500,1.00,1.00
721,Rabbit,328,1,1,31,0,8,0,1,1.00,0.86,2000,2.40,0.01
724,Burly Rockjaw Trogg,160,2,2,36,0,7,0,1,1.00,0.86,2000,1.00,1.00
732,Murloc Lurker,983,9,10,18,0,7,0,1,1.00,0.86,2000,1.00,1.00
735,Murloc Streamrunner,527,6,7,18,0,7,0,1,1.00,1.43,2000,1.00,1.00
777,Amy Davenport,3366,20,20,12,128,7,0,1,1.00,1.14,2000,1.00,1.00
786,Grelin Whitebeard,1354,5,5,55,3,7,0,1,1.00,1.14,1500,1.00,1.00
789,Kimberly Hiett,3369,20,20,12,4480,7,0,1,1.00,1.14,2000,1.00,1.00
791,Lindsay Ashlock,3368,20,20,12,384,7,0,1,1.00,1.14,2000,1.00,1.00
794,Matt,338,1,1,12,0,7,0,1,1.00,1.14,2000,1.00,1.00
795,Mark,338,1,1,12,0,7,0,1,1.00,1.14,2000,1.00,1.00
796,Joshua,221,1,1,12,0,7,0,1,1.00,1.14,2000,1.00,1.00
797,Bo,338,1,1,12,0,7,0,1,1.00,1.14,2000,1.00,1.00
798,Solomon,221,1,1,12,0,7,0,1,1.00,1.14,2000,1.00,1.00
799,Kevin,338,1,1,12,0,7,0,1,1.00,1.14,2000,1.00,1.00
800,Kyle,338,1,1,12,0,7,0,1,1.00,1.14,2000,1.00,1.00
801,Eric,262,1,1,12,0,7,0,1,1.00,1.14,2000,1.00,1.00
802,Jay,221,1,1,12,0,7,0,1,1.00,1.14,2000,1.00,1.00
804,Dana,257,1,1,12,0,7,0,1,1.00,1.14,2000,1.00,1.00
805,Cameron,262,1,1,12,0,7,0,1,1.00,1.14,2000,1.00,1.00
806,John,338,1,1,12,0,7,0,1,1.00,1.14,2000,1.00,1.00
807,Lisa,252,1,1,12,0,7,0,1,1.00,1.14,2000,1.00,1.00
808,Grik'nir the Cold,27505,5,5,2136,0,7,0,2,1.00,0.86,2000,1.00,1.00
810,Aaron,338,1,1,12,0,7,0,1,1.00,1.14,2000,1.00,1.00
811,Jose,221,1,1,12,0,7,0,1,1.00,1.14,2000,1.00,1.00
812,Alma Jainrose,1745,20,20,12,81,7,0,1,1.00,1.14,2000,1.00,1.00
822,Young Forest Bear,1006,8,9,44,0,1,0,1,1.00,0.86,2500,1.00,1.25
823,Deputy Willem,2072,18,18,12,3,7,0,1,1.00,1.14,1500,1.00,1.00
824,Defias Digger,2441,15,16,17,0,7,0,1,0.67,1.14,2000,1.00,1.00
829,Adlin Pridedrift,3388,5,5,55,384,7,0,1,1.00,1.14,1500,1.00,1.00
830,Sand Crawler,342,13,14,7,0,1,0,1,1.00,1.14,2000,1.00,1.00
831,Sea Crawler,979,15,16,7,0,1,0,1,1.00,1.14,2000,1.00,1.00
832,Dust Devil,5327,18,19,14,0,4,0,1,1.00,1.14,2000,1.00,1.00
833,Coyote Packleader,161,11,12,38,0,1,0,1,1.00,1.14,2000,1.00,1.00
834,Coyote,643,10,11,38,0,1,0,1,1.00,1.14,2000,1.00,1.00
836,Durnan Furcutter,3406,5,5,55,4227,7,0,1,1.00,1.14,1500,1.00,1.00
837,Branstock Khalder,3401,5,5,55,51,7,0,1,1.00,1.14,1500,1.00,1.00
841,Harl Cutter,3261,1,1,35,0,7,0,1,1.20,1.14,2000,1.00,1.00
842,Lumberjack,308,5,5,12,0,7,0,1,0.67,1.14,2000,1.00,1.00
843,Gina MacGregor,3260,15,15,12,128,7,0,1,1.00,1.14,1500,1.00,1.00
846,Rotten Ghoul,646,14,15,21,0,6,0,1,0.78,1.14,2000,1.00,1.00
847,Nathan,338,5,5,35,0,7,0,1,1.00,1.14,2000,1.00,1.00
848,Madison,257,5,5,35,0,7,0,1,1.00,1.14,2000,1.00,1.00
849,Rachel,252,3,3,35,0,7,0,1,1.00,1.14,2000,1.00,1.00
850,Erin,257,5,5,12,0,7,0,1,1.00,1.14,2000,1.00,1.00
851,Hannah,344,5,5,12,0,7,0,1,1.00,1.14,2000,1.00,1.00
852,Feral Spirit,647,15,15,92,0,10,0,1,1.20,1.14,2000,1.00,1.00
860,Pet Wolf,855,10,10,11,0,7,0,1,1.20,1.14,2000,1.00,1.00
880,Erlan Drudgemoor,3322,8,8,17,0,7,0,1,1.00,0.86,2600,1.00,1.00
881,Surena Caledon,3321,9,9,17,0,7,0,8,1.00,0.86,2000,1.00,1.00
883,Deer,347,5,5,31,0,8,0,1,1.00,0.86,2000,1.00,0.01
890,Fawn,654,1,1,31,0,8,0,1,1.00,0.86,2000,1.00,0.20
893,Lars,4329,18,18,12,2,7,0,1,1.00,1.14,1000,1.00,1.00
894,Homer Stonefield,3332,5,5,12,640,7,0,1,1.00,1.14,1500,1.00,1.00
895,Thorgas Grimson,3395,5,5,55,51,7,0,1,1.00,1.14,1500,1.00,1.00
896,Veldan Lightfoot,3339,10,10,12,4224,7,0,1,1.00,1.14,1500,1.00,1.00
904,[UNUSED] Regna Khurn,312,5,5,55,0,7,0,1,1.00,1.14,2000,1.00,1.00
906,Maximillian Crowe,3271,10,10,12,49,7,0,1,1.00,1.14,1500,1.00,1.00
911,Llane Beshere,3343,5,5,12,51,7,0,1,1.00,1.14,1500,1.00,1.00
912,Thran Khorman,3399,5,5,55,51,7,0,1,1.00,1.14,1500,1.00,1.00
913,Lyria Du Lac,1300,12,12,12,51,7,0,1,1.00,1.14,1500,1.00,1.00
915,Jorik Kerridan,3351,5,5,12,51,7,0,1,1.00,1.14,1500,1.00,1.00
916,Solm Hargrin,3407,5,5,55,51,7,0,1,1.00,1.14,2000,1.00,1.00
917,Keryn Sylvius,1297,11,11,12,51,7,0,1,1.00,1.14,2000,1.00,1.00
919,[UNUSED] [PH] Berail Spiritwhisper,375,5,5,12,0,7,0,1,1.00,1.14,2000,1.00,1.00
925,Brother Sammuel,3346,5,5,12,51,7,0,1,1.00,1.14,1500,1.00,1.00
926,Bromos Grummner,3393,5,5,55,51,7,0,1,1.00,1.14,1500,1.00,1.00
927,Brother Wilhelm,1299,11,11,11,51,7,0,1,1.00,1.14,1500,1.00,1.00
944,Marryk Nurribit,10216,5,5,875,51,7,0,1,1.00,1.14,1500,1.00,1.00
945,Rybrad Coldbank,3391,5,5,55,4224,7,0,1,1.00,1.14,1500,1.00,1.00
946,Frostmane Novice,27492,3,4,7,0,7,0,2,1.00,0.86,2000,1.00,1.00
953,Spawn Test One,351,15,15,58,0,7,0,1,1.00,1.14,2000,1.00,1.00
954,Kat Sampson,1842,17,17,55,4224,7,0,1,1.00,1.14,1500,1.00,1.00
955,Sergeant De Vries,3338,10,10,12,640,7,0,1,1.00,1.14,2000,1.00,1.00
959,Morley Eberlein,5012,10,10,12,4224,7,0,1,1.00,1.14,1500,1.00,1.00
963,Deputy Rainer,3279,10,10,12,3,7,0,1,1.00,1.14,2000,1.00,1.00
994,Nahr'ek da Howler,665,5,5,37,0,7,0,1,1.20,1.14,2000,1.00,1.00
995,Nahr'ek's Pack,447,3,4,37,0,1,0,1,1.20,1.14,2000,1.00,1.00
1000,Unkillable Test Dummy,2381,20,20,2000,0,7,0,1,1.00,1.14,2000,1.00,100.00
1001,Watcher Hutchins,2388,20,20,56,0,7,0,1,1.00,1.14,2000,1.00,1.00
1007,Mosshide Gnoll,3199,20,21,61,0,7,0,1,1.20,1.14,2000,1.00,1.02
1024,Bluegill Murloc,486,20,21,18,0,7,0,1,1.00,1.14,2000,1.00,1.02
1030,Black Slime,360,20,21,14,0,10,0,1,1.00,1.14,2000,1.00,1.02
1039,Fen Dweller,713,20,21,14,0,4,0,1,0.67,1.14,2000,1.00,1.02
1065,Riverpaw Shaman,204,12,13,20,0,7,0,2,1.00,1.14,2000,1.00,1.00
1067,Riverpaw Scavenger,10791,12,13,20,0,7,0,1,1.20,1.14,2000,1.00,1.00
1083,Murloc Shorestriker,1305,16,17,18,0,7,0,1,1.00,1.14,2000,1.00,1.00
1098,Watcher Merant,2394,20,20,56,0,7,0,1,1.00,1.14,2000,1.00,1.00
1099,Watcher Gelwin,2386,20,20,56,0,7,0,1,1.00,1.14,2000,1.00,1.00
1100,Watcher Selkin,2400,20,20,56,0,7,0,1,1.00,1.14,2000,1.00,1.00
1101,Watcher Thayer,2401,20,20,56,0,7,0,1,1.00,1.14,2000,1.00,1.00
1104,Grundel Harkin,3397,5,5,55,4224,7,0,1,1.00,1.14,1500,1.00,1.00
1105,Jern Hornhelm,1572,15,15,55,2,7,0,1,1.00,1.14,1500,1.00,1.00
1109,Fleshripper,2305,13,14,73,0,1,0,1,1.00,1.14,2000,1.00,1.00
1115,Rockjaw Skullthumper,726,8,9,59,0,7,0,1,1.00,0.86,2000,1.00,1.00
1116,Rockjaw Ambusher,726,9,10,59,0,7,0,1,1.00,0.86,2000,1.00,1.00
1117,Rockjaw Bonesnapper,726,9,10,59,0,7,0,1,1.00,1.14,2000,1.00,1.00
1118,Rockjaw Backbreaker,723,11,12,59,0,7,0,1,1.00,1.14,2500,1.00,1.00
1119,Hammerspine,830,12,12,59,0,7,4,1,1.00,1.14,2600,1.00,1.30
1120,Frostmane Troll,27500,7,8,37,0,7,0,1,1.00,0.86,2000,1.00,1.00
1121,Frostmane Snowstrider,27498,8,9,37,0,7,0,2,1.00,0.86,2000,1.00,1.00
1122,Frostmane Hideskinner,27490,9,10,37,0,7,0,1,1.00,0.86,2000,1.00,1.00
1123,Frostmane Headhunter,27464,8,9,37,0,7,0,1,1.00,0.86,2000,1.00,1.00
1124,Frostmane Shadowcaster,27496,9,10,37,0,7,0,8,1.00,0.86,2000,1.00,1.00
1125,Crag Boar,607,5,6,189,0,1,0,1,1.00,0.86,2000,1.00,1.00
1126,Large Crag Boar,381,6,7,189,0,1,0,1,1.00,0.86,2000,1.00,1.00
1127,Elder Crag Boar,744,7,8,189,0,1,0,1,1.00,0.86,2000,1.00,1.00
1128,Young Black Bear,8843,5,6,44,0,1,0,1,1.00,0.86,2000,1.00,1.20
1129,Black Bear,719,6,7,44,0,1,0,1,1.00,0.86,2500,1.00,1.20
1130,Bjarn,913,12,12,44,0,1,4,1,1.00,1.14,2000,1.00,1.00
1131,Winter Wolf,785,7,8,38,0,1,0,1,1.00,0.86,2000,1.00,1.00
1132,Timber,11422,10,10,38,0,1,4,1,1.00,1.14,2000,1.00,1.00
1133,Starving Winter Wolf,11416,8,9,38,0,1,0,1,1.00,0.86,2000,1.00,1.00
1134,Young Wendigo,929,5,6,24,0,7,0,1,1.00,0.86,2000,1.00,1.00
1135,Wendigo,950,6,7,24,0,7,0,1,1.00,0.86,2000,1.00,1.00
1137,Edan the Howler,931,9,9,24,0,7,4,1,1.00,0.86,2000,1.00,1.00
1138,Snow Tracker Wolf,604,6,7,38,0,1,0,1,1.00,0.86,2000,1.00,1.00
1139,Magistrate Bluntnose,1597,20,20,55,2,7,0,1,1.00,1.14,1500,1.00,1.00
1153,Torren Squarejaw,1656,15,15,55,0,7,0,1,1.00,1.14,1500,1.00,1.00
1154,Marek Ironheart,1596,15,15,55,3,7,0,1,1.00,1.14,1500,1.00,1.00
1155,Kelt Thomasin,1618,15,15,55,2,7,0,1,1.00,1.14,1500,1.00,1.00
1156,Vyrin Swiftwind,19826,15,15,371,3,7,0,1,1.00,1.14,1500,1.00,1.00
1161,Stonesplinter Trogg,763,11,12,59,0,7,0,1,1.00,1.14,2000,1.00,1.00
1162,Stonesplinter Scout,764,11,12,59,0,7,0,1,1.00,1.14,2000,1.00,1.00
1163,Stonesplinter Skullthumper,160,13,14,59,0,7,0,1,1.00,1.14,2000,1.00,1.00
1164,Stonesplinter Bonesnapper,722,15,16,59,0,7,0,1,1.00,1.14,2000,1.00,1.00
1165,Stonesplinter Geomancer,160,17,18,59,0,7,0,8,1.00,1.14,2000,1.00,1.00
1166,Stonesplinter Seer,764,13,14,59,0,7,0,2,1.00,1.14,2000,1.00,1.00
1167,Stonesplinter Digger,722,18,19,59,0,7,0,1,1.00,1.14,2000,1.00,1.00
1169,Dark Iron Insurgent,3456,18,19,54,0,7,0,1,1.00,1.14,2000,1.00,1.00
1171,Dark Iron Guerrilla,825,17,18,54,0,7,0,1,1.20,1.14,2000,1.00,1.00
1172,Tunnel Rat Vermin,10913,10,11,26,0,7,0,1,1.00,1.14,2000,1.00,1.00
1173,Tunnel Rat Scout,365,10,11,26,0,7,0,1,1.00,1.14,2000,1.00,1.00
1174,Tunnel Rat Geomancer,163,12,13,26,0,7,0,8,1.00,1.14,2000,1.00,1.00
1175,Tunnel Rat Digger,373,12,13,26,0,7,0,1,1.00,1.14,2000,1.00,1.00
1176,Tunnel Rat Forager,10912,11,12,26,0,7,0,1,1.00,1.14,2000,1.00,1.00
1177,Tunnel Rat Surveyor,2299,14,14,26,0,7,0,1,1.00,1.14,2000,1.00,1.00
1178,Mo'grosh Ogre,1122,18,19,45,0,7,0,1,1.00,1.14,2000,1.00,1.00
1179,Mo'grosh Enforcer,6692,18,19,45,0,7,0,2,1.00,1.14,2000,1.00,1.00
1180,Mo'grosh Brute,14403,19,20,45,0,7,0,1,1.00,1.14,3000,1.00,1.00
1181,Mo'grosh Shaman,1045,18,19,45,0,7,0,2,1.00,1.14,2000,1.00,1.00
1183,Mo'grosh Mystic,1052,19,20,45,0,7,0,2,1.00,1.14,2000,1.00,1.00
1184,Cliff Lurker,827,13,14,22,0,1,0,1,1.00,1.14,2000,1.00,1.00
1185,Wood Lurker,520,17,18,22,0,1,0,1,1.00,1.14,2000,1.00,1.00
1186,Elder Black Bear,707,11,12,44,0,1,0,1,1.00,1.14,2000,1.00,1.20
1187,Daryl the Youngling,1356,15,15,55,2,7,0,1,1.00,1.14,1500,1.00,1.00
1188,Grizzled Black Bear,762,13,14,44,0,1,0,1,1.00,1.14,2000,1.00,1.20
1189,Black Bear Patriarch,762,16,17,44,0,1,0,1,1.00,1.14,2000,1.00,1.20
1190,Mountain Boar,704,10,11,189,0,1,0,1,1.00,1.14,2000,1.00,1.00
1191,Mangy Mountain Boar,3027,14,15,189,0,1,0,1,1.00,1.14,2000,1.00,1.00
1192,Elder Mountain Boar,1208,16,17,189,0,1,0,1,1.00,1.14,2000,1.00,1.00
1193,Loch Frenzy,1004,12,13,1878,0,1,0,1,1.00,1.14,1100,1.00,1.00
1194,Mountain Buzzard,410,15,16,14,0,1,0,1,1.00,1.14,2000,1.00,1.00
1195,Forest Lurker,827,10,11,22,0,1,0,1,1.00,0.86,2000,1.00,1.00
1196,Ice Claw Bear,8840,7,8,44,0,1,0,1,1.00,0.86,2000,1.00,1.20
1197,Stonesplinter Shaman,763,15,16,59,0,7,0,2,1.00,1.14,2000,1.00,1.00
1198,Rallic Finn,5014,18,18,12,4480,7,0,1,1.00,1.14,2000,1.00,1.00
1199,Juvenile Snow Leopard,748,5,6,66,0,1,0,1,1.00,0.86,1500,1.00,1.00
1201,Snow Leopard,954,7,8,66,0,1,0,1,1.00,0.86,2000,1.00,1.00
1202,Tunnel Rat Kobold,26,11,12,26,0,7,0,1,1.00,1.14,2000,1.00,1.00
1205,Grawmug,1194,17,17,59,0,7,0,1,1.00,1.14,2000,1.00,1.00
1206,Gnasher,721,16,16,59,0,7,0,1,1.00,1.14,2000,1.00,1.00
1207,Brawler,721,16,16,59,0,7,0,1,1.00,1.14,2000,1.00,1.00
1211,Leper Gnome,6921,8,10,63,0,7,0,1,1.00,0.86,2000,1.00,1.00
1213,Godric Rothgar,3278,5,5,12,4224,7,0,1,1.00,1.14,2000,1.00,1.00
1214,Aldren Cordon,1821,18,18,55,4224,7,0,1,1.00,1.14,2000,1.00,1.00
1216,Shore Crawler,9570,17,18,7,0,1,0,1,1.00,1.14,2000,1.00,1.00
1218,Herbalist Pomeroy,3269,10,10,12,81,7,0,1,1.00,1.14,1500,1.00,1.00
1222,Dark Iron Sapper,870,17,17,54,0,7,0,1,1.00,1.14,2000,1.00,1.00
1224,Young Threshadon,867,19,20,16,0,1,0,1,1.00,1.14,2000,1.00,1.00
1225,Ol' Sooty,706,20,20,44,0,1,0,1,1.00,1.14,2000,1.00,1.00
1226,Maxan Anvol,3429,10,10,55,51,7,0,1,1.00,1.14,1500,1.00,1.00
1228,Magis Sparkmantle,10215,10,10,875,51,7,0,1,1.00,1.14,1500,1.00,1.00
1229,Granis Swiftaxe,3431,9,12,55,51,7,0,1,1.00,1.14,1500,1.00,1.00
1230,[UNUSED] Lexin Haze,278,10,10,12,0,7,0,1,1.00,1.14,2000,1.00,1.00
1231,Grif Wildheart,3558,8,9,55,51,7,0,1,1.00,1.14,1500,1.00,1.00
1232,Azar Stronghammer,1622,12,12,55,51,7,0,1,1.00,1.14,1500,1.00,1.00
1234,Hogral Bakkan,3436,12,12,55,51,7,0,1,1.00,1.14,2000,1.00,1.00
1235,[UNUSED] Maryann Grapefoot,312,5,5,55,0,7,0,1,1.00,1.14,2000,1.00,1.00
1236,Kobold Digger,373,12,13,26,0,7,0,1,1.00,1.14,2000,1.00,1.00
1237,Kazan Mogosh,3418,8,8,55,640,7,0,1,1.00,1.14,2000,1.00,1.00
1238,Gamili Frosthide,3420,9,9,55,4224,7,0,1,1.00,1.14,2000,1.00,1.00
1240,Boran Ironclink,3425,9,10,55,4224,7,0,1,1.00,1.14,2000,1.00,1.00
1243,Hegnar Rumbleshot,3412,8,12,55,4483,7,0,1,1.00,1.14,2000,1.00,1.00
1245,Kogan Forgestone,3513,9,10,57,0,7,0,1,1.00,1.14,2000,1.00,1.00
1249,Quartermaster Hudson,3337,10,10,12,4224,7,0,1,1.00,1.14,2000,1.00,1.00
1250,Drake Lindgren,3326,10,10,12,384,7,0,1,1.00,1.14,2000,1.00,1.00
1252,Senir Whitebeard,1376,8,12,55,2,7,0,1,1.00,1.14,1500,1.00,1.00
1253,Father Gavin,1616,15,15,794,2,7,0,1,1.00,1.14,1500,1.00,1.00
1254,Foreman Stonebrow,1569,12,12,55,2,7,0,1,1.00,1.14,1500,1.00,1.00
1255,Prospector Gehn,1623,11,11,55,2,7,0,1,1.00,1.14,1500,1.00,1.00
1256,Quarrymaster Thesten,3423,10,10,55,0,7,0,1,1.00,1.14,1500,1.00,1.00
1260,Great Father Arctikus,27504,11,11,37,0,7,4,2,1.00,1.14,2000,1.00,1.00
1261,Veron Amberstill,2790,10,10,55,131,7,0,1,1.00,1.14,2000,1.00,1.00
1263,Yarlyn Amberstill,1981,1,1,55,128,7,0,1,1.00,1.14,2000,1.00,1.00
1265,Rudra Amberstill,1651,10,10,55,2,7,0,1,1.00,1.14,2000,1.00,1.00
1266,Tundra MacGrann,1683,20,20,57,2,7,0,1,1.00,1.14,2000,1.00,1.00
1268,Ozzie Togglevolt,3441,10,10,875,2,7,0,1,1.00,1.14,2000,1.00,1.00
1269,Razzle Sprysprocket,3440,20,20,875,2,7,0,1,1.00,1.14,2000,1.00,1.00
1271,Old Icebeard,1050,11,11,16,0,7,1,1,1.00,1.14,2000,1.70,3.00
1273,Grawn Thromwyn,3417,10,10,55,4224,7,0,1,1.00,1.14,2000,1.00,1.00
1344,Prospector Ironband,3437,15,15,55,2,7,0,1,1.00,1.14,2000,1.00,1.00
1345,Magmar Fellhew,3432,15,15,55,2,7,0,1,1.00,1.14,2000,1.00,1.00
1352,Fluffy,328,1,1,35,0,8,0,1,1.00,0.86,2000,1.00,0.20
1354,Apprentice Soren,1396,3,3,55,0,7,0,1,1.00,1.14,1500,1.00,1.00
1355,Cook Ghilm,3416,8,8,55,80,7,0,1,1.00,1.14,2000,1.00,1.00
1358,Miner Grothor,3419,8,8,57,0,7,0,1,1.00,1.14,2000,1.00,1.00
1360,Miner Grumnal,3421,9,9,57,0,7,0,1,1.00,1.14,2000,1.00,1.00
1362,Gothor Brumn,1835,20,20,55,4224,7,0,1,1.00,1.14,2000,1.00,1.00
1365,Goli Krumn,14092,10,10,55,2,7,0,1,1.00,1.14,2000,1.00,1.00
1366,Adam,338,1,1,12,0,7,0,1,1.00,1.14,2000,1.00,1.00
1367,Billy,221,1,1,12,0,7,0,1,1.00,1.14,2000,1.00,1.00
1368,Justin,221,1,1,12,0,7,0,1,1.00,1.14,2000,1.00,1.00
1370,Brandon,338,1,1,12,0,7,0,1,1.00,1.14,2000,1.00,1.00
1371,Roman,262,1,1,12,0,7,0,1,1.00,1.14,2000,1.00,1.00
1373,Jarven Thunderbrew,3438,15,15,55,2,7,0,1,1.00,1.14,2000,1.00,1.00
1374,Rejold Barleybrew,3398,10,10,55,2,7,0,1,1.00,1.14,2000,1.00,1.00
1375,Marleth Barleybrew,3405,12,12,55,2,7,0,1,1.00,1.14,2000,1.00,1.00
1376,Beldin Steelgrill,3389,12,12,55,2,7,0,1,1.00,1.14,2000,1.00,1.00
1377,Pilot Stonegear,5106,20,20,55,2,7,0,1,1.00,1.14,2000,1.00,1.00
1378,Pilot Bellowfiz,5105,18,18,55,2,7,0,1,1.00,1.14,2000,1.00,1.00
1379,Miran,1417,15,15,1618,2,7,0,1,1.00,1.14,1500,1.00,2.00
1380,Saean,1657,10,10,35,0,7,0,1,1.00,1.14,2000,1.00,1.00
1388,Vagash,1050,11,11,24,0,7,0,1,1.00,1.14,2000,1.00,1.00
1393,Berserk Trogg,721,19,20,59,0,7,0,1,1.00,1.14,2000,1.00,1.00
1395,Ol' Beasley,1508,10,10,12,0,7,0,1,1.00,1.14,2000,1.00,1.00
1397,Frostmane Seer,27494,8,9,37,0,7,0,2,1.00,0.86,2000,1.00,1.00
1401,Test Squirrel,134,1,1,35,0,1,0,1,1.00,1.14,2000,1.00,1.00
1402,Topper McNabb,1438,1,1,12,0,7,0,1,1.00,1.14,2000,1.00,1.00
1405,Morris Lawry,1524,1,1,12,0,7,0,1,1.00,1.14,2000,1.00,1.00
1412,Squirrel,134,1,1,31,0,8,0,1,1.00,0.86,2000,4.60,0.20
1419,Fizzles,328,1,1,12,0,1,0,1,1.00,0.86,2000,1.00,0.20
1420,Toad,901,1,1,188,0,8,0,1,1.00,0.86,2000,7.50,0.20
1424,Master Digger,774,15,15,26,0,7,4,1,1.00,1.14,2000,1.00,1.00
1425,Grizlak,774,15,15,26,0,7,4,2,1.00,1.14,2000,1.00,1.00
1426,Riverpaw Miner,374,14,15,20,0,7,0,1,1.00,1.19,2000,1.00,1.00
1427,Harlan Bagley,5551,12,12,12,2,7,0,1,1.00,1.14,2000,1.00,1.00
1429,Thurman Schneider,221,2,2,12,2,7,0,1,1.00,1.14,2000,1.00,1.00
1430,Tomas,1293,10,10,12,81,7,0,1,1.00,1.14,2000,1.00,1.00
1433,Corbett Schneider,5550,5,5,12,0,7,0,1,1.00,1.14,2000,1.00,1.00
1437,Thomas Booker,3484,20,20,11,0,7,0,1,1.00,1.14,2000,1.00,1.00
1439,Lord Baurles K. Wishock,1758,10,10,12,2,7,0,1,1.00,1.14,2000,1.00,1.00
1440,Milton Sheaf,5553,15,15,12,2,7,0,1,1.00,1.14,1000,1.00,1.00
1445,Jesse Halloran,338,2,2,12,0,7,0,1,1.00,1.14,2000,1.00,1.00
1446,Regina Halloran,252,2,2,12,0,7,0,1,1.00,1.14,2000,1.00,1.00
1447,Gimlok Rumdnul,3640,2,2,55,0,7,0,1,1.00,1.14,2000,1.00,1.00
1448,Neal Allen,3459,20,20,11,384,7,0,1,1.00,1.14,2000,1.00,1.00
1455,[UNUSED] Grummar Thunk,3475,1,1,35,0,7,0,1,1.00,1.14,2000,1.00,1.02
1465,Drac Roughcut,1820,15,15,55,128,7,0,1,1.00,1.14,2000,1.00,1.00
1467,[UNUSED] [PH] Brawl Thunderpunch,2584,15,15,55,0,7,0,1,1.00,1.14,2000,1.00,1.00
1468,Kargh Steelspine,2584,15,15,55,0,7,0,1,1.20,1.14,2000,1.00,1.00
1469,Vrok Blunderblast,1847,15,15,55,4480,7,0,1,1.00,1.14,2000,1.00,1.00
1473,Kali Healtouch,1841,14,14,55,80,7,0,1,1.00,1.14,2000,1.00,1.00
1474,Rann Flamespinner,1846,15,15,55,128,7,0,1,1.00,1.14,2000,1.00,1.00
1476,Hargin Mundar,3491,20,20,57,0,7,0,1,1.00,1.14,2000,1.00,1.00
1479,Timothy Clark,3506,20,20,11,0,7,0,1,1.00,1.14,2000,1.00,1.00
1480,Caitlin Grassman,3486,20,20,12,0,7,0,1,1.00,1.14,2000,1.00,1.00
1481,Bart Tidewater,4429,20,20,12,0,7,0,1,1.00,1.14,2000,1.00,1.00
1482,Andrea Halloran,3485,20,20,11,0,7,0,1,1.00,1.14,2000,1.00,1.00
1483,Murphy West,2733,20,20,11,0,7,0,1,1.00,1.14,2000,1.00,1.00
1484,Derina Rumdnul,3489,20,20,55,0,7,0,1,1.00,1.14,2000,1.00,1.00
1499,Magistrate Sevren,3514,14,14,68,2,7,0,1,1.00,1.14,1000,1.00,1.00
1500,Coleman Farthing,3516,15,15,68,2,7,0,1,1.00,1.14,1500,1.00,1.00
1501,Mindless Zombie,10973,1,1,7,0,6,0,1,1.00,0.86,2000,1.00,1.00
1502,Wretched Ghoul,829,1,2,7,0,6,0,1,0.78,0.86,2000,1.00,1.00
1503,Wretched Zombie,987,1,2,7,0,7,0,1,0.78,1.14,2000,1.00,1.00
1504,Young Night Web Spider,513,2,3,7,0,1,0,1,1.00,0.86,2000,1.00,1.00
1505,Night Web Spider,539,3,4,7,0,1,0,1,1.00,0.86,2000,1.00,1.00
1506,Scarlet Convert,2403,3,3,7,0,7,0,1,1.00,0.86,2000,1.00,1.00
1507,Scarlet Initiate,2467,3,4,7,0,7,0,8,1.00,0.86,2000,1.00,1.00
1508,Young Scavenger,447,1,1,32,0,1,0,1,1.00,0.86,2000,1.00,1.00
1509,Ragged Scavenger,604,2,3,32,0,1,0,1,1.00,0.86,2000,1.00,1.00
1512,Duskbat,4732,1,2,7,0,1,0,1,1.00,0.86,2000,1.00,1.00
1513,Mangy Duskbat,9535,3,4,7,0,1,0,1,1.00,0.86,2000,1.00,1.00
1515,Executor Zygand,1649,14,14,68,2,6,0,1,1.00,1.39,2000,1.00,1.00
1518,Apothecary Johaan,1565,20,20,68,2,6,0,1,1.00,1.14,2000,1.00,1.00
1520,Rattlecage Soldier,200,6,7,21,0,6,0,1,0.89,0.86,2000,1.00,1.00
1521,Gretchen Dedmar,3515,8,8,68,2,7,0,1,1.00,1.14,2000,1.00,1.00
1522,Darkeye Bonecaster,11398,7,8,21,0,6,0,8,1.00,0.86,2000,1.00,1.00
1523,Cracked Skull Soldier,535,8,9,21,0,6,0,2,0.89,0.86,2000,1.00,1.00
1525,Rotting Dead,1200,5,6,21,0,6,0,1,1.00,0.86,2000,1.00,1.00
1526,Ravaged Corpse,1201,6,7,21,0,6,0,1,1.00,0.86,2000,1.00,1.00
1527,Hungering Dead,1202,7,8,21,0,6,0,1,1.00,0.86,2000,1.00,1.00
1528,Shambling Horror,1197,8,9,21,0,6,0,1,1.00,0.86,2000,1.00,1.00
1529,Bleeding Horror,1198,9,10,21,0,6,0,1,1.00,0.86,2000,1.00,1.00
1530,Rotting Ancestor,1196,10,11,21,0,6,0,1,1.00,1.14,2000,1.00,1.00
1531,Lost Soul,985,6,7,21,0,6,4,1,1.00,0.86,2000,1.00,1.00
1532,Wandering Spirit,3227,10,11,21,0,6,0,1,1.00,1.14,2000,1.00,1.00
1533,Tormented Spirit,9534,8,9,21,0,6,4,1,1.00,0.86,2000,1.00,1.20
1534,Wailing Ancestor,10752,9,10,21,0,6,0,1,1.00,0.86,2000,1.00,1.00
1535,Scarlet Warrior,2471,6,7,67,0,7,0,1,1.00,0.86,2000,1.00,1.00
1536,Scarlet Missionary,2468,7,8,67,0,7,0,2,1.00,0.86,2000,1.00,1.00
1537,Scarlet Zealot,2472,8,9,67,0,7,0,1,1.00,0.86,3000,1.00,1.00
1538,Scarlet Friar,2466,9,10,67,0,7,0,2,1.00,0.86,2000,1.00,1.00
1539,Scarlet Neophyte,2469,10,11,67,0,7,0,2,1.00,1.14,2000,1.00,1.00
1540,Scarlet Vanguard,2481,10,11,67,0,7,0,1,1.00,1.14,2000,1.00,1.00
1541,Vile Fin Murloc,527,6,7,18,0,7,0,1,1.00,0.86,2000,1.00,1.00
1543,Vile Fin Puddlejumper,441,7,8,18,0,7,0,1,1.00,1.14,2000,1.00,1.00
1544,Vile Fin Minor Oracle,1005,8,9,18,0,7,0,2,1.00,0.86,2000,1.00,1.00
1545,Vile Fin Muckdweller,346,9,10,18,0,7,0,1,1.00,0.86,2000,1.00,1.00
1546,[UNUSED] Kegnar Thraln,2584,8,40,55,0,7,0,1,1.00,1.14,2000,1.00,1.00
1547,Decrepit Darkhound,9021,5,6,38,0,3,0,1,1.00,0.86,2000,1.00,1.00
1548,Cursed Darkhound,9020,7,8,38,0,3,0,1,1.00,0.86,2000,1.00,1.00
1549,Ravenous Darkhound,3916,9,10,38,0,3,0,1,1.00,0.86,2000,1.00,1.00
1553,Greater Duskbat,4734,6,7,15,0,1,0,1,1.00,0.86,2000,1.00,1.00
1554,Vampiric Duskbat,8808,8,9,16,0,1,0,1,1.00,0.86,2000,1.00,1.00
1555,Vicious Night Web Spider,368,9,10,22,0,1,0,1,1.00,0.86,2000,1.00,1.00
1560,Yvette Farthing,3517,15,15,68,2,7,0,1,1.00,1.14,1500,1.00,1.00
1567,[UNUSED] Anson Phelps,3355,10,10,12,0,7,0,1,1.00,1.14,2000,1.00,1.00
1568,Undertaker Mordo,1582,5,5,68,2,7,0,1,1.00,1.14,1500,1.00,1.00
1569,Shadow Priest Sarvis,1584,5,5,68,3,7,0,1,1.00,1.14,1500,1.00,1.00
1570,Executor Arren,1583,5,5,68,2,7,0,1,1.00,1.14,2000,1.00,1.00
1576,Mage 10,198,10,10,7,0,7,0,1,1.20,1.14,2000,1.00,1.00
1577,Mage 15,198,15,15,7,0,7,0,1,1.20,1.14,2000,1.00,1.00
1578,Mage 20,198,20,20,7,0,7,0,1,1.20,1.14,2000,1.00,1.00
1581,Warlock 1,263,1,1,7,0,7,0,1,1.20,1.14,2000,1.00,1.00
1582,Warlock 5,263,5,5,7,0,7,0,1,1.20,1.14,2000,1.00,1.00
1583,Warlock 10,263,10,10,7,0,7,0,1,1.20,1.14,2000,1.00,1.00
1584,Warlock 15,263,15,15,7,0,7,0,1,1.20,1.14,2000,1.00,1.00
1585,Warlock 20,263,20,20,7,0,7,0,1,1.20,1.14,2000,1.00,1.00
1588,Shaman 1,314,1,1,7,0,7,0,1,1.20,1.14,2000,1.00,1.00
1589,Shaman 5,314,5,5,7,0,7,0,1,1.20,1.14,2000,1.00,1.00
1590,Shaman 10,314,10,10,7,0,7,0,1,1.20,1.14,2000,1.00,1.00
1591,Shaman 15,314,15,15,7,0,7,0,1,1.20,1.14,2000,1.00,1.00
1592,Shaman 20,314,20,20,7,0,7,0,1,1.20,1.14,2000,1.00,1.00
1595,Rogue 1,149,1,1,7,0,7,0,1,1.20,1.14,2000,1.00,1.00
1596,Rogue 5,149,5,5,7,0,7,0,1,1.20,1.14,2000,1.00,1.00
1597,Rogue 10,149,10,10,7,0,7,0,1,1.20,1.14,2000,1.00,1.00
1598,Rogue 15,149,15,15,7,0,7,0,1,1.20,1.14,2000,1.00,1.00
1599,Rogue 20,149,20,20,7,0,7,0,1,1.20,1.14,2000,1.00,1.00
1602,Paladin 1,3960,1,1,7,0,7,0,1,1.20,1.14,2000,1.00,1.00
1603,Paladin 5,282,5,5,7,0,7,0,1,1.20,1.14,2000,1.00,1.00
1604,Druid 1,467,1,1,7,0,3,0,1,1.20,1.14,2000,1.00,1.00
1605,Paladin 10,282,10,10,7,0,7,0,1,1.20,1.14,2000,1.00,1.00
1606,Paladin 15,282,15,15,7,0,7,0,1,1.20,1.14,2000,1.00,1.00
1607,Druid 5,467,5,5,7,0,3,0,1,1.20,1.14,2000,1.00,1.00
1608,Druid 10,467,10,10,7,0,3,0,1,1.20,1.14,2000,1.00,1.00
1609,Druid 15,467,15,15,7,0,3,0,1,1.20,1.14,2000,1.00,1.00
1613,Paladin 20,282,20,20,7,0,7,0,1,1.20,1.14,2000,1.00,1.00
1616,Druid 20,467,20,20,7,0,3,0,1,1.20,1.14,2000,1.00,1.00
1618,Hunter 1,240,1,1,7,0,7,0,1,1.20,1.14,2000,1.00,1.00
1620,Hunter 5,240,5,5,7,0,7,0,1,1.20,1.14,2000,1.00,1.00
1621,Hunter 10,240,10,10,7,0,7,0,1,1.20,1.14,2000,1.00,1.00
1622,Priest 1,190,1,1,7,0,7,0,1,1.20,1.14,2000,1.00,1.00
1623,Hunter 15,240,15,15,7,0,7,0,1,1.20,1.14,2000,1.00,1.00
1624,Priest 5,190,5,5,7,0,7,0,1,1.20,1.14,2000,1.00,1.00
1625,Hunter 20,240,20,20,7,0,7,0,1,1.20,1.14,2000,1.00,1.00
1626,Priest 10,190,10,10,7,0,7,0,1,1.20,1.14,2000,1.00,1.00
1627,Priest 15,190,15,15,7,0,7,0,1,1.20,1.14,2000,1.00,1.00
1629,Priest 20,190,20,20,7,0,7,0,1,1.20,1.14,2000,1.00,1.00
1635,Warrior 1,143,1,1,7,0,2,0,1,1.20,1.14,2000,1.00,1.00
1636,Warrior 5,143,5,5,7,0,2,0,1,1.20,1.14,2000,1.00,1.00
1637,Warrior 10,143,10,10,7,0,2,0,1,1.20,1.14,2000,1.00,1.00
1638,Warrior 15,143,15,15,7,0,2,0,1,1.20,1.14,2000,1.00,1.00
1639,Warrior 20,143,20,20,7,0,2,0,1,1.20,1.14,2000,1.00,1.00
1645,Quartermaster Hicks,3336,10,10,12,4224,7,0,1,1.00,1.14,2000,1.00,1.00
1649,UNUSED Jordan Croft,3318,1,1,875,0,7,0,1,1.00,1.14,2000,1.00,1.30
1650,Terry Palin,5032,11,11,12,128,7,0,1,1.00,1.14,1500,1.00,1.00
1651,Lee Brown,3272,8,8,12,81,7,0,1,1.00,1.14,1500,1.00,1.00
1654,Gregor Agamand,646,10,10,21,0,6,0,1,0.78,0.86,2000,1.00,1.00
1655,Nissa Agamand,10702,10,10,21,0,6,0,1,1.00,0.86,2000,1.00,1.00
1656,Thurman Agamand,1196,10,10,21,0,6,0,1,1.00,0.86,2000,1.00,1.00
1657,Devlin Agamand,11399,9,9,21,0,6,0,1,1.00,0.86,2000,1.00,1.00
1658,Captain Dargol,733,13,13,21,0,6,0,1,0.89,1.14,2000,1.00,1.00
1659,[UNUSED] Coleman Mills,1027,10,10,68,0,7,0,1,1.00,1.14,2000,1.00,1.00
1660,Scarlet Bodyguard,3144,8,8,67,0,7,0,1,1.00,1.14,2000,1.00,1.00
1661,Novice Elreth,1593,3,3,68,2,7,0,1,1.00,1.14,2000,1.00,1.00
1662,Captain Perrine,1738,9,9,67,0,7,0,1,1.00,0.86,2000,1.00,1.00
1664,Captain Vachon,1737,11,11,67,0,7,0,1,1.00,1.14,2000,1.00,1.00
1665,Captain Melrache,1739,12,12,67,0,7,0,1,1.00,1.14,3000,1.00,1.00
1667,Meven Korgal,3531,5,5,7,0,7,0,1,1.00,0.86,2000,1.00,1.00
1668,William MacGregor,3259,15,15,12,4480,7,0,1,1.00,1.14,1500,1.00,1.00
1669,Defias Profiteer,4423,20,20,35,4224,7,0,1,1.00,1.14,1500,1.00,1.00
1670,Mike Miller,3262,20,20,12,640,7,0,1,1.00,1.14,1500,1.00,1.00
1672,Lohgan Eva,221,5,5,12,128,7,0,1,1.00,1.14,1000,1.00,1.00
1673,Alyssa Eva,257,7,7,12,2176,7,0,1,1.00,1.14,1000,1.00,1.00
1674,Rot Hide Gnoll,10852,6,7,70,0,6,0,1,1.20,0.86,2000,1.00,1.00
1675,Rot Hide Mongrel,847,7,8,70,0,6,0,1,1.00,0.86,2000,1.00,1.00
1677,[UNUSED] Curtis Ashlock,3374,10,10,12,0,7,0,1,1.00,1.14,2000,1.00,1.00
1678,Vernon Hale,3361,10,10,12,640,7,0,1,1.00,1.14,2000,1.00,1.00
1680,Matthew Hooper,3362,10,10,12,81,7,0,1,1.00,1.14,2000,1.00,1.00
1681,Brock Stoneseeker,1822,15,15,55,83,7,0,1,1.00,1.14,2000,1.00,1.00
1682,Yanni Stoutheart,1850,15,15,55,384,7,0,1,1.00,1.14,2000,1.00,1.00
1683,Warg Deepwater,1848,15,15,55,81,7,0,1,1.00,1.14,2000,1.00,1.00
1684,Khara Deepwater,1843,15,15,55,640,7,0,1,1.00,1.14,2000,1.00,1.00
1685,Xandar Goodbeard,1849,15,15,55,384,7,0,1,1.00,1.14,2000,1.00,1.00
1686,Irene Sureshot,1839,15,15,55,4224,7,0,1,1.00,1.14,2000,1.00,1.00
1687,Cliff Hadin,1823,15,15,55,4480,7,0,1,1.00,1.14,2000,1.00,1.00
1688,Night Web Matriarch,368,5,5,7,0,1,0,1,1.00,0.86,2000,1.00,1.00
1689,Scarred Crag Boar,193,9,10,189,0,1,0,1,1.00,0.86,2000,1.00,1.00
1691,Kreg Bilmn,3430,10,10,55,384,7,0,1,1.00,1.14,2000,1.00,1.00
1692,Golorn Frostbeard,3414,10,10,55,128,7,0,1,1.00,1.14,2000,1.00,1.00
1693,Loch Crocolisk,1034,14,15,14,0,1,0,1,1.00,1.14,2000,1.00,1.00
1694,Loslor Rudge,3392,10,10,55,131,7,0,1,1.00,1.14,2000,1.00,1.00
1697,Keeg Gibn,3409,10,10,55,640,7,0,1,1.00,1.14,2000,1.00,1.00
1698,Frast Dokner,3426,10,10,55,4224,7,0,1,1.00,1.14,2000,1.00,1.00
1699,Gremlock Pilsnor,3435,10,10,55,81,7,0,1,1.00,1.14,2000,1.00,1.00
1700,Paxton Ganter,3400,10,10,55,80,7,0,1,1.00,1.14,2000,1.00,1.00
1701,Dank Drizzlecut,3424,10,10,55,81,7,0,1,1.00,1.14,2000,1.00,1.00
1718,Rockjaw Raider,730,3,4,59,0,7,0,1,1.00,0.86,2000,1.00,1.00
1721,Nikova Raskol,1815,5,5,12,2,7,0,1,1.00,1.14,2000,1.00,1.00
1722,Andr'e,1510,5,5,73,0,7,0,1,0.93,1.14,2000,1.00,1.00
1723,Stormwind Citizen,213,5,5,12,0,7,0,1,0.93,1.14,2000,1.00,1.00
1724,Stormwind Citizen Masculine,22,5,5,12,0,7,0,1,0.93,1.14,2000,1.00,1.00
1725,Defias Watchman,184,15,17,17,0,7,0,1,1.00,1.14,2000,1.70,1.00
1726,Defias Magician,2321,16,17,17,0,7,0,8,1.00,1.14,2000,1.00,1.00
1727,Defias Worker,341,16,17,17,0,7,0,1,0.67,1.14,2000,1.00,1.00
1729,Defias Evoker,2318,17,18,17,0,7,1,8,1.00,1.14,2000,1.70,3.00
1730,Goblin Buzzcutter,1303,19,19,17,0,7,1,1,1.20,1.14,2000,1.70,3.00
1731,Goblin Craftsman,7110,18,19,17,0,7,1,1,1.00,1.14,2000,1.70,3.00
1732,Defias Squallshaper,2349,19,19,17,0,7,1,8,1.00,1.14,2000,1.70,3.00
1733,Zggi,4449,5,5,12,2,3,0,1,1.00,1.14,2000,1.00,1.00
1740,Deathguard Saltain,3523,7,7,83,2,7,0,1,1.00,1.43,2000,1.00,2.00
1747,Anduin Wrynn,31201,5,5,12,1,7,0,1,1.00,1.14,2000,1.00,1.00
1753,Maggot Eye,848,10,10,70,0,6,0,1,1.00,1.19,3000,1.00,1.00
1757,Mega Rabbit,328,1,1,31,0,1,0,1,1.20,1.14,2000,1.00,0.20
1758,Warlock (TEST),278,20,20,16,0,7,1,1,1.00,1.14,2000,7.50,2.00
1759,Mage (TEST),198,20,20,16,0,7,1,1,1.00,1.14,2000,7.50,2.00
1760,Warrior (TEST),282,20,20,16,0,7,0,1,1.00,1.14,2000,1.00,2.00
1761,Priest (TEST),190,20,20,16,0,7,1,1,1.00,1.14,2000,7.50,2.00
1762,Rogue (TEST),149,20,20,16,0,7,1,1,1.00,1.14,2000,7.50,2.00
1763,Gilnid,7124,20,20,17,0,7,1,1,1.00,1.14,2000,1.70,6.00
1765,Worg,11421,10,11,38,0,1,0,1,1.00,1.14,2000,1.00,1.00
1766,Mottled Worg,246,11,12,38,0,1,0,1,1.00,1.14,2000,1.00,1.00
1767,Vile Fin Shredder,441,12,13,18,0,7,0,1,1.00,1.14,2000,1.00,1.00
1768,Vile Fin Tidehunter,346,13,14,18,0,7,0,2,1.00,1.14,2000,1.00,1.00
1769,Moonrage Whitescalp,11180,10,11,24,0,7,0,2,1.00,1.14,2000,1.00,1.00
1770,Moonrage Darkrunner,729,11,12,24,0,7,0,1,1.00,1.43,1500,1.00,1.00
1772,Rot Hide Gladerunner,848,11,12,70,0,6,0,1,1.00,1.19,2000,1.00,1.00
1773,Rot Hide Mystic,10854,12,13,70,0,6,0,2,1.00,1.14,2000,1.00,1.00
1777,Dakk Blunderblast,1851,15,15,57,0,7,0,1,1.00,1.14,2000,1.00,1.00
1778,Ferocious Grizzled Bear,1006,11,12,44,0,1,0,1,1.00,1.14,2000,1.00,1.20
1779,Moonrage Glutton,1947,12,13,24,0,7,0,1,1.00,1.14,2000,1.00,1.00
1780,Moss Stalker,827,12,13,22,0,1,0,1,1.00,1.14,2000,1.00,1.00
1781,Mist Creeper,760,13,14,22,0,1,0,1,1.00,1.14,2000,1.00,1.00
1782,Moonrage Darksoul,574,13,14,24,0,7,0,1,1.00,1.14,2000,1.00,1.00
1797,Giant Grizzled Bear,820,12,13,44,0,1,0,1,1.00,1.14,2000,1.00,1.20
1857,Pissed Vendor,214,5,5,41,0,7,0,1,1.20,1.14,2000,1.00,1.00
1858,Pissed not a Vendor,214,5,5,41,0,7,0,1,1.20,1.14,2000,1.00,1.00
1859,[UNUSED] Nyein Longwind,224,4,7,55,0,7,0,1,1.00,1.14,2000,1.00,1.00
1865,Ravenclaw Raider,732,12,13,21,0,6,0,1,0.89,1.14,2000,1.00,1.00
1866,Ravenclaw Slave,829,11,12,21,0,6,0,1,0.78,1.14,2000,1.00,1.00
1867,Dalaran Apprentice,3767,13,14,76,0,7,0,8,1.00,1.14,2000,1.00,1.00
1868,Ravenclaw Servant,828,13,14,21,0,6,0,2,0.78,1.14,2000,1.00,1.00
1869,Ravenclaw Champion,732,14,15,21,0,6,0,1,0.89,1.14,2700,1.00,1.00
1870,Hand of Ravenclaw,732,15,16,21,0,6,0,1,0.89,1.14,2000,1.00,1.00
1872,Tharek Blackstone,3415,12,12,55,2,7,0,1,1.00,1.14,2000,1.00,1.00
1879,Noma Bluntnose,1852,15,15,57,0,7,0,1,1.20,1.14,2000,1.00,1.00
1880,Berte,338,1,1,35,0,7,0,1,0.91,1.14,2000,1.00,1.00
1881,Evalyn,257,1,1,35,0,7,0,1,1.20,1.14,2000,1.00,1.00
1888,Dalaran Watcher,3566,18,19,76,0,7,0,8,1.00,1.14,2000,1.00,1.00
1889,Dalaran Wizard,3585,19,20,76,0,7,0,8,1.00,1.14,2000,1.00,1.00
1890,Rattlecage Skeleton,11400,2,3,7,0,6,0,1,1.00,0.86,2000,1.00,1.00
1891,Pyrewood Watcher,2565,13,14,123,0,7,0,1,1.00,1.14,2000,1.00,1.00
1892,Moonrage Watcher,574,13,14,24,0,7,0,1,1.00,1.14,2000,1.00,1.00
1893,Moonrage Sentry,564,14,15,24,0,7,0,1,1.00,1.14,2000,1.00,1.00
1894,Pyrewood Sentry,3551,14,15,123,0,7,0,1,1.00,1.14,2000,1.00,1.00
1895,Pyrewood Elder,2535,14,15,123,0,7,0,2,1.00,1.14,2000,1.00,1.00
1896,Moonrage Elder,729,14,15,24,0,7,0,2,1.00,1.14,2000,1.00,1.00
1897,Scourge Necromancer,2582,1,1,21,0,7,1,1,1.27,1.14,2000,7.50,1.00
1908,Vile Fin Oracle,540,19,20,18,0,7,0,2,1.00,1.14,2000,1.00,1.00
1909,Vile Fin Lakestalker,757,18,19,18,0,7,0,2,1.00,1.14,2000,1.00,1.00
1910,Muad,2597,10,10,18,0,7,4,2,1.00,0.86,2000,1.00,1.00
1911,Deeb,1994,12,12,18,0,7,4,2,1.00,1.14,2000,1.00,1.00
1912,Dalaran Protector,3602,14,15,76,0,7,0,1,1.00,1.14,2000,1.00,1.00
1913,Dalaran Warder,3592,16,17,76,0,7,0,1,1.00,1.14,2000,1.00,1.00
1914,Dalaran Mage,3559,15,16,76,0,7,0,8,1.00,1.14,2000,1.00,1.00
1915,Dalaran Conjuror,3581,17,18,76,0,7,0,8,1.00,1.14,2000,1.00,1.00
1916,Stephen Bhartec,11405,2,3,7,0,6,0,1,1.00,0.86,2000,1.00,1.00
1917,Daniel Ulfman,3668,2,3,7,0,6,0,1,1.00,0.86,2000,1.00,1.00
1918,Karrel Grayves,569,2,3,7,0,6,0,1,0.78,0.86,2000,1.00,1.00
1919,Samuel Fipps,10977,5,5,7,0,6,0,1,1.00,0.86,2000,1.00,1.00
1921,Combat Dummy,3019,1,1,168,0,9,0,1,1.00,1.00,2000,1.00,1.00
1922,Gray Forest Wolf,380,7,8,38,0,1,0,1,1.00,0.86,1700,1.00,1.00
1923,Bloodsnout Worg,741,16,17,38,0,1,0,1,1.00,1.14,2000,1.00,1.00
1924,Moonrage Bloodhowler,574,15,16,24,0,7,0,1,1.00,1.14,2000,1.00,1.00
1925,Heat Miser,363,20,20,7,0,2,0,1,1.20,1.14,2000,1.00,1.00
1926,Snow Miser,196,20,20,7,0,2,0,1,1.20,1.14,2000,1.00,1.00
1927,Good Miser,182,20,20,7,0,2,0,1,1.20,1.14,2000,1.00,1.00
1928,Bad Miser,177,20,20,7,0,2,0,1,1.20,1.14,2000,1.00,1.00
1929,Earth Miser,332,20,20,7,0,2,0,1,1.20,1.14,2000,1.00,1.00
1930,Steel Miser,171,20,20,7,0,2,0,1,1.20,1.14,2000,1.00,1.00
1931,Captured Scarlet Zealot,11428,9,9,68,2,7,0,1,1.00,1.14,2000,1.00,1.00
1932,Black Sheep,857,1,1,31,0,8,0,1,1.00,0.86,2000,1.00,0.01
1933,Sheep,856,3,3,31,0,8,0,1,1.00,0.86,2000,1.00,0.20
1934,Tirisfal Farmer,3532,6,7,67,0,7,0,1,1.00,0.86,3200,1.00,1.00
1935,Tirisfal Farmhand,3534,5,6,67,0,7,0,1,1.00,0.86,3200,1.00,1.00
1936,Farmer Solliden,3535,8,8,67,0,7,4,1,1.00,0.86,2000,1.00,1.00
1937,Apothecary Renferrel,1661,14,14,68,2,7,0,1,1.00,1.14,2000,1.00,1.00
1939,Rot Hide Brute,10851,16,17,70,0,6,0,1,1.20,1.14,2000,1.00,1.00
1940,Rot Hide Plague Weaver,10855,17,18,70,0,6,0,2,1.00,1.14,2000,1.00,1.00
1941,Rot Hide Graverobber,10853,6,7,70,0,6,0,1,1.00,0.86,2000,1.00,1.00
1942,Rot Hide Savage,858,18,19,70,0,6,0,1,1.00,1.19,2000,1.00,1.00
1943,Raging Rot Hide,10856,18,19,70,0,6,0,1,1.20,1.14,1500,1.00,1.00
1946,Lillith Nefara,10772,12,12,14,0,6,0,1,1.11,1.14,2000,1.00,1.00
1947,Thule Ravenclaw,4430,20,20,70,0,7,0,8,1.00,1.14,2000,1.00,1.00
1949,Servant of Azora,5015,8,9,12,0,7,0,1,1.00,1.14,2000,1.00,1.00
1950,Rane Yorick,3540,15,15,68,2,7,0,1,1.00,1.14,2000,1.00,1.00
1951,Quinn Yorick,3541,14,14,68,2,7,0,1,1.00,1.14,2000,1.00,1.00
1953,Lake Skulker,863,15,16,14,0,4,0,1,0.67,1.14,2000,1.00,1.00
1954,Elder Lake Skulker,9009,16,17,14,0,4,0,2,0.67,1.14,2000,1.00,1.00
1955,Lake Creeper,2567,17,18,14,0,4,0,1,0.67,1.14,2000,1.00,1.00
1956,Elder Lake Creeper,631,18,19,14,0,4,0,1,0.67,1.14,2000,1.00,1.00
1957,Vile Fin Shorecreeper,1994,16,17,18,0,7,0,1,1.00,1.14,2000,1.00,1.00
1958,Vile Fin Tidecaller,2597,17,18,18,0,7,0,2,1.00,1.14,2000,1.00,1.00
1959,Mountaineer Barleybrew,1891,20,20,57,2,7,0,1,1.00,1.14,2000,1.00,1.50
1960,Pilot Hammerfoot,5131,17,17,55,2,7,0,1,1.00,1.14,2000,1.00,1.00
1961,Mangeclaw,913,11,11,44,0,1,0,1,1.00,1.14,2000,1.00,1.00
1963,Vidra Hearthstove,1404,10,10,55,2,7,0,1,1.00,1.14,1500,1.00,1.00
1965,Mountaineer Thalos,1567,15,15,55,2,7,0,1,1.00,1.14,2000,1.00,1.00
1971,Ivar the Foul,1065,13,13,21,0,6,0,1,0.78,1.14,2000,1.00,1.00
1972,Grimson the Pale,564,15,15,24,0,7,0,1,1.00,1.14,2000,1.00,1.00
1973,Ravenclaw Guardian,370,20,21,21,0,6,0,1,0.89,1.14,2000,1.00,1.02
1974,Ravenclaw Drudger,828,19,20,21,0,6,0,1,0.78,1.14,2000,1.00,1.00
1975,Eastvale Lumberjack,5034,7,8,11,0,7,0,1,1.00,1.14,2000,1.00,1.00
1978,Deathstalker Erland,2684,11,11,98,2,7,0,1,1.00,1.14,2000,1.00,1.00
1979,TEST WOLF (ALPHA FIRST),868,2,2,32,0,1,0,1,1.00,1.14,2000,1.00,1.00
1980,TEST WOLF (ALPHA SECOND),869,2,2,32,0,1,0,1,1.00,1.14,2000,1.00,1.00
1981,Dark Iron Ambusher,3452,10,10,54,0,7,0,1,1.00,0.86,2000,1.00,1.00
1983,Nightlash,915,14,14,70,0,6,0,1,1.00,1.14,2000,1.00,1.00
1984,Young Thistle Boar,8869,1,2,189,0,1,0,1,1.00,0.86,2000,1.00,1.00
1985,Thistle Boar,389,2,3,189,0,1,0,1,1.00,0.86,2000,1.00,1.00
1986,Webwood Spider,709,3,4,7,0,1,0,1,1.00,0.86,2000,1.00,1.00
1987,Webwood Creeper UNUSED,759,3,4,22,0,1,0,1,1.00,1.14,2000,1.00,1.00
1988,Grell,6806,2,3,189,0,3,0,1,1.00,0.86,2000,1.00,1.00
1989,Grellkin,3023,3,4,189,0,3,0,1,1.00,0.86,2000,1.00,1.00
1990,Gremlin,10818,3,4,189,0,7,0,1,1.00,0.86,2000,1.00,1.00
1991,Jaxil Rye,568,5,5,7,0,7,0,1,1.00,0.86,2000,1.00,1.00
1992,Tarindrella,10034,7,7,80,2,7,0,1,1.00,1.14,2000,1.00,1.00
1993,Greenpaw,6819,10,10,82,0,7,0,2,0.67,0.86,2000,1.00,1.00
1994,Githyiss the Vile,759,5,5,7,0,1,0,1,1.00,0.86,2000,1.00,1.00
1995,Strigid Owl,10832,5,6,15,0,1,0,1,1.00,1.43,2000,1.00,1.00
1996,Strigid Screecher,4877,7,8,15,0,1,0,1,1.00,1.43,2000,1.00,1.00
1997,Strigid Hunter,10830,8,9,15,0,1,0,1,1.00,1.43,2000,1.00,1.00
1998,Webwood Lurker,760,5,6,22,0,1,0,1,1.00,0.86,2000,1.00,1.00
1999,Webwood Venomfang,759,7,8,22,0,1,0,1,1.00,0.86,2000,1.00,1.00
2000,Webwood Silkspinner,1989,8,9,22,0,1,0,1,1.00,0.86,2000,1.00,1.00
2001,Giant Webwood Spider,6808,10,11,22,0,1,0,1,1.00,1.14,2000,1.00,1.00
2002,Rascal Sprite,3023,5,6,90,0,3,0,2,1.00,0.86,2000,1.00,1.00
2003,Shadow Sprite,6809,5,6,90,0,3,0,2,1.00,0.86,2000,1.00,1.00
2004,Dark Sprite,568,6,7,90,0,3,0,1,1.00,0.86,2000,1.00,1.00
2005,Vicious Grell,6811,7,7,90,0,3,0,1,1.00,0.86,2000,1.00,1.00
2006,Gnarlpine Ursa,6798,5,6,82,0,7,0,1,0.67,0.86,2000,1.00,1.00
2007,Gnarlpine Gardener,6799,5,6,82,0,7,0,1,0.67,0.86,2000,1.00,1.00
2008,Gnarlpine Warrior,6800,6,7,82,0,7,0,1,0.67,0.86,2000,1.00,1.00
2009,Gnarlpine Shaman,897,7,8,82,0,7,0,2,0.67,0.86,2000,1.00,1.00
2010,Gnarlpine Defender,6801,7,8,82,0,7,0,1,0.67,0.86,2000,1.00,1.00
2011,Gnarlpine Augur,3024,8,9,82,0,7,0,2,0.67,0.86,2000,1.00,1.00
2012,Gnarlpine Pathfinder,6802,9,10,82,0,7,0,2,0.67,0.86,2000,1.00,1.00
2013,Gnarlpine Avenger,6803,9,10,82,0,7,0,1,0.67,0.86,2000,1.00,1.00
2014,Gnarlpine Totemic,936,10,11,82,0,7,0,2,0.67,0.99,2000,1.00,1.00
2015,Bloodfeather Harpy,3021,8,9,514,0,7,0,1,1.39,0.86,2000,1.00,1.00
2017,Bloodfeather Rogue,6812,8,9,514,0,7,0,1,1.39,0.86,1200,1.00,1.00
2018,Bloodfeather Sorceress,2296,9,9,514,0,7,0,8,1.39,0.86,2000,1.00,1.00
2019,Bloodfeather Fury,3022,9,10,514,0,7,0,1,1.39,0.86,2000,1.00,1.00
2020,Bloodfeather Wind Witch,10869,9,10,514,0,7,0,1,1.39,0.86,2000,1.00,1.00
2021,Bloodfeather Matriarch,6813,11,11,514,0,7,0,2,1.39,1.14,2000,1.00,1.00
2022,Timberling,3033,5,6,14,0,4,0,1,0.67,0.86,2000,1.00,1.00
2025,Timberling Bark Ripper,6817,7,8,14,0,4,0,1,0.67,0.86,2000,1.00,1.00
2027,Timberling Trampler,3034,8,9,14,0,4,0,1,0.67,0.86,2000,1.00,1.00
2029,Timberling Mire Beast,863,9,10,14,0,4,0,1,0.67,0.86,2000,1.00,1.00
2030,Elder Timberling,3032,10,11,14,0,4,0,2,0.67,1.14,2000,1.00,1.00
2031,Young Nightsaber,11454,1,1,7,0,1,0,1,1.00,0.86,2000,1.00,1.00
2032,Mangy Nightsaber,18416,2,2,7,0,1,0,1,1.00,0.86,2000,1.00,1.00
2033,Elder Nightsaber,3030,8,9,66,0,1,0,1,1.00,1.14,1400,1.00,1.00
2034,Feral Nightsaber,3030,10,11,66,0,1,0,1,1.00,1.43,1500,1.00,1.00
2038,Lord Melenas,1013,8,8,90,0,3,0,2,1.00,0.86,2000,1.00,1.00
2039,Ursal the Mauler,6818,12,12,82,0,7,0,1,0.67,0.99,2000,1.00,1.00
2040,Haggatha the Crone,2163,12,12,514,0,7,0,1,1.20,1.14,2000,1.00,1.00
2042,Nightsaber,6805,5,6,66,0,1,0,1,1.00,1.14,1400,1.00,1.00
2043,Nightsaber Stalker,14318,7,8,66,0,1,0,1,1.00,1.14,1400,1.00,1.00
2045,Gunther's Minion,7846,8,8,78,0,6,0,1,1.00,0.86,2000,1.00,1.00
2046,Andrew Krighton,3340,8,8,12,4224,7,0,1,1.00,1.14,2000,1.00,1.00
2050,Raleigh Andrean,4011,14,14,68,2,7,0,1,1.00,1.14,1000,1.00,1.00
2052,Nag,908,1,1,35,0,1,0,1,0.91,1.14,2000,1.00,1.00
2053,Haggard Refugee,3553,18,19,123,0,7,0,1,1.00,1.14,2000,1.00,1.00
2054,Sickly Refugee,3554,19,20,123,0,7,0,2,1.00,1.14,2000,1.00,1.00
2057,Huldar,1416,15,15,57,3,7,0,1,1.00,1.14,1500,1.00,1.00
2058,Deathstalker Faerleia,1679,18,18,68,2,7,0,1,1.00,1.14,2000,1.00,3.00
2060,Councilman Smithers,3557,12,12,123,0,7,0,8,1.00,1.14,2000,1.00,1.00
2061,Councilman Thatcher,3563,13,13,123,0,7,0,1,1.00,1.14,2000,1.00,1.00
2062,Councilman Hendricks,3565,13,13,123,0,7,0,1,1.00,1.14,2000,1.00,1.00
2063,Councilman Wilhelm,3577,13,13,123,0,7,0,1,1.00,1.14,2000,1.00,1.00
2064,Councilman Hartin,3570,13,13,123,0,7,0,1,1.00,1.14,2000,1.00,1.00
2065,Councilman Cooper,3578,13,13,123,0,7,0,1,1.00,1.14,2000,1.00,1.00
2066,Councilman Higarth,3574,13,13,123,0,7,0,1,1.00,1.14,2000,1.00,1.00
2067,Councilman Brunswick,3576,13,13,123,0,7,0,1,1.00,1.14,2000,1.00,1.00
2068,Lord Mayor Morrison,3575,15,15,123,0,7,0,1,1.00,1.14,2000,1.00,1.00
2069,Moonstalker,321,14,15,14,0,1,0,1,1.00,1.43,1300,1.00,1.00
2070,Moonstalker Runt,11449,10,11,14,0,1,0,1,1.00,1.43,1300,1.00,1.00
2071,Moonstalker Matriarch,3031,19,20,14,0,1,0,1,1.00,1.43,1300,1.00,1.00
2077,Melithar Staghelm,4237,5,5,80,2,7,0,1,1.00,1.14,2000,1.00,1.00
2078,Athridas Bearmantle,1896,11,11,80,2,7,0,1,1.00,1.14,2000,1.00,1.00
2079,Conservator Ilthalaine,1285,4,4,80,3,7,0,1,1.00,1.14,2000,1.00,1.00
2080,Denalan,2484,11,11,80,2,7,0,1,1.00,1.14,1500,1.00,1.00
2081,Sentinel Kyra Starsong,1682,12,12,80,2,7,0,1,1.00,1.14,1000,1.00,1.00
2082,Gilshalan Windwalker,2458,9,9,80,2,7,0,1,1.00,1.14,1500,1.00,1.00
2083,Syral Bladeleaf,2459,12,12,80,2,7,0,1,1.00,1.14,1500,1.00,1.00
2087,[UNUSED] Ambermill Citizen,309,1,1,76,0,7,0,1,1.00,1.14,2000,1.00,1.00
2093,Einar Stonegrip,1409,20,20,55,2,7,0,1,1.00,1.14,1500,1.00,1.00
2095,Billy the Street Urchin,221,1,1,12,0,7,0,1,1.20,1.14,2000,1.00,1.00
2098,Ram,10000,5,5,190,0,8,0,1,1.00,0.86,2000,1.00,1.00
2099,Maiden's Virtue Crewman,793,20,20,57,0,7,0,1,1.00,1.14,2000,1.00,1.00
2102,Dragonmaw Grunt,4927,20,21,62,0,7,0,1,1.00,1.14,2000,1.00,1.02
2103,Dragonmaw Scout,4925,19,20,62,0,7,0,1,1.00,1.14,2000,1.00,1.00
2106,Apothecary Berard,574,16,16,14,0,7,0,1,1.00,1.14,2000,1.00,1.00
2107,Gaerolas Talvethren,1854,7,7,80,2,7,0,1,1.00,1.14,2000,1.00,1.00
2110,Black Rat,1141,1,1,31,0,8,0,1,1.00,0.71,2000,7.50,0.01
2111,Sida,1407,20,20,55,2,7,0,1,1.00,1.14,1500,1.00,1.00
2112,Farrin Daris,4319,18,19,12,0,7,0,1,1.00,1.14,2000,1.00,1.00
2113,Archibald Kava,1574,5,5,68,4224,7,0,1,1.00,1.14,2000,1.00,1.00
2114,Faruza,3520,5,5,68,80,6,0,1,1.00,1.14,2000,1.00,1.00
2115,Joshua Kien,1577,5,5,68,384,7,0,1,1.00,1.14,2000,1.00,1.00
2116,Blacksmith Rand,1575,5,5,68,4224,7,0,1,1.00,1.14,2000,1.00,1.00
2117,Harold Raims,1576,5,5,68,4224,7,0,1,1.00,1.14,2000,1.00,1.00
2118,Abigail Shiel,1632,9,9,68,128,6,0,1,1.00,1.14,2000,1.00,1.00
2119,Dannal Stern,1578,5,5,68,51,7,0,1,1.00,1.14,2000,1.00,1.00
2121,Shadow Priest Allister,1948,20,20,68,2,7,0,1,1.00,1.14,1500,1.00,1.00
2122,David Trias,1580,5,5,68,51,7,0,1,1.00,1.14,2000,1.00,1.00
2123,Dark Cleric Duesten,1579,5,5,68,51,7,0,1,1.00,1.14,2000,1.00,1.00
2124,Isabella,1592,5,5,68,51,7,0,1,1.00,1.14,2000,1.00,1.00
2126,Maximillion,1581,5,5,68,51,7,0,1,1.00,1.14,2000,1.00,1.00
2127,Rupert Boch,1604,15,15,68,49,7,0,1,1.00,1.14,2000,1.00,1.00
2128,Cain Firesong,1600,14,14,68,51,7,0,1,1.00,1.14,2000,1.00,1.00
2129,Dark Cleric Beryl,1602,17,17,68,51,7,0,1,1.00,1.14,2000,1.00,1.00
2130,Marion Call,1603,13,13,68,51,7,0,1,1.00,1.14,2000,1.00,1.00
2131,Austil de Mon,1599,16,16,68,51,7,0,1,1.00,1.14,2000,1.00,1.00
2133,[UNUSED] Theo Reshan,1605,11,11,68,0,7,0,1,1.00,1.14,2000,1.00,1.00
2134,Mrs. Winters,1637,10,10,68,384,6,0,1,1.00,1.14,2000,1.00,1.00
2135,Abe Winters,1631,14,14,68,4224,6,0,1,1.00,1.14,2000,1.00,1.00
2136,Oliver Dwor,1638,13,13,68,4224,6,0,1,1.00,1.14,2000,1.00,1.00
2137,Eliza Callen,1634,12,12,68,4224,6,0,1,1.00,1.14,2000,1.00,1.00
2140,Edwin Harly,3542,19,19,68,384,7,0,1,1.00,1.14,2000,1.00,1.00
2149,Dark Iron Raider,3451,14,14,54,0,7,0,1,1.02,1.14,2000,1.00,1.00
2150,Zenn Foulhoof,10035,7,7,80,2,7,0,1,1.00,1.14,2000,1.00,1.00
2152,Gnarlpine Ambusher,3024,6,7,82,0,7,0,1,0.67,0.86,2000,1.00,1.00
2155,Sentinel Shayla Nightbreeze,2866,8,8,80,2,7,0,1,1.00,1.14,2000,1.00,1.00
2156,Cracked Golem,10799,18,19,14,0,4,0,1,1.00,1.14,2000,1.00,0.85
2157,Stone Behemoth,473,19,20,14,0,4,0,1,1.00,1.14,2000,1.00,0.85
2158,Gravelflint Scout,6529,18,19,59,0,7,0,1,1.00,1.14,2000,1.00,1.00
2159,Gravelflint Bonesnapper,6528,19,20,59,0,7,0,1,1.00,1.14,1800,1.00,1.00
2160,Gravelflint Geomancer,976,20,21,59,0,7,0,1,1.00,1.14,2000,1.00,1.02
2162,Agal,936,8,8,82,0,7,0,1,0.67,0.86,2000,1.00,1.00
2163,Thistle Bear,1006,11,12,44,0,1,0,1,1.00,1.14,2000,1.00,1.25
2164,Rabid Thistle Bear,8840,13,13,44,0,1,0,1,1.00,1.14,2000,1.00,1.25
2165,Grizzled Thistle Bear,14316,16,17,44,0,1,0,1,1.00,1.14,2000,1.00,1.25
2166,Oakenscowl,2567,9,9,14,0,4,0,1,0.67,0.86,2700,1.00,1.00
2167,Blackwood Pathfinder,1010,12,13,82,0,7,0,2,0.67,0.99,2000,1.00,1.00
2168,Blackwood Warrior,1011,16,17,82,0,7,0,1,0.67,0.99,2000,1.00,1.00
2169,Blackwood Totemic,6821,17,18,82,0,7,0,2,0.67,0.99,2000,1.00,1.00
2170,Blackwood Ursa,5773,18,19,82,0,7,0,2,0.67,0.99,2000,1.00,1.00
2171,Blackwood Shaman,6822,19,20,82,0,7,0,2,0.67,0.99,2000,1.00,1.00
2172,Strider Clutchmother,38,20,20,7,0,1,4,1,0.67,1.43,2000,1.00,1.00
2173,Reef Frenzy,245,14,15,1878,0,1,0,1,1.00,1.14,800,1.00,1.00
2174,Coastal Frenzy,245,14,16,1878,0,1,0,1,1.00,1.14,1000,1.00,1.00
2175,Shadowclaw,3030,13,13,14,0,1,4,1,1.00,1.43,1500,1.00,0.75
2176,Cursed Highborne,985,10,11,14,0,6,0,1,1.00,1.14,2000,1.00,1.00
2177,Writhing Highborne,5430,11,12,14,0,6,0,1,1.11,1.14,2000,1.00,1.00
2178,Wailing Highborne,10690,12,13,14,0,6,0,1,1.00,1.14,2000,1.00,1.00
2179,Stormscale Wave Rider,4036,15,16,74,0,7,0,1,1.00,1.14,2000,1.00,1.00
2180,Stormscale Siren,4980,16,17,74,0,7,0,2,1.00,1.14,2000,1.00,1.00
2181,Stormscale Myrmidon,4036,18,19,74,0,7,0,1,1.00,1.14,2000,1.00,1.00
2182,Stormscale Sorceress,4973,19,20,74,0,7,0,8,1.00,1.14,2000,1.00,1.00
2183,Stormscale Warrior,11269,20,21,74,0,7,0,1,1.00,1.14,2000,1.00,1.02
2184,Lady Moongazer,5774,17,17,14,0,6,4,1,1.00,1.14,2000,1.00,1.00
2185,Darkshore Thresher,992,12,14,16,0,1,0,1,1.00,1.14,2000,1.00,1.00
2186,Carnivous the Breaker,5773,16,16,82,0,7,4,1,0.67,0.99,2000,1.00,1.00
2187,Elder Darkshore Thresher,994,16,18,16,0,1,0,1,1.00,1.14,2000,1.00,1.00
2189,Vile Sprite,2452,10,11,81,0,7,0,1,1.00,1.14,2000,1.00,1.00
2190,Wild Grell,1015,11,12,81,0,7,0,1,1.00,1.14,2000,1.00,1.00
2191,Licillin,10819,14,14,81,0,3,4,8,1.00,1.14,2000,1.00,1.00
2192,Firecaller Radison,5772,19,19,16,0,7,4,8,1.00,1.14,2000,1.00,1.00
2197,[UNUSED] Crier Kirton,227,3,3,12,0,7,0,1,1.00,1.14,2000,1.00,1.00
2198,Crier Goodman,1525,3,3,12,3,7,0,1,1.00,1.14,2000,1.00,1.00
2199,[UNUSED] Crier Backus,227,3,3,12,0,7,0,1,1.00,1.14,2000,1.00,1.00
2200,[UNUSED] Crier Pierce,227,3,3,12,0,7,0,1,1.00,1.14,2000,1.00,1.00
2201,Greymist Raider,346,11,12,18,0,7,0,1,1.00,1.14,2000,1.00,1.00
2202,Greymist Coastrunner,3619,12,13,18,0,7,0,1,1.00,1.71,2000,1.00,1.00
2203,Greymist Seer,3940,13,14,18,0,7,0,2,1.00,1.14,2000,1.00,1.00
2204,Greymist Netter,2597,14,15,18,0,7,0,1,1.00,1.14,2000,1.00,1.00
2205,Greymist Warrior,540,15,16,18,0,7,0,1,1.00,1.14,2000,1.00,1.00
2206,Greymist Hunter,652,16,17,18,0,7,0,1,1.00,1.14,2000,1.00,1.00
2207,Greymist Oracle,4920,18,19,18,0,7,0,2,1.00,1.14,2000,1.00,1.00
2208,Greymist Tidehunter,478,19,20,18,0,7,0,2,1.00,1.14,2000,1.00,1.00
2211,Captured Mountaineer,11424,9,9,68,2,7,0,1,1.00,1.14,2000,1.00,1.00
2212,Deth'ryll Satyr,1013,12,13,90,0,7,0,1,1.00,1.14,2000,1.00,1.00
2213,Deth'ryll Shadowstalker,1014,13,14,90,0,7,0,1,1.20,1.14,2000,1.00,1.00
2217,Undead Druid Trainer,569,1,1,68,0,6,0,1,1.20,1.14,2000,1.00,1.00
2218,Undead Hunter Trainer,569,1,1,68,0,6,0,1,1.20,1.14,2000,1.00,1.00
2219,Undead Shaman Trainer,569,1,1,68,0,6,0,1,1.20,1.14,2000,1.00,1.00
2220,[UNUSED] Undead Blacksmith Trainer,569,1,1,68,0,6,0,1,1.00,1.14,2000,1.00,1.00
2221,Undead Tailor Trainer,569,1,1,68,0,6,0,1,1.20,1.14,2000,1.00,1.00
2222,Undead Mining Trainer,569,1,1,68,0,6,0,1,1.20,1.14,2000,1.00,1.00
2223,[UNUSED] Undead Cooking Trainer,569,1,1,68,0,7,0,1,1.00,1.14,2000,1.00,1.00
2230,Umpi,901,1,1,68,2,1,0,1,1.00,1.14,2000,1.00,1.00
2231,Pygmy Tide Crawler,1000,9,10,7,0,1,0,1,1.00,1.14,2000,1.00,1.00
2232,Tide Crawler,979,12,14,7,0,1,0,1,1.00,1.14,2000,1.00,1.00
2233,Encrusted Tide Crawler,9566,18,20,7,0,1,0,1,1.00,1.14,2000,1.00,1.00
2234,Young Reef Crawler,999,10,11,7,0,1,0,1,1.00,1.14,2000,1.00,1.00
2235,Reef Crawler,981,15,17,7,0,1,0,1,1.00,1.14,2000,1.00,1.00
2236,Raging Reef Crawler,1001,20,21,7,0,1,0,1,1.00,1.14,2000,1.00,1.02
2237,Moonstalker Sire,11450,17,18,14,0,1,0,1,1.00,1.43,1300,1.00,1.00
2261,Syndicate Watchman,3623,20,21,87,0,7,0,1,1.00,1.14,2000,1.00,1.02
2284,Captured Farmer,3683,4,4,35,0,7,0,1,1.00,1.14,2000,1.00,1.00
2286,Bow Guy,824,1,1,35,0,7,0,1,1.20,1.14,2000,1.00,1.00
2307,Caretaker Caice,3522,5,5,68,0,7,0,1,1.00,1.14,2000,1.00,1.00
2309,Thomas Arlento,3533,5,5,68,0,6,0,1,1.00,1.14,2000,1.00,1.00
2310,Jamie Nore,3528,5,5,68,0,7,0,1,1.00,1.14,2000,1.00,1.00
2311,Doreen Beltis,3529,5,5,68,0,6,0,1,1.00,1.14,2000,1.00,1.00
2312,[UNUSED] Thesule Klaven,1027,5,5,68,0,7,0,1,1.00,1.14,2000,1.00,1.00
2313,[UNUSED] Kir'Nazz,3530,5,5,68,0,7,0,1,1.00,1.14,2000,1.00,1.00
2314,Sahvan Bloodshadow,3521,5,5,68,0,6,0,1,1.00,1.14,2000,1.00,1.00
2315,Maquell Ebonwood,1594,5,5,68,0,7,0,1,1.00,1.14,2000,1.00,1.00
2321,Foreststrider Fledgling,1042,11,13,189,0,1,0,1,0.67,1.43,2000,1.00,1.00
2322,Foreststrider,178,14,16,189,0,1,0,1,0.67,1.43,2000,1.00,1.00
2323,Giant Foreststrider,1283,17,19,7,0,1,0,1,0.67,1.43,2000,1.00,1.00
2324,Blackwood Windtalker,6820,13,14,82,0,7,0,1,0.67,0.99,2000,1.00,1.00
2325,Undead First Aid Trainer,569,1,1,68,0,6,0,1,1.20,1.14,2000,1.00,1.00
2326,Thamner Pol,3433,9,12,55,81,7,0,1,1.00,1.14,2000,1.00,1.00
2329,Michelle Belle,1296,11,11,12,81,7,0,1,1.00,1.14,2000,1.00,1.00
2331,Paige Chaddis,252,1,1,12,0,7,0,1,1.00,1.14,2000,1.00,1.00
2334,Event Generator 001,11686,5,5,12,0,10,0,1,1.00,1.14,2000,1.00,0.20
2336,Dark Strand Fanatic,4217,16,17,16,0,7,0,1,1.00,1.14,2000,1.00,1.00
2338,Twilight Disciple,2873,16,17,74,0,7,0,2,1.00,1.14,2000,1.00,1.00
2339,Twilight Thug,2869,17,18,74,0,7,0,1,1.00,1.14,2000,1.00,1.00
2350,Forest Moss Creeper,1989,20,21,22,0,1,0,1,1.00,1.14,2000,1.00,1.02
2361,Tamara Armstrong,3647,15,15,11,0,7,0,1,1.00,1.14,2000,1.00,1.00
2362,Hemmit Armstrong,3648,15,15,11,0,7,0,1,1.00,1.14,2000,1.00,1.00
2442,Cow,1060,5,5,190,0,8,0,1,1.00,0.86,2000,1.00,0.01
2477,Gradok,3443,19,21,83,0,7,1,1,1.00,1.14,2000,1.70,3.00
2478,Haren Swifthoof,3442,19,21,83,0,7,1,1,1.00,1.14,2000,1.70,3.00
2504,Donyal Tovald,1573,15,15,12,2,7,0,1,1.00,1.14,1000,1.00,1.00
2520,Remote-Controlled Golem,1159,18,19,14,0,9,1,1,1.00,1.14,2000,2.00,3.00
2523,Searing Totem,4589,15,15,58,0,11,0,1,1.00,1.00,2000,1.00,1.00
2529,Son of Arugal,1098,20,20,24,0,7,1,1,1.00,1.14,2000,1.70,3.00
2532,Donna,252,1,1,12,0,7,0,1,1.00,1.14,2000,1.00,1.00
2533,William,262,1,1,12,0,7,0,1,1.00,1.14,2000,1.00,1.00
2540,Dalaran Serpent,5966,14,17,84,0,1,0,1,1.00,1.43,1000,1.00,0.00
2620,Prairie Dog,1072,1,1,31,0,8,0,1,1.00,0.86,2000,1.00,0.20
2665,Proximity Bomb,277,1,1,14,0,10,0,1,1.20,1.14,2000,1.00,1.00
2671,Mechanical Squirrel,7937,15,15,35,0,12,0,1,1.00,1.14,2000,1.00,0.20
2673,Target Dummy,1555,1,1,14,0,9,0,1,1.00,1.00,2000,1.00,18.38
2674,Advanced Target Dummy,1555,1,1,14,0,9,0,1,1.00,1.00,2000,1.00,63.62
2695,Sara Balloo,1670,15,15,55,2,7,0,1,1.00,1.14,2000,1.00,1.00
2702,Felhunter Trainer,312,10,10,55,0,7,0,1,1.20,1.14,2000,1.00,1.00
2709,Imp Trainer,1176,10,10,55,0,7,0,1,1.20,1.14,2000,1.00,1.00
2710,Voidwalker Trainer,312,10,10,55,0,7,0,1,1.20,1.14,2000,1.00,1.00
2756,UNUSED Grund Drokda,3428,1,1,35,0,7,0,1,1.00,1.14,2000,1.00,1.30
2809,Boar,1167,1,1,14,0,1,0,1,1.20,1.14,2000,1.00,1.00
2852,Enslaved Druid of the Talon,4246,10,10,35,0,7,0,1,1.00,1.14,2000,1.00,1.00
2853,Freed Druid of the Talon,1192,10,10,35,0,7,0,1,0.96,1.14,2000,1.00,1.00
2883,[UNUSED] [PH] Monster Slayer Trainer,832,8,12,55,0,7,0,1,1.00,1.14,2000,1.00,1.00
2885,[UNUSED] [PH] Magic Skills Trainer,832,8,12,55,0,7,0,1,1.00,1.14,2000,1.00,1.00
2886,Ranged Skills Trainer,832,8,12,55,0,7,0,1,1.20,1.14,2000,1.00,1.00
2913,Archaeologist Hollee,1286,12,12,55,2,7,0,1,1.00,1.14,2000,1.00,1.00
2914,Snake,1206,1,1,190,0,8,0,1,1.00,0.86,2000,7.50,0.20
2916,Historian Karnik,3595,20,20,55,3,7,0,1,1.00,1.14,2000,1.00,1.00
2917,Prospector Remtravel,1277,16,16,55,2,7,0,1,1.00,1.14,2000,1.00,1.00
2922,Servo,1150,5,5,42,0,9,0,1,1.00,1.14,2000,1.00,1.00
2939,Jackson Bayne,5089,1,1,35,0,7,0,1,1.20,1.14,2000,1.00,1.25
2942,Dylan Bissel,5010,5,5,12,176,7,0,1,0.93,1.14,2000,1.00,1.25
2949,Palemane Tanner,550,5,6,39,0,7,0,2,1.00,0.86,2000,1.00,1.00
2950,Palemane Skinner,1216,6,7,39,0,7,0,2,1.20,0.86,2000,1.00,1.00
2951,Palemane Poacher,1217,7,8,39,0,7,0,1,1.00,0.86,2000,1.00,1.00
2952,Bristleback Quilboar,1967,3,4,189,0,7,0,1,1.00,0.86,2000,1.00,1.00
2953,Bristleback Shaman,6090,3,4,7,0,7,0,2,1.00,0.86,2000,1.00,1.00
2954,Bristleback Battleboar,6807,4,5,7,0,1,0,1,1.00,0.86,2000,1.00,1.00
2955,Plainstrider,1219,1,2,189,0,1,0,1,0.67,0.86,2000,1.00,1.00
2956,Adult Plainstrider,1220,6,7,189,0,1,0,1,0.67,1.14,2000,1.00,1.00
2957,Elder Plainstrider,1221,8,9,189,0,1,0,1,0.67,1.14,2000,1.00,1.00
2958,Prairie Wolf,1100,5,6,38,0,1,0,1,1.00,1.14,1500,1.00,1.00
2959,Prairie Stalker,643,7,8,38,0,1,0,1,1.00,1.14,1500,1.00,1.00
2960,Prairie Wolf Alpha,161,9,10,38,0,1,0,1,1.00,1.14,1400,1.00,1.00
2961,Mountain Cougar,11451,3,3,7,0,1,0,1,1.00,0.86,2000,1.00,1.00
2962,Windfury Harpy,10877,7,8,514,0,7,0,1,1.39,0.86,2000,1.00,1.00
2963,Windfury Wind Witch,1351,8,9,514,0,7,0,2,1.39,0.86,2000,1.00,1.00
2964,Windfury Sorceress,1255,9,10,514,0,7,0,8,1.39,0.86,2000,1.00,1.00
2965,Windfury Matriarch,10869,10,11,514,0,7,0,2,1.39,1.14,2000,1.00,1.00
2966,Battleboar,8869,3,4,7,0,1,0,1,1.00,0.86,2000,1.00,1.00
2967,Galak Centaur,9410,8,9,131,0,7,0,1,0.67,0.86,2000,1.00,1.00
2968,Galak Outrunner,9409,9,10,131,0,7,0,1,0.67,0.86,2000,1.00,1.00
2969,Wiry Swoop,1228,5,7,73,0,1,0,1,1.00,0.86,2000,1.00,1.00
2970,Swoop,1229,7,9,73,0,1,0,1,1.00,0.86,2000,1.00,1.00
2971,Taloned Swoop,10824,8,10,73,0,1,0,1,1.00,0.86,2000,1.00,1.00
2972,Kodo Calf,1451,7,8,15,0,1,0,1,1.00,0.86,3000,1.00,1.00
2973,Kodo Bull,1230,10,11,15,0,1,0,1,1.00,1.14,3000,1.00,1.00
2974,Kodo Matriarch,10918,11,12,15,0,1,0,1,1.00,1.14,3000,1.00,1.00
2975,Venture Co. Hireling,7243,5,6,47,0,7,0,1,1.00,0.86,2000,1.00,1.00
2976,Venture Co. Laborer,355,6,7,47,0,7,0,1,1.00,0.86,3000,1.00,1.00
2977,Venture Co. Taskmaster,355,7,8,47,0,7,0,1,1.00,0.86,2000,1.00,1.00
2978,Venture Co. Worker,355,8,9,47,0,7,0,1,1.00,0.86,3200,1.00,1.00
2979,Venture Co. Supervisor,3904,9,10,47,0,7,0,1,1.00,0.86,2000,1.00,1.00
2980,Grull Hawkwind,3808,4,4,104,3,7,0,1,1.00,1.14,2000,1.00,1.00
2982,Seer Graytongue,3813,8,8,104,2,7,0,1,1.00,1.14,2000,1.00,1.00
2983,The Plains Vision,1236,7,7,35,0,1,0,1,2.00,1.14,2000,1.00,1.00
2984,Seer Wiserunner,3815,11,11,104,2,7,0,1,1.00,1.14,2000,1.00,1.00
2985,Ruul Eagletalon,3822,9,9,104,2,7,0,1,1.00,1.14,2000,1.00,1.00
2987,Eyahn Eagletalon,4516,12,12,83,2,7,0,1,1.00,1.14,2000,1.00,1.00
2988,Morin Cloudstalker,1624,10,10,104,2,7,0,1,1.00,1.14,2000,1.00,1.00
2989,Bael'dun Digger,3785,7,8,122,0,7,0,1,1.00,0.86,3200,1.00,1.00
2990,Bael'dun Appraiser,3787,8,9,122,0,7,0,8,1.00,0.86,2000,1.00,1.00
2991,Greatmother Hawkwind,3841,9,9,104,2,7,0,1,1.00,1.14,2000,1.00,1.00
2993,Baine Bloodhoof,3792,10,10,104,2,7,0,1,1.00,1.14,2000,1.00,1.00
2994,Ancestral Spirit,3824,9,9,104,2,7,0,1,1.00,1.14,2000,1.00,1.00
3035,Flatland Cougar,1059,7,8,14,0,1,0,1,1.00,0.86,2000,1.00,1.00
3051,Supervisor Fizsprocket,7134,12,12,47,0,7,0,1,1.00,1.14,2000,1.00,1.00
3054,Zarlman Two-Moons,3814,7,7,104,2,7,0,1,1.00,1.14,2000,1.00,1.00
3055,Maur Raincaller,1678,10,10,104,2,7,0,1,1.00,1.14,2000,1.00,1.00
3056,Ghost Howl,720,12,12,38,0,1,4,1,1.00,1.14,2000,1.00,1.00
3058,Arra'chea,10916,11,11,15,0,1,0,1,1.00,1.14,2000,1.00,2.00
3059,Harutt Thunderhorn,3793,10,10,104,51,7,0,1,1.00,1.14,2000,1.00,1.00
3060,Gart Mistrunner,3819,9,9,104,51,7,0,1,1.00,1.14,2000,1.00,1.00
3061,Lanka Farshot,3810,11,11,104,51,7,0,1,1.00,1.14,2000,1.00,1.00
3062,Meela Dawnstrider,10180,10,10,104,51,7,0,1,1.00,1.14,2000,1.00,1.00
3063,Krang Stonehoof,3794,14,14,104,51,7,0,1,1.00,1.14,2000,1.00,1.00
3064,Gennia Runetotem,3820,12,12,104,51,7,0,1,1.00,1.14,2000,1.00,1.00
3065,Yaw Sharpmane,3811,11,11,104,51,7,0,1,1.00,1.14,2000,1.00,1.00
3066,Narm Skychaser,3816,13,13,104,51,7,0,1,1.00,1.14,2000,1.00,1.00
3067,Pyall Silentstride,3795,12,12,104,83,7,0,1,1.00,1.14,2000,1.00,1.00
3068,Mazzranache,1961,9,9,14,0,1,4,1,0.67,0.86,2000,1.00,1.00
3070,[UNUSED] [PH] Mulgore Alchemy Trainer,2578,11,11,104,0,7,0,1,1.00,1.14,2000,1.00,1.00
3071,[UNUSED] [PH] Mulgore Herbalism Trainer,2578,10,10,104,0,7,0,1,1.00,1.14,2000,1.00,1.00
3072,Kawnie Softbreeze,3797,8,8,104,386,7,0,1,1.00,1.14,2000,1.00,1.00
3073,Marjak Keenblade,3799,9,9,104,4224,7,0,1,1.00,1.14,2000,1.00,1.00
3074,Varia Hardhide,3798,7,7,104,4226,7,0,1,1.00,1.14,2000,1.00,1.00
3075,Bronk Steelrage,3801,10,10,104,4224,7,0,1,1.00,1.14,2000,1.00,1.00
3076,Moorat Longstride,3800,12,12,104,386,7,0,1,1.00,1.14,2000,1.00,1.00
3077,Mahnott Roughwound,3802,11,11,104,4224,7,0,1,1.00,1.14,2000,1.00,1.00
3078,Kennah Hawkseye,3803,10,10,104,4482,7,0,1,1.00,1.14,2000,1.00,1.00
3079,Varg Windwhisper,10182,14,14,104,4227,7,0,1,1.00,1.14,2000,1.00,1.00
3080,Harant Ironbrace,3804,13,13,104,4224,7,0,1,1.00,1.14,2000,1.00,1.00
3081,Wunna Darkmane,3806,10,10,104,130,7,0,1,1.00,1.14,2000,1.00,1.00
3085,Gloria Femmel,3375,20,20,12,128,7,0,1,1.00,1.14,2000,1.00,1.00
3086,Gretchen Vogel,3378,20,20,12,640,7,0,1,1.00,1.14,2000,1.00,1.00
3097,Bernard Brubaker,5013,20,20,12,4226,7,0,1,1.00,1.14,1000,1.00,1.00
3098,Mottled Boar,503,1,2,189,0,1,0,1,1.00,0.86,2000,1.00,1.00
3099,Dire Mottled Boar,381,6,7,189,0,1,0,1,1.00,0.86,2000,1.00,1.00
3100,Elder Mottled Boar,193,8,9,189,0,1,0,1,1.00,0.86,2000,1.00,1.00
3101,Vile Familiar,1185,3,4,7,0,7,0,2,1.00,0.86,2000,1.00,1.00
3102,Felstalker,850,3,4,7,0,3,0,1,1.00,0.86,2000,1.00,1.00
3103,Makrura Clacker,1940,6,7,129,0,7,0,1,1.00,0.86,2000,1.00,1.00
3104,Makrura Shellhide,1246,6,7,129,0,7,0,1,1.00,0.86,2000,1.00,1.00
3105,Makrura Snapclaw,1248,8,8,129,0,7,0,1,1.00,0.86,2000,1.00,1.00
3106,Pygmy Surf Crawler,1307,5,6,7,0,1,0,1,1.00,0.86,2000,1.00,1.00
3107,Surf Crawler,1938,7,8,7,0,1,0,1,1.00,0.86,2000,1.00,1.00
3108,Encrusted Surf Crawler,999,9,10,7,0,1,0,1,1.00,0.86,2000,1.00,1.00
3110,Dreadmaw Crocolisk,1250,9,11,14,0,1,0,1,1.00,1.14,2000,1.00,1.00
3111,Razormane Quilboar,1218,6,7,109,0,7,0,1,1.00,0.86,2000,1.00,1.00
3112,Razormane Scout,1252,7,8,109,0,7,0,1,1.00,0.86,2000,1.00,1.00
3113,Razormane Dustrunner,6088,8,9,109,0,7,0,2,1.00,0.86,2000,1.00,1.00
3114,Razormane Battleguard,1964,9,10,109,0,7,0,1,1.00,0.86,2000,1.00,1.00
3115,Dustwind Harpy,3012,7,8,514,0,7,0,1,1.39,0.86,2000,1.00,1.00
3116,Dustwind Pillager,6814,7,8,514,0,7,0,1,1.39,0.86,2000,1.00,1.00
3117,Dustwind Savage,2166,9,10,514,0,7,0,1,1.39,0.86,1300,1.00,1.00
3118,Dustwind Storm Witch,6815,10,11,514,0,7,0,2,1.39,1.14,2000,1.00,1.00
3119,Kolkar Drudge,9442,6,7,130,0,7,0,1,0.67,0.86,2000,1.00,1.00
3120,Kolkar Outrunner,9443,7,8,130,0,7,0,2,0.67,0.86,2000,1.00,1.00
3121,Durotar Tiger,598,7,8,14,0,1,0,1,1.00,1.14,1300,1.00,1.00
3122,Bloodtalon Taillasher,1960,6,8,14,0,1,0,1,1.00,0.86,2000,1.00,1.00
3123,Bloodtalon Scythemaw,1959,8,10,48,0,1,0,1,1.00,0.86,2000,1.00,1.00
3124,Scorpid Worker,2485,3,3,7,0,1,0,1,1.00,0.86,2000,1.00,1.00
3125,Clattering Scorpid,2486,5,6,413,0,1,0,1,1.00,0.86,2000,1.00,1.00
3126,Armored Scorpid,2487,7,8,413,0,1,0,1,1.00,0.86,2000,1.00,1.00
3127,Venomtail Scorpid,2732,9,10,413,0,1,0,1,1.00,0.86,2000,1.00,1.00
3128,Kul Tiras Sailor,3734,5,6,123,0,7,0,1,1.00,0.86,2000,1.00,1.00
3129,Kul Tiras Marine,1860,6,7,123,0,7,0,1,1.00,0.86,2000,1.00,1.00
3130,Thunder Lizard,2179,9,10,14,0,1,0,1,1.00,0.86,2000,1.00,1.00
3131,Lightning Hide,1532,10,11,14,0,1,0,1,1.00,1.14,2000,1.00,1.00
3137,Matt Johnson,4333,20,20,12,81,7,0,1,1.00,1.14,1000,1.00,1.00
3139,Gar'Thok,3736,10,10,29,3,7,0,1,1.00,1.14,2000,1.00,1.00
3140,Lar Prowltusk,4070,7,7,126,2,7,0,1,1.00,1.14,2000,1.00,1.00
3141,Makrura Elder,1818,8,9,129,0,7,0,1,1.00,0.86,2000,1.00,1.00
3142,Orgnil Soulscar,1877,18,18,29,2,7,0,1,1.00,1.14,2000,1.00,1.00
3143,Gornek,1653,5,5,29,3,7,0,1,1.00,1.14,2000,1.00,1.00
3144,Eitrigg,1619,20,20,29,3,7,0,1,1.00,1.14,2000,1.00,1.00
3145,Zureetha Fargaze,1875,12,12,29,2,7,0,1,1.00,1.14,2000,1.00,1.00
3147,Furl Scornbrow,1275,6,6,29,2,7,0,1,1.00,1.14,2000,1.00,1.00
3153,Frang,1880,11,11,29,51,7,0,1,1.00,1.14,2000,1.00,1.00
3154,Jen'shan,1882,8,8,126,51,7,0,1,1.00,1.14,2000,1.00,1.00
3155,Rwag,1886,8,8,29,51,7,0,1,1.00,1.14,2000,1.00,1.00
3156,Nartok,1884,9,9,29,51,7,0,1,1.00,1.14,2000,1.00,1.00
3157,Shikrik,1878,10,10,29,51,7,0,1,1.00,1.14,2000,1.00,1.00
3158,Duokna,1879,10,10,29,386,7,0,1,1.00,1.14,2000,1.00,1.00
3160,Huklah,1881,11,11,29,4226,7,0,1,1.00,1.14,2000,1.00,1.00
3161,Rarc,1885,10,10,29,4224,7,0,1,1.00,1.14,2000,1.00,1.00
3162,Burdrak Harglhelm,3408,12,12,55,4226,7,0,1,1.00,1.14,2000,1.00,1.00
3163,Uhgar,3738,15,15,29,4224,7,0,1,1.00,1.14,2000,1.00,1.00
3164,Jark,3737,14,14,29,386,7,0,1,1.00,1.14,2000,1.00,1.00
3165,Ghrawt,3739,13,13,29,4482,7,0,1,1.00,1.14,2000,1.00,1.00
3166,Cutac,3740,14,14,29,4226,7,0,1,1.00,1.14,2000,1.00,1.00
3167,Wuark,3742,16,16,29,4224,7,0,1,1.00,1.14,2000,1.00,1.00
3168,Flakk,3741,15,15,29,130,7,0,1,1.00,1.14,2000,1.00,1.00
3170,Kaplak,3749,14,14,29,51,7,0,1,1.00,1.14,2000,1.00,1.00
3171,Thotar,3744,16,16,29,51,7,0,1,1.00,1.14,2000,1.00,1.00
3173,Swart,3746,15,15,29,51,7,0,1,1.00,1.14,2000,1.00,1.00
3175,Krunn,3748,16,16,29,82,7,0,1,1.00,1.14,2000,1.00,1.00
3176,[UNUSED] [PH] Durotar Engineering Trainer,1139,16,16,29,0,7,0,1,1.00,1.14,2000,1.00,1.00
3177,Turuk Amberstill,3411,10,10,55,4224,7,0,1,1.00,1.14,2000,1.00,1.00
3182,Junder Brokk,3481,20,20,55,0,7,0,1,1.00,1.14,2000,1.00,1.00
3183,Yarrog Baneshadow,1876,5,5,7,0,7,0,2,1.00,1.14,2000,1.00,1.00
3185,Mishiki,4085,14,14,126,82,7,0,1,1.00,1.14,2000,1.00,1.00
3186,K'waii,4089,11,11,126,386,7,0,1,1.00,1.14,2000,1.00,1.00
3187,Tai'tasi,4087,12,12,126,130,7,0,1,1.00,1.14,2000,1.00,1.00
3188,Master Gadrin,4072,12,12,126,2,7,0,1,1.00,1.14,2000,1.00,1.00
3189,Kor'ghan,4073,7,7,126,2,7,0,1,1.00,1.14,2000,1.00,1.00
3190,Rhinag,4075,8,8,126,2,7,0,1,1.00,1.14,2000,1.00,1.00
3191,Cook Torka,3751,6,6,29,2,7,0,1,1.00,1.14,2000,1.00,1.00
3192,Lieutenant Benedict,1276,8,8,123,0,7,0,1,1.00,0.86,2000,1.00,1.00
3193,Misha Tor'kren,3750,5,5,29,2,7,0,1,1.00,1.14,2000,1.00,1.00
3194,Vel'rin Fang,4074,7,7,126,2,7,0,1,1.00,1.14,2000,1.00,1.00
3195,Burning Blade Thug,4188,8,9,554,0,7,0,1,1.00,0.86,3100,1.00,1.00
3196,Burning Blade Neophyte,4186,9,10,554,0,7,0,2,1.00,0.86,2000,1.00,1.00
3197,Burning Blade Fanatic,4192,9,10,554,0,7,0,2,1.00,0.86,2000,1.00,1.00
3198,Burning Blade Apprentice,4190,10,11,554,0,7,0,8,1.00,1.14,2000,1.00,1.00
3199,Burning Blade Cultist,4194,10,11,554,0,7,0,8,1.00,1.14,2000,1.00,1.00
3200,Eric's AAA Special Vendor,1233,1,1,35,0,7,0,1,1.20,1.14,2000,1.00,1.00
3203,Fizzle Darkstorm,7128,12,12,554,0,7,0,8,1.00,1.14,2000,1.00,0.75
3204,Gazz'uz,240,10,10,14,0,7,0,8,1.00,1.14,2000,1.00,1.00
3205,Zalazane,4078,10,10,16,0,7,0,2,1.00,0.86,2000,1.00,1.00
3206,Voodoo Troll,4076,8,9,16,0,7,0,2,1.00,0.86,2000,1.00,1.00
3207,Hexed Troll,4079,8,9,16,0,7,0,2,1.00,0.86,2000,1.00,1.00
3208,Margoz,3752,18,18,29,2,7,0,1,1.00,1.14,2000,1.00,1.00
3209,Brave Windfeather,3770,13,13,105,2,7,0,1,1.00,1.14,2000,1.00,2.00
3212,Brave Ironhorn,3775,14,14,105,1,7,0,1,1.00,1.14,2000,1.00,2.00
3215,Brave Strongbash,3777,14,14,105,1,7,0,1,1.00,1.14,2000,1.00,2.00
3217,Brave Dawneagle,3780,14,14,105,1,7,0,1,1.00,1.14,2000,1.00,2.00
3218,Brave Swiftwind,3779,14,14,105,1,7,0,1,1.00,1.14,2000,1.00,2.00
3219,Brave Leaping Deer,3781,14,14,105,1,7,0,1,1.00,1.14,2000,1.00,2.00
3220,Brave Darksky,3782,14,14,105,1,7,0,1,1.00,1.14,2000,1.00,2.00
3221,Brave Rockhorn,3783,14,14,105,1,7,0,1,1.00,1.14,2000,1.00,2.00
3222,Brave Wildrunner,4265,14,14,105,1,7,0,1,1.00,1.14,2000,1.00,2.00
3223,Brave Rainchaser,3784,14,14,105,1,7,0,1,1.00,1.14,2000,1.00,2.00
3224,Brave Cloudmane,10181,14,14,105,1,7,0,1,1.00,1.14,2000,1.00,2.00
3225,Corrupted Mottled Boar,744,10,11,14,0,1,0,1,1.00,1.14,2000,1.00,1.00
3226,Corrupted Scorpid,2488,10,11,413,0,1,0,1,1.00,1.14,2000,1.00,1.00
3227,Corrupted Bloodtalon Scythemaw,787,10,11,48,0,1,0,1,1.00,1.14,2000,1.00,1.00
3228,Corrupted Surf Crawler,1000,10,11,14,0,1,0,1,1.00,1.14,2000,1.00,1.00
3229,"\""Squealer\"" Thornmantle",1254,5,5,7,0,7,0,1,1.00,0.86,2000,1.00,1.00
3231,Corrupted Dreadmaw Crocolisk,1034,11,12,14,0,1,0,1,1.00,1.14,2000,1.00,1.00
3232,Bristleback Interloper,1274,9,10,111,0,7,0,1,1.00,0.86,2000,1.00,1.00
3233,Lorekeeper Raintotem,3817,8,8,104,3,7,0,1,1.00,1.14,2000,1.00,1.00
3234,Lost Barrens Kodo,10918,14,15,15,0,1,0,1,1.00,1.14,3000,1.00,1.00
3236,Barrens Kodo,1453,19,20,15,0,1,0,1,1.00,1.14,3000,1.00,1.00
3239,Thunderhead,1538,20,21,16,0,1,0,1,1.00,1.14,2000,1.00,1.02
3240,Stormsnout,1537,18,19,14,0,1,0,1,1.00,1.14,2000,1.00,1.00
3241,Savannah Patriarch,1977,15,16,16,0,1,0,1,1.00,1.43,1300,1.00,1.00
3242,Zhevra Runner,6087,13,14,189,0,1,0,1,1.00,1.29,2000,1.00,1.00
3243,Savannah Highmane,1973,12,13,16,0,1,0,1,1.00,1.43,1500,1.00,1.00
3244,Greater Plainstrider,178,11,12,189,0,1,0,1,0.67,1.43,2000,1.00,1.00
3245,Ornery Plainstrider,6076,16,17,14,0,1,0,1,0.67,1.43,1300,1.00,1.00
3246,Fleeting Plainstrider,1284,12,13,189,0,1,0,1,0.67,1.43,2000,1.00,1.00
3247,Thunderhawk Hatchling,1742,18,20,14,0,1,0,2,1.00,1.14,2000,1.00,0.80
3248,Barrens Giraffe,4473,15,16,189,0,1,0,1,1.00,1.14,2000,1.00,1.00
3250,Silithid Creeper,2730,20,21,413,0,1,0,1,1.00,1.14,2000,1.00,1.02
3251,Silithid Grub,7572,20,20,413,0,1,0,1,1.00,1.14,2000,1.00,1.00
3254,Sunscale Lashtail,1744,11,13,48,0,1,0,1,1.00,1.14,2000,1.00,0.80
3255,Sunscale Screecher,1747,13,15,48,0,1,0,1,1.00,1.14,2000,1.00,1.00
3256,Sunscale Scytheclaw,4442,16,18,48,0,1,0,1,1.00,1.14,2000,1.00,1.00
3257,Ishamuhale,2571,19,19,48,0,1,0,1,1.00,1.14,2000,1.00,1.00
3258,Bristleback Hunter,4745,17,18,111,0,7,0,1,1.00,1.14,2000,1.00,1.00
3259,Bristleback Defender,1342,20,21,111,0,7,0,1,1.20,1.14,2000,1.00,1.02
3260,Bristleback Water Seeker,1274,16,17,111,0,7,0,2,1.00,1.14,2000,1.00,1.00
3261,Bristleback Thornweaver,6077,18,19,111,0,7,0,2,1.00,1.14,2000,1.00,1.00
3263,Bristleback Geomancer,6091,19,20,111,0,7,0,8,1.00,1.14,2000,1.00,1.00
3265,Razormane Hunter,6094,11,12,109,0,7,0,1,1.00,1.14,2000,1.00,1.00
3266,Razormane Defender,1253,12,13,109,0,7,0,1,1.00,1.14,2000,1.00,1.00
3267,Razormane Water Seeker,1964,10,11,109,0,7,0,1,1.00,1.14,2000,1.00,1.00
3268,Razormane Thornweaver,6096,10,11,109,0,7,0,2,1.00,1.14,2000,1.00,1.00
3269,Razormane Geomancer,6093,12,13,109,0,7,0,8,1.00,1.14,2000,1.00,1.00
3270,Elder Mystic Razorsnout,6095,15,15,109,0,7,2,2,1.00,1.14,2000,1.70,3.00
3271,Razormane Mystic,4643,13,14,109,0,7,0,2,1.00,1.14,2000,1.00,1.00
3272,Kolkar Wrangler,9442,12,13,130,0,7,0,1,0.67,1.14,2000,1.00,1.00
3273,Kolkar Stormer,9443,13,14,130,0,7,0,2,0.67,1.14,2000,1.00,1.00
3274,Kolkar Pack Runner,9445,14,15,130,0,7,0,1,0.67,1.14,2000,1.00,1.00
3275,Kolkar Marauder,4874,15,16,130,0,7,0,1,0.67,1.14,2000,1.00,1.00
3276,Witchwing Harpy,3218,14,15,514,0,7,0,1,1.39,1.14,2000,1.00,1.00
3277,Witchwing Roguefeather,2162,15,16,514,0,7,0,1,1.39,1.14,2000,1.00,1.00
3278,Witchwing Slayer,2163,16,17,514,0,7,0,1,1.39,1.14,2000,1.00,1.00
3279,Witchwing Ambusher,2143,17,18,514,0,7,0,1,1.39,1.14,2000,1.00,1.00
3280,Witchwing Windcaller,1350,17,18,514,0,7,0,2,1.39,1.14,2000,1.00,1.00
3281,Sarkoth,6068,4,4,14,0,1,0,1,1.00,0.86,2000,1.00,1.00
3282,Venture Co. Mercenary,3912,15,16,47,0,7,0,1,1.00,1.14,2000,1.00,1.00
3283,Venture Co. Enforcer,1122,16,17,47,0,7,0,1,1.00,1.14,2000,1.00,1.00
3284,Venture Co. Drudger,355,14,15,47,0,7,0,1,1.00,1.14,2000,1.00,1.00
3285,Venture Co. Peon,355,13,14,47,0,7,0,1,1.00,1.14,2000,1.00,1.00
3286,Venture Co. Overseer,3913,17,18,47,0,7,0,1,1.00,1.14,2000,1.00,1.00
3287,Hana'zua,2025,2,2,126,2,7,0,1,1.00,1.14,2000,1.00,1.00
3289,Spirit of Minshina,4081,11,11,35,0,7,0,1,1.00,1.14,2000,1.00,1.00
3292,Brewmaster Drohn,3851,9,9,29,2,7,0,1,1.00,1.14,2000,1.00,1.00
3293,Rezlak,7129,5,5,69,3,7,0,1,1.00,1.14,2000,1.00,1.00
3294,Ophek,1654,10,10,29,2,7,0,1,1.00,1.14,2000,1.00,1.00
3295,Sludge Beast,360,19,19,14,0,10,4,1,1.00,1.14,2000,1.00,1.00
3299,[UNUSED] Antione LeMarca,1424,20,20,12,0,7,0,1,1.00,1.14,2000,1.00,1.00
3300,Adder,1206,1,1,7,0,8,0,1,1.00,0.86,2000,4.60,0.01
3304,Master Vornal,4086,11,11,126,2,7,0,1,1.00,1.14,2000,1.00,1.00
3337,Kargal Battlescar,3852,15,15,29,2,7,0,1,1.00,1.14,2000,1.00,1.00
3340,Mandrik Wife,3850,1,1,35,0,7,0,1,1.20,1.14,2000,1.00,1.00
3341,Gann Stonespire,3844,18,18,104,3,7,0,1,1.00,1.14,2000,1.00,1.00
3379,Burning Blade Bruiser,4198,10,11,554,0,7,0,1,1.00,1.14,2000,1.00,1.00
3380,Burning Blade Acolyte,4196,11,12,554,0,7,0,8,1.00,1.14,2000,1.00,1.00
3381,Southsea Brigand,3829,12,13,230,0,7,0,1,1.00,1.19,2000,1.00,1.00
3382,Southsea Cannoneer,3827,13,14,230,0,7,0,1,1.00,1.14,2000,1.00,1.00
3383,Southsea Cutthroat,3835,14,15,230,0,7,0,1,1.00,1.14,2000,1.00,0.90
3384,Southsea Privateer,3833,14,15,230,0,7,0,1,1.00,1.14,2000,1.00,1.00
3385,Theramore Marine,1858,15,16,1077,0,7,0,1,1.00,1.14,2000,1.00,1.00
3386,Theramore Preserver,1856,16,17,1077,0,7,0,2,1.00,1.14,2000,1.00,1.00
3393,Captain Fairmount,1855,20,20,1077,0,7,0,1,1.00,1.14,2000,1.00,1.00
3394,Barak Kodobane,4874,16,16,16,0,7,0,1,0.67,1.14,3000,1.00,1.00
3395,Verog the Dervish,9446,18,18,16,0,7,0,1,0.67,1.14,1500,1.00,1.00
3396,Hezrul Bloodmark,9448,19,19,16,0,7,0,1,0.67,1.14,2000,1.00,1.00
3397,Kolkar Bloodcharger,9447,14,15,130,0,7,0,2,0.67,1.14,2000,1.00,0.85
3398,Gesharahan,1397,20,20,16,0,10,2,1,1.00,1.14,2000,1.70,3.00
3415,Savannah Huntress,1056,11,12,16,0,1,0,1,1.00,1.43,1500,1.00,1.00
3416,Savannah Matriarch,1058,17,18,16,0,1,0,1,1.00,1.14,1700,1.00,1.00
3417,Living Flame,1405,16,17,17,0,4,0,1,1.00,0.86,2000,1.00,0.20
3420,[UNUSED] Ancestral Watcher,4318,15,15,83,0,7,0,1,1.00,1.14,2000,1.00,1.00
3424,Thunderhawk Cloudscraper,1975,20,22,14,0,1,0,2,1.00,1.14,2000,1.00,1.02
3425,Savannah Prowler,1973,14,15,16,0,1,0,1,1.00,1.14,1400,1.00,1.00
3426,Zhevra Charger,2187,17,18,189,0,1,0,1,1.00,1.29,2000,1.00,1.00
3427,[UNUSED] Kendur,2130,15,16,104,0,7,0,1,1.00,1.14,2000,1.00,1.00
3428,Korran,4092,12,12,126,2,7,0,1,1.00,1.14,2000,1.00,1.00
3430,Mangletooth,1346,17,17,29,3,7,0,1,1.00,1.14,2000,1.00,1.00
3431,Grenthar,4093,10,10,126,2,7,0,1,1.00,1.14,2000,1.00,1.00
3432,Mankrik,3855,15,15,29,3,7,0,1,1.00,1.14,2000,1.00,1.00
3433,Tatternack Steelforge,3858,14,14,29,3,7,0,1,1.00,1.14,2000,1.00,1.00
3437,Crekori Mudwater,1218,15,15,16,0,7,0,1,1.20,1.14,2000,1.00,1.00
3438,Kreenig Snarlsnout,6115,15,15,109,0,7,0,1,1.00,1.14,2000,1.00,1.00
3439,Wizzlecrank's Shredder,11912,18,18,69,2,7,0,1,1.00,1.14,2000,1.00,1.00
3440,[UNUSED] Ancestral Sage,2578,18,18,104,0,7,0,1,1.00,1.14,2000,1.00,1.00
3442,Sputtervalve,7054,15,15,69,3,7,0,1,1.00,1.14,2000,1.00,1.00
3443,Grub,3857,13,13,29,130,7,0,1,1.00,1.14,2000,1.00,1.00
3444,Dig Rat,1418,1,1,7,0,8,0,1,1.00,0.86,2000,1.00,1.00
3445,Supervisor Lugwizzle,7035,18,18,47,0,7,0,1,1.00,1.14,2000,1.00,1.00
3446,Mebok Mizzyrix,7034,17,17,69,2,7,0,1,1.00,1.14,2000,1.00,1.00
3449,Darsok Swiftdagger,3849,14,14,29,2,7,0,1,1.00,1.14,2000,1.00,1.00
3450,Defias Companion,5207,14,15,17,0,1,0,1,1.00,1.14,2000,1.70,1.00
3451,Pilot Wizzlecrank,7050,15,15,69,2,7,0,1,1.00,1.14,2000,1.00,1.00
3452,Serena Bloodfeather,2295,20,20,514,0,7,0,1,1.39,1.14,2000,1.00,1.30
3453,Wharfmaster Dizzywig,7053,15,15,69,2,7,0,1,1.00,1.14,2000,1.00,1.00
3454,Cannoneer Smythe,1863,19,19,1077,0,7,0,1,1.00,1.14,2000,1.00,1.00
3455,Cannoneer Whessan,1864,19,19,1077,0,7,0,1,1.00,1.14,2000,1.00,1.00
3456,Razormane Pathfinder,1964,20,21,109,0,7,0,1,1.00,1.14,2000,1.00,1.02
3460,Mud Crawler,979,15,16,16,0,1,0,1,1.20,1.14,2000,1.00,1.00
3461,Oasis Snapjaw,6368,15,16,14,0,1,0,1,1.00,1.14,2000,1.00,1.00
3463,Wandering Barrens Giraffe,2193,18,19,189,0,1,0,1,1.00,1.14,2000,1.00,1.00
3465,Gilthares Firebough,19805,17,17,35,2,7,0,1,1.00,1.14,2000,1.00,1.00
3466,Zhevra Courser,6086,20,21,189,0,1,0,1,1.00,1.29,2000,1.00,1.02
3467,Baron Longshore,797,16,16,230,1,7,0,1,1.00,1.14,2000,1.00,1.00
3470,Rathorian,5047,15,15,16,0,3,4,1,1.00,1.14,2000,1.00,1.00
3471,Tinkerer Sniggles,7048,16,16,16,0,7,0,1,1.00,1.14,2000,1.00,1.00
3475,Echeyakee,1934,16,16,16,0,1,0,1,1.00,1.14,2000,1.00,1.00
3477,Hraq,3866,18,18,29,4226,7,0,1,1.00,1.14,2000,1.00,1.00
3480,Moorane Hearthgrain,3867,18,18,29,642,7,0,1,1.00,1.14,2000,1.00,1.00
3481,Barg,3868,14,14,29,386,7,0,1,1.00,1.14,2000,1.00,1.00
3482,Tari'qa,4095,14,14,126,130,7,0,1,1.00,1.14,2000,1.00,1.00
3485,Wrahk,3873,18,18,29,130,7,0,1,1.00,1.14,2000,1.00,1.00
3486,Halija Whitestrider,3875,19,19,29,4226,7,0,1,1.00,1.14,2000,1.00,1.00
3488,Uthrok,1866,16,16,29,4482,7,0,1,1.00,1.14,2000,1.00,1.00
3489,Zargh,3877,16,16,29,643,7,0,1,1.00,1.14,2000,1.00,1.00
3495,Gagsprocket,7096,20,20,69,130,7,0,1,1.00,1.14,2000,1.00,1.00
3503,Silithid Protector,1307,18,19,7,0,1,0,1,1.00,1.14,2000,1.00,1.00
3504,Gil,338,1,1,12,0,7,0,1,1.00,1.14,2000,1.00,1.00
3505,Pat,257,1,1,12,0,7,0,1,1.00,1.14,2000,1.00,1.00
3507,Andi,252,1,1,12,0,7,0,1,1.00,1.14,2000,1.00,1.00
3508,Mikey,251,1,1,12,0,7,0,1,1.00,1.14,2000,1.00,1.00
3509,Geoff,338,1,1,12,0,7,0,1,1.00,1.14,2000,1.00,1.00
3510,Twain,221,1,1,12,0,7,0,8,1.00,1.14,2000,1.00,1.00
3511,Steven,262,1,1,12,0,7,0,1,1.00,1.14,2000,1.00,1.00
3512,Jimmy,251,1,1,12,0,7,0,1,1.00,1.14,2000,1.00,1.00
3514,Tenaron Stormgrip,1527,10,10,80,2,7,0,1,1.00,1.14,2000,1.00,1.00
3515,Corithras Moonrage,1528,10,10,80,2,7,0,1,1.00,1.14,2000,1.00,1.00
3517,Rellian Greenspyre,5071,17,17,80,2,7,0,1,1.00,1.14,1500,1.00,1.00
3518,Thomas Miller,1541,15,15,12,641,7,0,1,1.00,1.14,2000,1.00,1.00
3519,Sentinel Arynia Cloudsbreak,1543,10,10,80,2,7,0,1,1.00,1.14,2000,1.00,1.00
3520,Ol' Emma,1544,2,2,12,2,7,0,1,1.00,1.14,2000,1.00,1.00
3522,Constance Brisboise,1633,11,11,68,4226,7,0,1,1.00,1.14,2000,1.00,1.00
3524,Spirit Wolf,1236,1,1,14,0,1,0,1,2.00,1.14,2000,1.00,1.00
3527,Healing Stream Totem,4587,1,80,58,0,11,0,1,1.00,1.00,2000,1.00,0.05
3528,Pyrewood Armorer,3349,14,15,123,4224,7,0,1,1.00,1.14,2000,1.00,1.00
3529,Moonrage Armorer,729,14,15,24,128,7,0,1,1.00,1.14,2000,1.00,1.00
3530,Pyrewood Tailor,3352,14,15,123,4224,7,0,1,1.00,1.14,2000,1.00,1.00
3531,Moonrage Tailor,729,14,15,24,0,7,0,1,1.00,1.14,2000,1.00,1.00
3532,Pyrewood Leatherworker,3365,14,15,123,4224,7,0,1,1.00,1.14,2000,1.00,1.00
3533,Moonrage Leatherworker,729,14,15,24,0,7,0,1,1.00,1.14,2000,1.00,1.00
3534,Wallace the Blind,3552,19,19,35,4224,7,0,1,1.00,1.14,2000,1.00,1.00
3535,Blackmoss the Fetid,1549,13,13,14,0,4,4,1,0.67,1.14,2000,1.00,1.00
3547,Hamlin Atkins,1635,10,10,68,642,6,0,1,1.00,1.14,2000,1.00,1.00
3548,Selina Weston,1639,12,12,68,130,7,0,1,1.00,1.14,2000,1.00,1.00
3550,Martine Tramblay,1636,15,15,68,128,7,0,1,1.00,1.14,2000,1.00,1.00
3551,Patrice Dwyer,3543,20,20,68,1154,7,0,1,1.00,1.14,2000,1.00,1.00
3552,Alexandre Lefevre,3544,18,18,68,4226,7,0,1,1.00,1.14,2000,1.00,1.00
3553,Sebastian Meloche,3536,18,18,68,4224,7,0,1,1.00,1.14,2000,1.00,1.00
3554,Andrea Boynton,3547,18,20,68,4226,7,0,1,1.00,1.14,2000,1.00,1.00
3555,Johan Focht,3537,19,19,68,82,7,0,1,1.00,1.14,2000,1.00,1.00
3556,Andrew Hilbert,3548,18,18,68,130,7,0,1,1.00,1.14,2000,1.00,1.00
3558,[UNUSED] Temp Poisoning Vendor Undead,1196,20,20,68,0,6,0,1,1.00,1.14,2000,1.00,1.00
3559,Temp Poisoning Vendor Dwarf,115,20,20,55,0,7,0,1,1.20,1.14,2000,1.00,1.00
3560,Healing Ward,2030,17,37,58,0,10,0,1,1.00,1.00,2000,1.00,1.00
3564,Temp Reagent Vendor Dwarf,115,20,20,55,0,7,0,1,1.20,1.14,2000,1.00,1.00
3565,[UNUSED] Temp Reagent Vendor Undead,1196,20,20,68,0,6,0,1,1.00,1.14,2000,1.00,1.00
3566,Flatland Prowler,1056,9,9,16,0,1,0,1,1.00,0.86,2000,1.00,1.00
3567,Tallonkai Swiftroot,2686,11,11,80,3,7,0,1,1.00,1.14,2000,1.00,1.00
3568,Mist,599,10,10,80,2,1,0,1,1.00,1.14,1500,1.00,1.00
3569,Bogling,1081,5,5,16,0,4,0,8,0.67,0.86,2000,1.00,0.50
3570,Cleansed Timberling,862,7,7,16,0,4,0,1,0.67,0.86,2000,1.00,1.00
3573,Mana Spring Totem,4587,1,80,58,0,11,0,2,1.00,1.00,2000,1.00,0.05
3575,Praenus Raxxeus,10813,1,1,29,0,7,1,1,1.20,1.14,2000,7.50,3.00
3577,Dalaran Brewmaster,3538,15,16,76,640,7,0,1,1.00,1.14,2000,1.00,1.00
3578,Dalaran Miner,3539,15,16,76,128,7,0,1,1.00,1.14,2000,1.00,1.00
3579,Stoneclaw Totem,4588,1,80,58,0,11,0,2,1.00,1.00,2000,1.00,0.26
3583,Barithras Moonshade,4414,14,14,1076,2,7,0,1,1.00,1.14,2000,1.00,1.00
3584,Therylune,2723,17,17,124,2,7,0,1,1.00,1.14,2000,1.00,1.00
3585,Therysil,876,17,17,124,2,7,0,1,1.00,1.14,2000,1.00,1.00
3586,Miner Johnson,556,19,19,17,0,7,2,1,1.44,1.14,1500,2.25,3.00
3587,Lyrai,1730,9,9,80,386,7,0,1,1.00,1.14,2000,1.00,1.00
3588,Khardan Proudblade,1729,8,8,80,4224,7,0,1,1.00,1.14,2000,1.00,1.00
3589,Keina,1728,10,10,80,4482,7,0,1,1.00,1.14,2000,1.00,1.00
3590,Janna Brightmoon,1727,9,9,80,4226,7,0,1,1.00,1.14,2000,1.00,1.00
3591,Freja Nightwing,1726,9,9,80,4226,7,0,1,1.00,1.14,2000,1.00,1.00
3592,Andiss,1722,10,10,80,4224,7,0,1,1.00,1.14,2000,1.00,1.00
3593,Alyissia,1721,11,11,80,51,7,0,1,1.00,1.14,2000,1.00,1.00
3594,Frahun Shadewhisper,1725,11,11,80,51,7,0,1,1.00,1.14,2000,1.00,1.00
3595,Shanda,1733,10,10,80,51,7,0,1,1.00,1.14,2000,1.00,1.00
3596,Ayanna Everstride,1723,10,10,80,51,7,0,1,1.00,1.14,2000,1.00,1.00
3597,Mardant Strongoak,1732,11,11,80,51,7,0,1,1.00,1.14,2000,1.00,1.00
3598,Kyra Windblade,1707,19,19,80,51,7,0,1,1.00,1.14,2000,1.00,1.00
3599,Jannok Breezesong,1704,20,20,80,51,7,0,1,1.00,1.14,2000,1.00,1.00
3601,Dazalar,1703,20,20,80,51,7,0,1,1.00,1.14,2000,1.00,1.00
3604,Malorne Bladeleaf,1709,17,17,80,82,7,0,1,1.00,1.14,2000,1.00,1.00
3608,Aldia,1700,17,17,80,386,7,0,1,1.00,1.14,2000,1.00,1.00
3609,Shalomon,1712,18,18,80,4224,7,0,1,1.00,1.14,2000,1.00,1.00
3610,Jeena Featherbow,1705,19,19,80,4482,7,0,1,1.00,1.14,2000,1.00,1.00
3611,Brannol Eaglemoon,1701,16,16,80,4226,7,0,1,1.00,1.14,2000,1.00,1.00
3612,Sinda,1714,20,20,80,4226,7,0,1,1.00,1.14,2000,1.00,1.00
3613,Meri Ironweave,1710,19,19,80,4224,7,0,1,1.00,1.14,2000,1.00,1.00
3614,Narret Shadowgrove,1711,16,16,80,130,7,0,1,1.00,1.14,2000,1.00,1.00
3617,Lordaeron Citizen,146,15,15,7,0,6,0,1,1.11,1.14,2000,1.00,2.00
3619,Ghost Saber,4472,19,20,14,0,1,0,1,1.00,1.14,2000,1.00,1.00
3623,[UNUSED] Tursk,4297,10,10,29,0,7,0,1,1.00,1.14,2000,1.00,1.00
3626,Jenn Langston,1697,5,5,12,0,7,0,1,1.00,1.43,2000,1.00,1.00
3627,Erich Lohan,1694,5,5,12,0,7,0,1,1.00,1.14,2000,1.00,1.00
3628,Steven Lohan,1695,5,5,12,1,7,0,1,1.00,1.14,2000,1.00,1.00
3629,David Langston,1696,5,5,12,0,7,0,1,1.00,1.14,2000,1.00,1.00
3630,Deviate Coiler,1742,15,16,14,0,1,0,1,1.00,1.43,2000,1.00,1.00
3631,Deviate Stinglash,4091,16,17,14,0,1,0,1,1.00,1.43,2000,1.00,1.00
3632,Deviate Creeper,1744,15,16,270,0,1,0,1,1.00,1.14,2000,1.00,1.00
3633,Deviate Slayer,949,16,17,270,0,1,0,1,1.00,1.14,2000,1.00,1.00
3634,Deviate Stalker,1746,15,15,270,0,1,0,1,1.00,1.14,2000,1.00,1.00
3636,Deviate Ravager,1747,18,19,270,0,1,1,1,1.00,1.14,2000,1.70,3.00
3637,Deviate Guardian,755,18,19,270,0,1,1,1,1.00,1.14,2000,1.70,3.00
3638,Devouring Ectoplasm,4266,16,17,14,0,10,0,1,1.00,1.14,2000,1.00,1.00
3639,Sentinel Tysha Moonblade,1750,10,10,80,2,7,0,1,1.00,1.14,2000,1.00,1.00
3640,Evolving Ectoplasm,1751,17,18,14,0,10,1,1,1.00,1.14,2000,1.70,3.00
3641,Deviate Lurker,1752,16,17,14,0,1,0,1,1.00,1.14,2000,1.00,1.00
3642,Deviate Horror,1754,18,19,14,0,1,1,1,1.20,1.14,2000,1.70,3.00
3644,Cerellean Whiteclaw,1757,15,15,80,2,7,0,1,1.00,1.14,2000,1.00,1.00
3649,Thundris Windweaver,1770,15,15,80,3,7,0,1,1.00,1.14,2000,1.00,1.00
3650,Asterion,1771,15,15,80,2,7,0,1,1.00,1.14,2000,1.00,1.00
3651,[UNUSED] Kolkar Observer,1226,16,16,130,0,7,2,1,1.00,1.14,2000,7.50,3.00
3652,Trigore the Lasher,1092,17,17,14,0,10,4,1,1.00,1.14,2000,1.00,1.25
3653,Kresh,5126,20,20,7,0,1,1,1,1.00,1.14,2000,1.70,3.00
3654,Mutanus the Devourer,4088,20,20,270,0,7,1,1,1.00,1.14,2000,2.40,8.00
3655,Mad Magglish,7221,17,17,14,0,7,0,1,1.00,1.14,2000,1.00,1.00
3657,Sentinel Elissa Starbreeze,2529,20,20,80,2,7,0,1,1.00,1.14,2000,1.00,1.00
3658,Lizzarik,7057,19,19,69,4226,7,0,1,1.00,1.14,2000,1.00,1.00
3661,Balthule Shadowstrike,2530,15,15,80,2,7,0,1,1.00,1.14,2000,1.00,1.00
3662,Delmanis the Hated,467,17,17,90,0,3,0,8,1.00,1.14,2000,1.00,1.00
3663,Delgren the Purifier,2531,19,19,123,2,7,0,1,1.00,1.14,2000,1.00,1.00
3665,Crane Operator Bigglefuzz,7051,18,18,69,2,7,0,1,1.00,1.14,2000,1.00,1.00
3666,Wizbang Cranktoggle,4474,15,15,64,2,7,0,1,1.00,1.14,2000,1.00,1.00
3667,Anaya Dawnrunner,1937,16,16,7,0,6,0,1,1.00,1.14,2000,1.00,1.00
3668,Tortured Highborne Soul,4471,20,20,35,0,7,0,1,1.20,1.14,2000,1.00,1.00
3669,Lord Cobrahn,4213,20,20,270,0,7,1,2,1.00,1.14,2000,2.30,5.00
3670,Lord Pythas,4214,20,20,270,0,7,1,2,1.00,1.14,2000,2.70,5.00
3671,Lady Anacondra,4313,20,20,270,0,7,1,2,1.00,1.14,2000,2.50,5.00
3672,Boahn,4212,17,17,270,0,7,4,2,1.00,1.14,2000,1.00,1.50
3673,Lord Serpentis,4215,20,20,270,0,7,1,2,1.00,1.14,2000,2.70,6.00
3674,Skum,4203,20,20,14,0,1,1,1,1.00,1.14,2000,2.00,7.50
3678,Disciple of Naralex,1941,20,20,35,1,7,1,2,1.00,1.14,2000,1.70,3.00
3680,Serpentbloom Snake,4268,1,1,7,0,1,0,1,1.00,0.86,2000,1.00,0.20
3681,Wisp,10045,1,1,80,0,8,0,1,1.00,1.14,2000,1.00,1.00
3692,Volcor,1899,19,19,10,2,7,0,1,1.00,1.14,2000,1.00,1.00
3693,Terenthis,1956,15,15,80,3,7,0,1,1.00,1.14,2000,1.00,1.00
3694,Sentinel Selarin,1982,20,20,80,2,7,0,1,1.00,1.14,2000,1.00,1.00
3695,Grimclaw,913,13,13,80,0,1,0,1,1.00,1.14,2000,1.00,1.00
3697,Kyln Longclaw,4303,1,1,35,0,7,0,1,1.20,1.14,2000,1.00,1.00
3699,Nerra,4302,12,12,80,0,7,0,1,1.20,1.14,2000,1.00,1.00
3701,Tharnariun Treetender,4485,18,18,80,3,7,0,1,1.00,1.14,2000,1.00,1.00
3702,Alanndarian Nightsong,4487,18,22,80,3,7,0,1,1.00,1.14,2000,1.00,1.00
3706,Tai'jin,1897,18,18,126,51,7,0,1,1.00,1.14,2000,1.00,1.00
3707,Ken'jai,4068,10,10,126,51,7,0,1,1.00,1.14,2000,1.00,1.00
3711,Wrathtail Myrmidon,6747,20,21,74,0,7,0,1,1.00,1.14,2000,1.00,1.02
3712,Wrathtail Razortail,11264,19,20,74,0,7,0,2,1.00,1.14,2000,1.00,1.00
3713,Wrathtail Wave Rider,4765,18,19,74,0,7,0,1,1.00,1.14,2000,1.00,1.00
3715,Wrathtail Sea Witch,4981,19,20,74,0,7,0,2,1.00,1.14,2000,1.00,1.00
3717,Wrathtail Sorceress,4972,18,19,74,0,7,0,8,1.00,1.14,2000,1.00,1.00
3718,[UNUSED] Wrathtail Tide Princess,4973,20,21,74,0,7,4,1,1.00,1.14,2000,1.00,1.02
3721,Mystlash Hydra,10898,19,20,74,0,10,0,1,1.00,1.14,2000,1.00,1.00
3722,Mystlash Flayer,6735,20,21,74,0,10,0,1,1.00,1.14,2000,1.00,1.02
3725,Dark Strand Cultist,4255,18,19,21,0,7,0,8,1.00,1.14,2000,1.00,1.00
3727,Dark Strand Enforcer,21014,20,21,21,0,7,0,1,1.00,1.14,2000,1.00,1.02
3728,Dark Strand Adept,4220,18,19,21,0,7,0,8,1.00,1.14,2000,1.00,1.00
3730,Dark Strand Excavator,19831,19,20,21,0,7,0,1,1.00,1.14,2000,1.00,1.00
3732,Forsaken Seeker,4127,18,19,118,0,7,0,2,1.00,1.14,2000,1.00,1.00
3733,Forsaken Herbalist,4129,18,19,83,0,7,0,1,1.00,1.14,2000,1.00,1.00
3734,Forsaken Thug,4131,20,20,83,0,7,0,1,1.00,1.14,2000,1.00,1.00
3737,Saltspittle Puddlejumper,3617,19,20,18,0,7,0,1,1.00,1.14,2000,1.00,1.00
3739,Saltspittle Warrior,540,19,20,18,0,7,0,1,1.00,1.14,2000,1.00,1.00
3740,Saltspittle Muckdweller,652,20,21,18,0,7,0,1,1.00,1.14,2000,1.00,1.02
3742,Saltspittle Oracle,4920,20,21,18,0,7,0,2,1.00,1.14,2000,1.00,1.02
3793,Initiate Druid,2572,1,1,79,0,7,0,1,1.20,1.14,2000,1.00,1.00
3796,Druid of the Wild,2572,1,1,79,0,7,0,1,1.20,1.14,2000,1.00,1.00
3812,Clattering Crawler,9566,19,20,7,0,1,0,1,1.00,1.14,2000,1.00,1.00
3814,Spined Crawler,1001,20,21,7,0,1,0,1,1.00,1.14,2000,1.00,1.02
3816,Wild Buck,1917,18,19,189,0,1,0,1,0.80,1.43,2000,1.00,1.00
3819,Wildthorn Stalker,1103,20,21,22,0,1,0,1,1.00,1.14,2000,1.00,1.02
3823,Ghostpaw Runner,802,19,20,38,0,1,0,1,1.00,1.14,2000,1.00,1.00
3826,Rabid Ghostpaw,802,1,1,38,0,1,0,1,1.20,1.14,2000,1.00,1.00
3832,Cenarion Steward,2572,1,1,79,0,7,0,1,1.20,1.14,2000,1.00,1.00
3835,Biletoad,1924,1,1,7,0,8,0,1,1.00,0.86,2000,1.70,0.20
3839,Voidlasher,1131,19,20,16,0,3,1,1,1.20,1.14,2000,7.50,3.00
3840,Druid of the Fang,4211,19,19,270,0,7,1,2,1.00,1.14,2000,1.70,3.00
3843,Anaya,1937,14,14,80,0,7,0,1,1.00,1.14,2000,1.00,1.00
3846,Talen,4173,17,17,1076,3,7,0,1,1.00,1.14,2000,1.00,1.00
3849,Deathstalker Adamant,2006,18,18,68,1,7,1,1,1.00,1.14,2000,1.70,3.00
3850,Sorcerer Ashcrombe,2005,18,18,12,1,7,1,8,1.00,1.14,2000,1.70,3.00
3851,Shadowfang Whitescalp,729,18,19,24,0,7,1,2,1.00,1.14,2000,1.70,3.00
3852,Shadowfang Bloodhowler,202,19,19,24,0,7,1,1,1.20,1.14,2000,7.50,3.00
3853,Shadowfang Moonwalker,729,19,19,24,0,7,1,2,1.00,1.14,2000,1.70,3.00
3854,Shadowfang Wolfguard,203,20,20,24,0,7,1,1,1.00,1.14,2000,1.70,3.00
3855,Shadowfang Darksoul,657,19,19,24,0,7,1,2,1.00,1.14,2000,1.70,3.00
3857,Shadowfang Glutton,202,19,19,24,0,7,1,1,1.00,1.14,2000,1.70,3.00
3859,Shadowfang Ragetooth,736,20,20,24,0,7,1,1,1.00,1.14,2000,1.70,3.00
3860,Shadowfang Tainted One,574,20,20,24,0,7,1,2,1.20,1.14,2000,7.50,3.00
3861,Bleak Worg,801,18,21,24,0,1,1,1,1.00,1.14,2000,1.70,3.00
3862,Slavering Worg,11421,18,21,24,0,1,1,1,1.00,1.43,1200,1.70,3.00
3863,Lupine Horror,2446,20,21,24,0,6,1,1,1.00,1.14,2000,1.70,3.00
3864,Fel Steed,1951,19,19,15,0,1,1,1,1.00,1.29,2000,1.70,3.00
3865,Shadow Charger,1952,18,19,15,0,1,1,1,1.00,1.29,2000,1.70,3.00
3866,Vile Bat,8808,20,20,24,0,1,1,1,1.00,1.14,2000,1.70,3.00
3868,Blood Seeker,1955,20,20,24,0,1,1,1,1.00,1.14,2000,1.70,3.00
3869,Lesser Gargoyle,7533,20,20,16,0,6,1,1,1.20,1.14,2000,1.70,3.00
3870,Stone Sleeper,7534,20,20,16,0,6,1,1,1.20,1.14,2000,1.70,3.00
3873,Tormented Officer,3225,20,20,24,0,6,1,1,1.00,1.14,2000,1.70,3.00
3875,Haunted Servitor,3229,18,19,24,0,6,1,1,1.00,1.14,2000,1.70,3.00
3876,Traumatized Spirit,3227,18,18,24,0,6,1,1,1.20,1.14,2000,1.70,3.00
3877,Wailing Guardsman,3226,19,19,24,0,6,1,1,1.00,1.14,2000,1.70,3.00
3878,Magthrull's Doomguard,68,20,20,90,0,3,0,1,1.20,1.14,2000,1.00,1.00
3881,Grimtak,3755,14,14,29,643,7,0,1,1.00,1.14,2000,1.00,1.00
3882,Zlagk,3753,9,9,29,642,7,0,1,1.00,1.14,2000,1.00,1.00
3883,Moodan Sungrain,3812,11,11,104,642,7,0,1,1.00,1.14,2000,1.00,1.00
3884,Jhawna Oatwind,3807,13,13,104,642,7,0,1,1.00,1.14,2000,1.00,1.00
3886,Razorclaw the Butcher,524,20,20,24,0,7,1,1,1.00,1.14,3200,2.50,4.00
3887,Baron Silverlaine,3222,20,20,24,0,6,1,1,1.00,1.14,2000,1.70,5.00
3888,Korra,11446,20,20,80,0,1,0,1,1.00,1.14,2000,1.00,1.00
3891,Teronis' Corpse,1983,20,20,80,2,7,0,1,1.00,1.14,2000,1.00,1.00
3892,Relara Whitemoon,4168,1,1,80,2,7,0,1,1.00,1.14,2000,1.00,1.00
3897,Krolg,1010,9,9,934,2,7,0,1,0.67,0.99,2000,1.00,1.00
3904,Searing Totem IV,4589,1,80,58,0,11,0,2,1.00,1.00,2000,1.00,1.15
3906,Healing Stream Totem II,4587,1,80,58,0,11,0,2,1.00,1.00,2000,1.00,0.05
3907,Healing Stream Totem III,4587,1,80,58,0,11,0,2,1.00,1.00,2000,1.00,0.05
3908,Healing Stream Totem IV,4587,1,80,58,0,11,0,2,1.00,1.00,2000,1.00,0.05
3909,Healing Stream Totem V,4587,1,80,58,0,11,0,2,1.00,1.00,2000,1.00,0.05
3911,Stoneclaw Totem II,4588,1,80,58,0,11,0,2,1.00,1.00,2000,1.00,0.33
3912,Stoneclaw Totem III,4588,1,80,58,0,11,0,2,1.00,1.00,2000,1.00,0.39
3913,Stoneclaw Totem IV,4588,1,80,58,0,11,0,2,1.00,1.00,2000,1.00,0.46
3914,Rethilgore,524,20,20,24,0,7,1,1,1.00,1.14,2000,1.70,4.00
3928,Rotting Slime,2028,20,22,14,0,10,0,1,1.00,1.14,2000,1.00,1.02
3933,Hai'zan,4082,14,14,126,642,7,0,1,1.00,1.14,2000,1.00,1.00
3935,Toddrick,3236,10,10,12,640,7,0,1,1.00,1.14,2000,1.00,1.00
3937,Kira Songshine,3234,12,12,12,640,7,0,1,1.00,1.14,1500,1.00,1.00
3938,Roth Bluntblade,2032,15,15,11,0,7,0,1,1.20,1.14,2000,1.00,1.00
3939,Razormane Wolf,643,7,8,109,0,1,0,1,1.00,1.14,2000,1.00,1.00
3944,Wrathtail Priestess,6749,20,21,74,0,7,0,2,1.00,1.14,2000,1.00,1.02
3947,Goblin Shipbuilder,7112,19,20,17,0,7,1,1,1.00,1.14,2000,1.70,3.00
3948,Honni Goldenoat,2036,10,10,55,642,7,0,1,1.00,1.14,2000,1.00,1.00
3961,Maliynn,2058,19,19,80,642,7,0,1,1.00,1.14,2000,1.00,1.00
3981,Vorrel Sengutz,2046,8,8,68,2,7,0,1,1.00,1.14,2000,2.40,1.00
3982,Monika Sengutz,2050,7,7,68,2,7,0,1,1.00,1.14,2000,1.00,1.00
3988,Venture Co. Operator,7230,19,20,47,0,7,0,1,1.00,1.14,2000,1.00,1.00
3989,Venture Co. Logger,7228,18,19,47,0,7,0,1,1.00,1.14,2000,1.00,1.00
3990,Venture Co. Cutter,7225,17,17,47,0,7,0,1,1.00,1.14,2000,1.00,1.00
3991,Venture Co. Deforester,7226,19,20,47,0,7,0,8,1.00,1.14,2000,1.00,1.00
3992,Venture Co. Engineer,7227,20,21,47,0,7,0,1,1.00,1.14,2000,1.00,1.02
3996,Faldreas Goeth'Shael,4172,19,19,80,2,7,0,1,1.00,1.14,2000,1.00,1.00
3998,Windshear Vermin,26,20,21,26,0,7,0,1,1.00,1.14,2000,1.00,1.02
4001,Windshear Tunnel Rat,373,19,20,26,0,7,0,1,1.00,1.14,2000,1.00,1.00
4003,Windshear Geomancer,163,20,21,26,0,7,0,8,1.00,1.14,2000,1.00,1.02
4005,Deepmoss Creeper,760,16,17,22,0,1,0,1,1.00,1.14,2000,1.00,1.00
4006,Deepmoss Webspinner,1989,19,20,22,0,1,0,1,1.00,1.14,2000,1.00,1.00
4007,Deepmoss Venomspitter,759,17,18,22,0,1,0,1,1.00,1.14,2000,1.00,0.75
4008,Cliff Stormer,1537,15,17,14,0,1,0,1,1.00,1.14,2000,1.00,1.00
4009,Raging Cliff Stormer,1538,18,19,14,0,1,0,1,1.00,1.14,2000,1.00,1.00
4011,Young Pridewing,2154,19,20,16,0,1,0,1,1.00,1.43,2000,1.00,1.00
4043,Galthuk,4612,8,8,29,4226,7,0,1,1.00,1.14,2000,1.00,1.00
4045,JEFF CHOW TEST,18540,1,1,35,0,7,0,1,1.00,1.14,2000,1.00,1.00
4055,Mirkfallon Glade Strider,150,1,1,79,0,7,0,1,1.00,0.86,2000,1.00,1.00
4059,Forest Spirit,1825,1,1,35,0,10,0,1,3.60,2.14,2000,1.00,1.00
4064,Blackrock Scout,6038,20,21,40,0,7,0,1,1.00,1.14,2000,1.00,1.00
4068,Serpent Messenger,1742,10,10,35,0,1,0,1,1.00,0.86,2000,1.00,0.20
4069,Venture Co. Planner,7232,18,19,47,0,7,0,2,1.20,1.14,2000,1.00,1.00
4070,Venture Co. Builder,7224,20,21,47,0,7,0,1,1.00,1.14,2000,1.00,1.02
4071,Venture Co. Grinder,7223,17,18,47,0,7,0,1,1.01,1.14,2000,1.00,1.00
4072,Prisoner of Jin'Zil,3894,20,20,80,0,7,0,1,1.00,1.14,2000,1.00,1.00
4075,Rat,1141,1,1,31,0,8,0,1,1.00,0.86,2000,3.50,0.20
4076,Roach,2177,1,1,188,0,8,0,1,0.40,0.86,2000,2.40,0.20
4115,[UNUSED] Gravelsnout Ambusher,26,1,1,16,0,7,0,1,1.00,1.14,2000,1.00,1.00
4127,Hecklefang Hyena,2710,15,16,38,0,1,0,1,1.00,1.14,2000,1.00,1.00
4129,Hecklefang Snarler,2711,18,19,38,0,1,0,1,1.00,1.14,2000,1.00,1.00
4166,Gazelle,1547,3,3,188,0,8,0,1,1.00,0.86,2000,1.00,0.20
4174,Siannai,2223,1,1,35,0,7,0,1,1.20,1.14,2000,1.00,1.05
4182,Dalmond,4404,17,17,80,386,7,0,1,1.00,1.14,2000,1.00,1.00
4183,Naram Longclaw,4408,20,20,80,4224,7,0,1,1.00,1.14,2000,1.00,1.00
4185,Shaldyn,4402,15,15,80,4226,7,0,1,1.00,1.14,2000,1.00,1.00
4186,Mavralyn,4406,18,18,80,4226,7,0,1,1.00,1.14,2000,1.00,1.00
4189,Valdaron,4401,14,14,80,128,7,0,1,1.00,1.14,2000,1.00,1.00
4190,Kyndri,4399,13,13,80,642,7,0,1,1.00,1.14,2000,1.00,1.00
4191,Allyndia,4403,15,15,80,642,7,0,1,1.00,1.14,2000,1.00,1.00
4192,Taldan,4405,16,16,80,642,7,0,1,1.00,1.14,2000,1.00,1.00
4194,Ullanna,4409,15,15,80,130,7,0,1,1.00,1.14,2000,1.00,1.00
4195,Tiyani,4410,15,15,80,642,7,0,1,1.00,1.14,2000,1.00,1.00
4197,Ken'zigla,4105,20,20,126,2,7,0,1,1.00,1.14,2000,1.00,1.00
4200,Laird,9549,14,14,80,643,7,0,1,1.00,1.14,2000,1.00,1.00
4201,Ziz Fizziks,7156,20,20,35,2,7,0,1,1.00,1.14,2000,1.00,1.00
4224,Talegon,2269,1,1,35,0,7,0,1,1.20,1.14,2000,1.00,1.05
4253,Bear Form (Night Elf Druid),2281,6,7,7,0,1,0,1,1.20,1.14,2000,1.00,1.00
4261,Bear Form (Tauren Druid),2289,6,7,7,0,1,0,1,1.20,1.14,2000,1.00,1.00
4263,Deepmoss Hatchling,957,14,14,312,0,1,0,1,1.00,1.14,2000,1.00,1.00
4265,Nyoma,4236,20,20,80,131,7,0,1,1.00,1.14,2000,1.00,1.00
4266,Danlyia,4235,17,17,80,642,7,0,1,1.00,1.14,2000,1.00,1.00
4268,Gray Wolf,2320,10,10,35,0,1,0,1,0.91,1.14,2000,1.00,1.00
4269,Chestnut Mare,2405,1,2,35,0,1,0,1,0.91,1.14,2000,1.00,1.00
4270,Red Wolf,2326,10,10,35,0,1,0,1,0.91,1.14,2000,1.00,1.00
4271,Dire Wolf,2327,10,10,35,0,1,0,1,0.91,1.14,2000,1.00,1.00
4272,Brown Wolf,2328,10,10,35,0,1,0,1,0.91,1.14,2000,1.00,1.00
4276,Piznik,7157,20,20,42,2,7,0,1,1.00,1.14,2000,1.00,1.00
4278,Commander Springvale,3223,20,20,24,0,6,1,2,1.00,1.14,2000,2.30,5.00
4316,Kolkar Packhound,1535,13,13,130,0,1,0,1,1.00,1.14,2000,1.00,1.00
4408,Aquatic Form (Night Elf Druid),2428,1,1,35,0,1,0,1,1.20,1.14,2000,1.00,1.00
4410,Aquatic Form (Tauren Druid),2428,1,1,35,0,1,0,1,1.20,1.14,2000,1.00,1.00
4416,Defias Strip Miner,2438,18,19,17,0,7,0,1,0.67,1.14,2000,1.00,1.00
4417,Defias Taskmaster,2440,18,19,17,0,7,1,1,1.00,1.14,2000,1.70,3.00
4418,Defias Wizard,2447,18,19,17,0,7,1,8,1.00,1.14,2000,1.70,3.00
4443,Wazza,2589,1,1,35,0,7,0,1,1.20,1.14,2000,1.00,1.00
4446,Mazzer Stripscrew,10982,1,1,35,0,7,0,1,0.91,1.14,2000,1.00,1.10
4473,Skeletal Adept,158,1,1,32,0,6,1,1,1.27,1.14,2000,7.50,1.00
4484,Feero Ironhand,2594,20,20,123,2,7,0,1,1.00,1.00,2000,1.00,1.00
4491,Woof,372,1,1,84,0,1,0,1,1.20,1.14,2000,1.00,1.00
4507,Daisy,2591,15,15,35,0,7,0,1,1.00,1.14,2000,1.00,1.00
4509,Sargath,2595,20,20,80,0,7,0,1,1.00,1.14,2000,1.00,1.00
4521,Treshala Fallowbrook,9055,20,20,80,2,7,0,1,1.00,1.14,2000,1.00,1.00
4625,Death's Head Ward Keeper,6101,15,15,153,0,7,0,1,1.00,1.14,2000,1.00,1.00
4627,Arugal's Voidwalker,1131,20,20,24,0,3,0,1,1.00,1.14,2000,1.00,1.00
4710,Gray Ram,2736,1,2,35,0,1,0,1,0.91,1.14,2000,1.00,1.00
4732,Randal Hunter,3274,10,10,12,83,7,0,1,1.00,1.14,2000,1.00,1.00
4772,Ultham Ironhorn,3410,10,10,55,83,7,0,1,1.00,1.14,2000,1.00,1.00
4777,White Ram,2786,1,2,35,0,1,0,1,0.91,1.14,2000,1.00,1.00
4778,Frost Ram,2787,1,2,35,0,1,0,1,0.91,1.14,2000,1.00,1.00
4779,Brown Ram,2785,1,2,35,0,1,0,1,1.00,1.39,2000,1.00,1.00
4780,Black Ram,2784,1,2,35,0,1,0,1,0.91,1.14,2000,1.00,1.00
4781,Snufflenose Gopher,2838,1,1,7,0,1,0,1,1.00,0.71,2000,1.00,1.00
4787,Argent Guard Thaelrid,4946,20,20,35,2,7,0,1,1.00,1.14,2000,1.70,1.00
4788,Fallenroot Satyr,2012,20,21,128,0,3,0,1,1.00,1.14,2000,1.00,1.00
4795,Force of Nature,1923,16,17,90,0,10,0,1,1.00,1.14,2000,1.00,1.00
4802,Blackfathom Tide Priestess,4983,20,21,128,0,7,0,2,1.00,1.14,2000,1.00,1.00
4901,Sara Pierce,13169,2,2,894,0,7,0,1,1.00,1.14,2000,1.00,1.05
4942,Test Petition Giver,1634,12,12,80,0,7,0,1,1.00,1.14,2000,1.00,1.00
4952,Theramore Combat Dummy,3019,1,1,1095,0,9,0,1,1.00,1.00,2000,1.00,0.02
4953,Moccasin,1986,1,1,7,0,8,0,1,1.00,0.86,2000,1.00,0.20
4955,Theramore Archery Target 1,3020,1,1,151,0,9,0,1,1.20,1.14,2000,1.00,1.00
4957,Theramore Combat Dummy 4,3019,1,1,1095,0,9,0,1,1.20,1.14,2000,1.00,1.00
4958,Haunting Spirit,985,20,20,16,0,6,0,1,1.00,1.14,1800,1.00,0.02
4959,Jorgen,4469,15,15,12,2,7,0,1,1.00,1.14,2000,1.00,1.00
4975,Theramore Archery Target 2,3020,1,1,151,0,9,0,1,1.20,1.14,2000,1.00,1.00
4982,Thomas,262,1,1,12,2,7,0,1,1.00,1.14,2000,1.00,1.00
4984,Argos Nightwhisper,5078,20,20,80,2,7,0,1,1.00,1.14,2000,1.00,1.00
4985,World Druid Trainer,2575,10,10,35,0,7,0,1,1.20,1.14,2000,1.00,1.00
4986,World Hunter Trainer,2575,10,10,35,0,7,0,1,1.20,1.14,2000,1.00,1.00
4987,World Mage Trainer,2575,10,10,35,0,7,0,1,1.20,1.14,2000,1.00,1.00
4988,World Paladin Trainer,2575,10,10,35,0,7,0,1,1.20,1.14,2000,1.00,1.00
4989,World Priest Trainer,2575,10,10,35,0,7,0,1,1.20,1.14,2000,1.00,1.00
4990,World Rogue Trainer,2575,10,10,35,0,7,0,1,1.20,1.14,2000,1.00,1.00
4991,World Shaman Trainer,2575,10,10,35,0,7,0,1,1.20,1.14,2000,1.00,1.00
4992,World Warrior Trainer,2575,10,10,35,0,7,0,1,1.20,1.14,2000,1.00,1.00
4993,World Warlock Trainer,2575,10,10,35,0,7,0,1,1.20,1.14,2000,1.00,1.00
4994,World Wolf Trainer,2575,10,10,35,0,7,0,1,1.20,1.14,2000,1.00,1.00
4997,World Fishing Trainer,2575,10,10,35,0,7,0,1,1.20,1.14,2000,1.00,1.00
4998,World Herbalism Trainer,2575,10,10,35,0,7,0,1,1.20,1.14,2000,1.00,1.00
4999,World Mining Trainer,2575,10,10,35,0,7,0,1,1.20,1.14,2000,1.00,1.00
5000,World Hunter Beast Trainer,2575,10,10,35,0,7,0,1,1.20,1.14,2000,1.00,1.00
5001,World Bird Trainer,2575,10,10,35,0,7,0,1,1.20,1.14,2000,1.00,1.00
5002,World Boar Trainer,2575,1,1,35,0,7,0,1,1.20,1.14,2000,1.00,1.00
5003,World Cat Trainer,2575,10,10,35,0,7,0,1,1.20,1.14,2000,1.00,1.00
5004,World Crawler Trainer,2575,10,10,35,0,7,0,1,1.20,1.14,2000,1.00,1.00
5005,World Crocodile Trainer,2575,10,10,35,0,7,0,1,1.20,1.14,2000,1.00,1.00
5006,World Demon Trainer - old,2575,10,10,35,0,7,0,1,1.20,1.14,2000,1.00,1.00
5007,World Felhunter Trainer,2575,10,10,35,0,7,0,1,1.20,1.14,2000,1.00,1.00
5008,World Gorilla Trainer,2575,10,10,35,0,7,0,1,1.20,1.14,2000,1.00,1.00
5009,World Horse Trainer,2575,10,10,35,0,7,0,1,1.20,1.14,2000,1.00,1.00
5010,World Imp Trainer,2575,10,10,35,0,7,0,1,1.20,1.14,2000,1.00,1.00
5011,World Raptor Trainer,2575,10,10,35,0,7,0,1,1.20,1.14,2000,1.00,1.00
5012,World Scorpid Trainer,2575,10,10,35,0,7,0,1,1.20,1.14,2000,1.00,1.00
5013,World Spider Trainer,2575,10,10,35,0,7,0,1,1.20,1.14,2000,1.00,1.00
5014,World Succubus Trainer,2575,10,10,35,0,7,0,1,1.20,1.14,2000,1.00,1.00
5015,World Tallstrider Trainer,2575,10,10,35,0,7,0,1,1.20,1.14,2000,1.00,1.00
5016,World Voidwalker Trainer,2575,10,10,35,0,7,0,1,1.20,1.14,2000,1.00,1.00
5017,World Turtle Trainer,2575,10,10,35,0,7,0,1,1.20,1.14,2000,1.00,1.00
5018,World Portal: Darnassus Trainer,2575,10,10,35,0,7,0,1,1.20,1.14,2000,1.00,1.00
5019,World Portal: Ironforge Trainer,2575,10,10,35,0,7,0,1,1.20,1.14,2000,1.00,1.00
5020,World Portal: Orgrimmar Trainer,2575,10,10,35,0,7,0,1,1.20,1.14,2000,1.00,1.00
5021,World Portal: Stormwind Trainer,2575,10,10,35,0,7,0,1,1.20,1.14,2000,1.00,1.00
5022,World Portal: Thunder Bluff Trainer,2575,10,10,35,0,7,0,1,1.20,1.14,2000,1.00,1.00
5023,World Portal: Undercity Trainer,2575,10,10,35,0,7,0,1,1.20,1.14,2000,1.00,1.00
5024,World First Aid Trainer,2575,10,10,35,0,7,0,1,1.20,1.14,2000,1.00,1.00
5026,World Horse Riding Trainer,2575,10,10,35,0,7,0,1,1.20,1.14,2000,1.00,1.00
5027,World Lockpicking Trainer,2575,1,1,16,0,7,0,1,1.20,1.14,2000,1.00,1.00
5028,World Ram Riding Trainer,2575,10,10,35,0,7,0,1,1.20,1.14,2000,1.00,1.00
5029,World Survival Trainer,2575,1,1,35,0,7,0,1,1.20,1.14,2000,1.00,1.00
5030,World Tiger Riding Trainer,2575,10,10,35,0,7,0,1,1.20,1.14,2000,1.00,1.00
5031,World Wolf Riding Trainer,2575,10,10,35,0,7,0,1,1.20,1.14,2000,1.00,1.00
5032,World Alchemy Trainer,2575,10,10,35,80,7,0,1,1.20,1.14,2000,1.00,1.00
5033,World Blacksmith Trainer,2575,10,10,35,0,7,0,1,1.20,1.14,2000,1.00,1.00
5034,World Brewing Trainer,2575,1,1,35,0,7,0,1,1.20,1.14,2000,1.00,1.00
5035,World Cartography Trainer,2575,10,10,35,0,7,0,1,1.20,1.14,2000,1.00,1.00
5036,World Cooking Trainer,2575,10,10,35,0,7,0,1,1.20,1.14,2000,1.00,1.00
5037,World Engineering Trainer,2575,10,10,35,80,7,0,1,1.20,1.14,2000,1.00,1.00
5038,World Enchanting Trainer,2575,10,10,35,80,7,0,1,1.20,1.14,2000,1.00,1.00
5039,World Tracking Trainer,2575,10,10,35,0,7,0,1,1.20,1.14,2000,1.00,1.00
5040,World Leatherworking Trainer,2575,10,10,35,80,7,0,1,1.20,1.14,2000,1.00,1.00
5041,World Tailoring Trainer,2575,10,10,35,80,7,0,1,1.20,1.14,2000,1.00,1.00
5043,Defias Rioter,2148,20,20,17,0,7,0,1,1.00,1.14,2000,1.00,1.00
5048,Deviate Adder,4317,18,19,270,0,1,1,1,1.00,1.14,2000,1.70,3.00
5053,Deviate Crocolisk,2996,18,19,16,0,1,0,1,1.00,1.14,2000,1.00,1.00
5055,Deviate Lasher,8172,19,19,270,0,4,0,1,1.00,1.14,2000,1.00,0.30
5056,Deviate Dreadfang,3006,19,19,270,0,1,1,1,1.00,1.43,2000,1.70,3.00
5058,Wolfguard Worg,246,20,20,24,0,1,0,1,1.00,1.14,1500,1.70,1.02
5061,World Guild Tabard Vendor,2575,10,10,35,0,7,0,1,1.20,1.14,2000,1.00,1.00
5062,World Reagent Vendor,2575,10,10,35,0,7,0,1,1.20,1.14,2000,1.00,1.00
5064,World Trade Supplies,2575,10,10,35,0,7,0,1,1.20,1.14,2000,1.00,1.00
5083,Clerk Lendry,3014,20,20,894,2,7,0,1,1.00,1.14,2000,1.00,1.00
5097,Lupine Delusion,3123,20,21,24,0,6,0,1,1.00,1.14,2000,1.00,1.00
5187,Southsea Cannon,3146,13,14,230,0,9,0,1,1.20,1.14,2000,1.00,1.00
5194,Black Riding Wolf,207,10,10,35,0,1,0,1,0.96,1.14,2000,1.00,1.00
5195,Brown Riding Wolf,2328,10,10,35,0,1,0,1,1.00,1.39,2000,1.00,1.00
5196,Gray Riding Wolf,2320,10,10,35,0,1,0,1,0.96,1.14,2000,1.00,1.00
5197,Red Riding Wolf,2326,10,10,35,0,1,0,1,0.96,1.14,2000,1.00,1.00
5198,Arctic Riding Wolf,1166,10,10,35,0,1,0,1,1.00,1.39,2000,1.00,1.00
5201,Pat's Test Human,1485,1,2,35,0,7,0,1,1.00,1.14,2000,1.00,1.00
5202,Archery Target,3020,1,1,168,0,9,0,1,1.00,1.00,2000,1.00,1.00
5386,Acolyte Dellis,5081,15,15,12,2,7,0,1,1.00,1.14,2000,1.00,1.00
5392,Yarr Hammerstone,3396,10,10,55,83,7,0,1,1.00,1.14,2000,1.00,1.00
5403,Riding White Stallion,2410,1,2,35,0,1,0,1,1.00,1.39,2000,1.00,1.00
5404,Black Stallion,2402,1,2,35,0,1,0,1,1.00,1.39,2000,1.00,1.00
5405,Pinto,2409,1,2,35,2,1,0,1,1.00,1.39,2000,1.00,1.00
5406,Palomino,2408,1,2,35,0,1,0,1,1.00,1.39,2000,1.00,1.00
5407,Nightmare,2346,1,2,35,0,3,0,1,1.00,1.39,2000,1.00,1.00
5435,Sand Shark,12193,12,13,16,0,1,1,1,1.00,1.14,2000,7.50,3.00
5436,Tamed Bird,2305,12,12,7,0,1,0,1,0.97,1.14,2000,1.00,1.25
5521,Glenrunner,1281,10,10,12,0,1,0,1,1.20,1.14,2000,1.00,1.00
5522,Ironclaw,670,10,10,12,0,1,0,1,1.20,1.14,2000,1.00,1.00
5543,Clarice Foster,3371,17,17,68,2,7,0,1,1.00,1.14,2000,1.00,1.00
5544,[UNUSED] Yuriv Adhem,3372,20,20,12,0,7,0,1,1.00,1.14,2000,1.00,1.00
5549,[PH] Mine Guard,3926,18,18,16,0,7,0,1,1.20,1.14,2000,1.00,1.00
5550,[PH] PVP Peasent,87,15,17,84,0,7,0,1,1.00,0.86,2000,1.00,1.00
5552,[PH] PVP Peon,87,15,17,83,0,7,0,1,1.00,0.86,2000,1.00,1.00
5554,[PH] PVP Wildlife,704,14,17,16,0,1,0,1,1.20,1.14,2000,1.00,1.00
5558,[PH] Alliance Guard,2688,15,18,84,0,7,0,1,1.20,1.14,2000,1.00,1.00
5559,[PH] Horde Guard,1906,15,18,83,0,7,0,1,1.20,1.14,2000,1.00,1.00
5560,[PH] Alliance Raider,2688,15,18,84,0,7,0,1,1.20,1.14,2000,1.00,1.00
5561,[PH] Horde Raider,1906,15,18,83,0,7,0,1,1.20,1.14,2000,1.00,1.00
5562,[PH] Alliance Archer,2688,15,18,84,0,7,0,1,1.20,1.14,2000,1.00,1.00
5563,[PH] Horde Archer,1906,15,18,83,0,7,0,1,1.20,1.14,2000,1.00,1.00
5568,Captured Leper Gnome,6926,8,8,35,0,7,0,1,1.00,1.14,2000,1.00,1.00
5588,[PH] Alliance Mine Guard,2989,18,18,84,0,7,0,1,1.20,1.14,2000,1.00,1.00
5590,[PH] Horde Mine Guard,1393,18,18,83,0,7,0,1,1.20,1.14,2000,1.00,1.00
5596,Twain Test Prop,6288,7,8,38,0,1,0,1,1.00,0.86,2000,1.00,1.00
5604,[UNUSED] [PH] Orcish Barfly,2576,1,1,83,0,7,0,1,1.00,1.14,2000,1.00,1.00
5606,Goma,3604,12,12,29,0,7,0,1,1.00,1.14,2000,1.00,1.00
5607,Roger,338,1,1,35,0,7,0,1,1.00,1.14,2000,1.00,1.00
5608,Jamin,221,1,1,35,0,7,0,1,1.00,1.14,2000,1.00,1.00
5609,Zazo,3605,14,14,29,0,7,0,1,1.00,1.14,2000,1.00,1.00
5610,Kozish,7137,12,12,29,0,7,0,1,1.00,1.14,2000,1.00,1.00
5611,Barkeep Morag,3606,13,13,29,642,7,0,1,1.00,1.14,2000,1.00,1.00
5612,Gimrizz Shadowcog,3607,15,15,875,49,7,0,1,1.00,1.14,1500,1.00,1.00
5613,Doyo'da,3608,11,11,126,0,7,0,1,1.00,1.14,2000,1.00,1.00
5621,Timmy,3639,1,1,68,0,6,0,1,1.20,1.14,2000,1.00,1.00
5626,Joey,3670,1,1,68,0,6,0,1,1.20,1.14,2000,1.00,1.00
5627,Johnny,3669,1,1,68,1,6,0,1,1.20,1.14,2000,1.00,1.00
5629,Theramore Commando,3946,15,15,210,0,7,0,1,1.20,1.14,2000,1.00,1.00
5631,Theramore Medic,3943,20,20,210,0,7,0,1,1.20,1.14,2000,1.00,1.00
5632,Theramore Incursion Master Control Program,130,1,1,35,0,10,0,1,1.20,1.14,2000,1.00,1.00
5651,Patrick Garrett,6228,15,15,68,2,7,0,1,1.00,1.14,2000,1.00,1.00
5653,Tyler,3853,20,20,118,0,7,0,1,1.00,1.14,2000,1.00,2.00
5654,Edward,3854,20,20,118,0,7,0,1,1.00,1.14,2000,1.00,2.00
5655,Robert Gossom,3864,20,20,68,0,7,0,1,1.00,1.14,2000,1.00,1.00
5656,Richard Van Brunt,3862,20,20,68,0,7,0,1,1.00,1.14,2000,1.00,1.00
5657,Marla Fowler,3861,20,20,68,0,7,0,1,1.00,1.14,2000,1.00,1.00
5658,Chloe Curthas,3860,20,20,68,0,7,0,1,1.00,1.14,2000,1.00,1.00
5659,Andrew Hartwell,3859,20,20,68,0,7,0,1,1.00,1.14,2000,1.00,1.00
5660,Riley Walker,3863,20,20,68,0,7,0,1,1.00,1.14,2000,1.00,1.00
5661,Brother Malach,3876,20,20,1154,0,7,0,1,1.00,1.14,2000,1.00,1.00
5663,Travist Bosk,3882,20,20,1154,0,7,0,1,1.00,1.14,2000,1.00,1.00
5664,Eldin Partridge,3880,20,20,1154,0,7,0,1,1.00,1.14,2000,1.00,1.00
5665,Alyssa Blaye,3883,20,20,1154,0,7,0,1,1.00,1.14,2000,1.00,1.00
5667,Venya Marthand,3944,10,10,83,2,7,0,1,1.00,1.14,2000,1.00,1.00
5668,Mattie Alred,4004,20,20,68,0,7,0,1,1.00,1.14,2000,1.00,1.00
5669,Helena Atwood,4010,20,20,68,0,7,0,1,1.00,1.14,2000,1.00,1.00
5670,Edrick Killian,4005,20,20,68,0,7,0,1,1.00,1.14,2000,1.00,1.00
5671,[UNUSED] Lawrence Sawyer,4006,20,20,68,0,7,0,1,1.02,1.14,2000,1.00,1.00
5672,[UNUSED] Charles Brewton,4008,1,1,68,0,7,0,1,0.91,1.14,2000,1.00,1.00
5676,Summoned Voidwalker,1132,10,10,14,0,3,0,1,1.00,1.14,2000,1.00,1.00
5677,Summoned Succubus,10923,20,20,14,0,3,0,2,1.00,1.14,2000,1.00,1.00
5678,[UNUSED] Deathstalker Vincent DEBUG,2689,5,5,14,0,7,0,1,1.00,1.14,2000,1.00,1.00
5680,Male Human Captive,3973,5,5,123,0,7,0,1,1.00,1.14,2000,1.00,2.00
5681,Female Human Captive,3977,7,7,123,0,7,0,1,1.00,1.14,2000,1.00,2.00
5682,Dalin Forgewright,3981,20,20,123,0,7,0,2,1.00,0.86,2000,1.00,1.00
5685,Captive Ghoul,829,10,10,233,0,6,0,1,0.78,1.14,2000,1.00,2.00
5686,Captive Zombie,2676,8,8,233,0,6,0,1,1.00,1.14,2000,1.00,2.00
5687,Captive Abomination,1693,20,20,233,0,6,0,1,1.00,1.14,2000,1.00,2.00
5689,Steed,235,1,1,35,0,8,0,1,1.00,0.86,2000,1.00,1.00
5690,Clyde Kellen,4007,16,16,68,82,7,0,1,1.00,1.14,2000,1.00,1.00
5691,Dalin Forgewright Projection,4028,1,1,35,0,7,0,1,1.00,1.14,2000,1.00,1.00
5692,Comar Villard Projection,4029,1,1,35,0,7,0,1,1.00,1.14,2000,1.00,1.00
5693,Godrick Farsan,4020,15,15,68,2,7,0,1,1.00,1.14,2000,1.00,1.00
5697,Theresa,4054,5,5,68,0,7,0,1,1.00,1.14,2000,1.00,1.00
5700,Samantha Shackleton,4057,20,20,68,0,7,0,1,1.00,1.14,2000,1.00,1.00
5701,Selina Pickman,4058,20,20,68,0,7,0,1,1.00,1.14,2000,1.00,1.00
5703,Winifred Kerwin,4060,20,20,68,0,7,0,1,1.00,1.14,2000,1.00,1.00
5704,Adrian Bartlett,4061,20,20,68,0,7,0,1,1.00,1.14,2000,1.00,1.00
5705,Victor Bartholomew,4062,20,20,68,0,7,0,1,1.00,1.14,2000,1.00,1.00
5706,Davitt Hickson,4063,20,20,68,0,7,0,1,1.00,1.14,2000,1.00,1.00
5707,Reginald Grimsford,4064,20,20,68,0,7,0,1,1.00,1.14,2000,1.00,1.00
5724,Ageron Kargal,4107,15,15,83,2,7,0,1,1.00,1.14,2000,1.00,1.00
5725,Deathguard Lundmark,10192,15,15,71,1,6,0,1,1.00,1.39,2000,1.00,2.00
5731,Apothecary Vallia,4108,20,20,68,0,7,0,1,1.00,1.14,2000,1.00,1.00
5732,Apothecary Katrina,4109,20,20,68,0,7,0,1,1.00,1.14,2000,1.00,1.00
5733,Apothecary Lycanus,4110,20,20,68,0,7,0,1,1.00,1.14,2000,1.00,1.00
5734,Apothecary Keever,4111,20,20,68,0,7,0,1,1.00,1.14,2000,1.00,1.00
5735,Caged Human Female,3980,5,5,68,0,7,0,1,1.00,1.14,2000,1.00,1.00
5736,Caged Human Male,3976,5,5,68,0,7,0,1,1.00,1.14,2000,1.00,1.00
5737,Caged Dwarf Female,4112,5,5,68,0,7,0,1,1.20,1.14,2000,1.00,1.00
5738,Caged Dwarf Male,4116,5,5,68,0,7,0,1,1.00,1.14,2000,1.00,1.00
5739,Caged Squirrel,134,5,5,68,0,8,0,1,1.00,1.14,2000,1.00,1.00
5740,Caged Chicken,304,5,5,68,0,8,0,1,1.20,1.14,2000,1.00,1.00
5741,Caged Rabbit,328,5,5,68,0,8,0,1,1.00,1.14,2000,1.00,1.00
5742,Caged Toad,901,5,5,68,0,8,0,1,1.00,1.14,2000,1.00,1.00
5743,Caged Sheep,856,5,5,68,0,8,0,1,1.00,1.14,2000,1.00,1.00
5744,Cedric Stumpel,4120,20,20,68,0,7,0,8,1.00,1.14,2000,1.00,1.00
5745,Lazlow Ashby,4121,20,20,68,0,7,0,1,1.02,1.14,2000,1.00,1.00
5746,Appolonia Kimble,4122,20,20,68,0,7,0,1,1.20,1.14,2000,1.00,1.00
5747,Hepzibah Sedgewick,4123,20,20,68,0,7,0,8,1.00,1.14,2000,1.00,1.00
5748,Killian Sanatha,7689,18,20,68,128,7,0,1,1.00,1.14,2000,1.00,1.00
5749,Kayla Smithe,4175,10,10,68,2,7,0,8,1.00,1.14,1500,1.00,1.00
5750,Gina Lang,4176,10,10,68,2,7,0,8,1.00,1.14,2000,1.00,1.00
5753,Martha Strain,4149,20,20,68,2,7,0,8,1.00,1.14,2000,1.00,1.00
5754,Zane Bradford,4150,10,10,68,4226,7,0,1,1.00,1.14,1500,1.00,1.00
5755,Deviate Viper,4312,19,19,270,0,1,1,1,1.00,1.14,2000,1.70,2.50
5756,Deviate Venomwing,2706,19,19,270,0,1,1,1,1.00,1.14,2000,1.70,3.00
5757,Lilly,4177,19,19,68,130,7,0,1,0.94,1.14,2000,1.00,1.00
5758,Leo Sarn,4178,18,18,68,130,7,0,1,0.94,1.14,2000,1.00,1.00
5759,Nurse Neela,4179,10,10,68,83,7,0,1,1.00,1.14,2000,1.00,1.00
5761,Deviate Shambler,1084,19,19,270,0,4,1,2,0.67,1.14,2000,1.70,3.00
5762,Deviate Moccasin,4305,19,19,270,0,1,1,1,1.00,1.14,2000,1.80,3.00
5763,Nightmare Ectoplasm,470,20,20,14,0,10,0,1,1.00,1.14,2000,1.00,1.02
5765,Ruzan,4209,10,10,29,2,7,0,1,1.00,1.14,2000,1.00,1.00
5766,Savannah Cub,2278,4,13,16,0,1,0,1,1.00,1.14,1200,1.00,1.00
5767,Nalpak,4289,14,14,35,2,7,0,1,1.00,1.14,2000,1.00,1.00
5768,Ebru,4290,14,14,35,2,7,0,1,1.00,1.14,2000,1.00,1.00
5774,Riding Wolf,207,1,2,35,0,1,0,1,1.00,1.39,2000,1.00,1.00
5775,Verdan the Everliving,4256,20,20,270,0,4,1,1,0.67,1.14,3500,7.50,8.00
5776,Evolving Ectoplasm (Red),4267,17,18,14,0,10,1,1,1.20,1.14,2000,7.50,3.00
5777,Evolving Ectoplasm (Green),2568,17,18,14,0,10,1,1,1.20,1.14,2000,7.50,3.00
5778,Evolving Ectoplasm (Black),4535,17,18,14,0,10,1,1,1.20,1.14,2000,7.50,3.00
5779,Summoned Viper,4440,20,20,16,0,7,1,1,1.00,0.43,2000,7.50,0.00
5780,Cloned Ectoplasm,4266,16,17,14,0,10,0,1,1.00,1.14,2000,1.00,1.00
5781,Silithid Creeper Egg,10056,20,21,413,0,10,0,1,1.00,1.14,2000,1.00,0.10
5785,Sister Hatelash,2163,11,11,514,0,7,2,2,1.39,1.14,2000,1.70,2.00
5786,Snagglespear,275,9,9,39,0,7,4,1,1.00,1.19,3000,1.00,1.00
5787,Enforcer Emilgund,6692,11,11,16,0,7,4,1,1.00,1.14,3000,1.00,1.50
5788,Gelgann Direforge,4315,10,10,122,0,7,1,1,1.20,1.14,2000,7.50,3.00
5789,Serra Mountainhome,4314,10,10,122,0,7,2,1,1.20,1.14,2000,7.50,3.00
5790,Lizzle Sprysprocket,4316,9,9,64,0,7,2,1,1.20,1.14,2000,7.50,3.00
5791,Cobrahn Snake Form,4435,20,20,270,0,7,1,1,1.20,1.14,2000,7.50,3.00
5793,Captain Armistice,4433,10,10,123,0,7,2,1,1.20,1.14,2000,7.50,3.00
5794,Thurmonde the Devout,4431,10,10,123,0,7,2,1,1.20,1.14,2000,7.50,3.00
5795,Grash Thunderbrew,4432,9,9,123,0,7,2,1,1.20,1.14,2000,7.50,3.00
5796,Ben,1006,8,8,123,0,1,2,1,1.20,1.14,2000,7.50,1.00
5801,[PH] Party Bot,2591,15,15,35,0,7,0,1,1.20,1.14,2000,1.00,1.00
5807,The Rake,1973,10,10,16,0,1,4,1,1.00,1.43,1200,1.00,1.00
5808,Warlord Kolkanis,9444,9,9,130,0,7,4,1,0.67,1.14,2000,1.00,1.00
5809,Watch Commander Zalaphil,4592,9,9,123,2,7,4,1,1.00,1.14,2000,1.00,1.00
5810,Uzzek,4391,20,20,83,2,7,0,1,1.00,1.14,2000,1.00,1.00
5822,Felweaver Scornn,4594,11,11,16,0,7,2,2,1.00,1.14,2000,1.70,3.00
5823,Death Flayer,2491,11,11,413,0,1,4,1,1.00,1.14,1600,1.00,1.00
5824,Captain Flat Tusk,1346,11,11,109,0,7,2,1,1.00,1.14,2600,1.70,3.00
5826,Geolord Mottle,6113,9,9,109,0,7,4,2,1.00,1.14,2000,1.00,1.00
5829,Snort the Heckler,2713,17,17,38,0,1,4,1,1.00,1.14,2000,1.00,1.00
5830,Sister Rathtalon,10876,19,19,514,0,7,2,2,1.39,1.14,2000,1.70,3.00
5835,Foreman Grills,4593,18,18,16,1,7,4,1,1.00,1.14,1600,1.00,0.70
5836,Engineer Whirleygig,7049,19,19,16,0,7,4,1,1.00,1.14,2000,1.00,1.00
5837,Stonearm,4874,15,15,130,0,7,4,1,0.67,1.43,3000,1.00,1.00
5838,Brokespear,9448,17,17,130,0,7,4,1,0.67,1.14,2000,1.00,1.00
5841,Rocklance,9533,17,17,130,0,7,2,1,0.67,1.14,2000,1.70,3.00
5842,Takk the Leaper,1337,19,19,48,0,1,2,1,1.00,1.43,2000,1.70,3.00
5863,Geopriest Gukk'rok,6116,19,19,111,0,7,4,2,1.00,1.14,2000,1.00,1.00
5865,Dishu,1043,13,13,16,0,1,4,1,1.00,1.43,1500,1.00,1.00
5866,Equipment Squirrel,4468,1,1,7,0,8,0,1,1.20,1.14,2000,1.00,0.00
5867,Maximum Squirrel,4466,1,1,7,0,8,0,1,1.20,1.14,2000,1.00,0.00
5868,Evil Squirrel,4467,1,1,7,0,8,0,1,1.20,1.14,2000,1.00,0.00
5871,Larhka,4525,18,18,29,642,7,0,1,1.00,1.14,2000,1.00,1.00
5872,Serpent Form,4480,20,20,270,0,1,1,1,1.20,1.14,2000,7.50,5.00
5873,Stoneskin Totem,4588,1,80,58,0,11,0,1,1.00,1.00,2000,1.00,0.05
5874,Strength of Earth Totem,4588,1,80,58,0,11,0,1,1.00,1.00,2000,1.00,0.05
5876,[UNUSED] Grumol,2576,10,10,83,0,7,0,1,1.00,1.14,2000,1.00,1.00
5877,[UNUSED] Yar'luk,1139,10,10,83,0,7,0,1,1.00,1.14,2000,1.00,1.00
5879,Fire Nova Totem,4683,1,80,58,0,11,0,1,1.00,1.00,2000,1.00,1.00
5880,Un'Thuwa,10171,14,14,126,51,7,0,1,1.00,1.14,2000,1.00,1.00
5884,Mai'ah,4526,10,10,126,51,7,0,1,1.00,1.14,2000,1.00,1.00
5886,Gwyn Farrow,4528,16,16,68,642,7,0,1,1.00,1.14,2000,1.00,1.00
5887,Canaga Earthcaller,4532,8,8,126,2,7,0,1,1.00,1.14,2000,1.00,1.00
5888,Seer Ravenfeather,4533,10,10,104,2,7,0,1,1.00,1.14,2000,1.00,1.00
5889,Mesa Earth Spirit,1128,5,6,7,0,4,0,1,1.56,1.14,2000,1.00,1.00
5890,Redrock Earth Spirit,1128,1,1,7,0,4,0,1,1.56,1.14,2000,1.00,1.00
5891,Minor Manifestation of Earth,12110,15,15,35,2,4,0,1,1.56,1.14,2000,1.00,1.00
5892,Searn Firewarder,4534,15,15,126,2,7,0,1,1.00,1.14,2000,1.00,1.00
5893,Minor Manifestation of Fire,2172,12,12,7,0,4,0,2,1.00,1.14,2000,1.00,1.00
5896,Fire Spirit,4607,9,9,7,0,4,0,1,1.00,1.14,2000,1.00,1.00
5897,Corrupt Water Spirit,5492,19,20,7,0,4,0,1,0.94,1.14,2000,1.00,1.00
5906,Xanis Flameweaver,4542,15,15,104,2,7,0,1,1.00,1.14,2000,1.00,1.00
5907,Kranal Fiss,4543,15,15,29,2,7,0,1,1.00,1.14,2000,1.00,1.00
5908,Grunt Dogran,4544,20,20,83,2,7,0,1,1.00,1.14,2000,1.00,1.00
5910,Zankaja,4546,15,15,83,2,7,0,1,1.00,1.14,2000,1.00,1.00
5911,Grunt Logmar,4547,20,20,83,2,7,0,1,1.00,1.14,2000,1.00,1.00
5912,Deviate Faerie Dragon,1267,19,19,270,0,2,2,1,1.00,1.14,2000,1.70,3.00
5914,Deviate Nightmare,3006,19,21,35,0,10,0,1,1.00,1.29,2000,1.00,1.00
5917,Clara Charles,4558,1,2,12,0,7,0,1,1.00,1.14,2000,1.00,1.00
5919,Stoneskin Totem II,4588,1,80,58,0,11,0,1,1.00,1.00,2000,1.00,0.05
5920,Stoneskin Totem III,4588,1,80,58,0,11,0,1,1.00,1.00,2000,1.00,0.05
5922,Strength of Earth Totem III,4588,1,80,58,0,11,0,1,1.00,1.00,2000,1.00,0.05
5923,Poison Cleansing Totem,4587,1,80,58,0,11,0,1,1.00,1.00,2000,1.00,0.05
5924,Cleansing Totem,4587,1,80,58,0,11,0,1,1.00,1.00,2000,1.00,0.05
5926,Frost Resistance Totem,4589,1,80,58,0,11,0,1,1.00,1.00,2000,1.00,0.05
5927,Fire Resistance Totem,4587,1,80,58,0,11,0,1,1.00,1.00,2000,1.00,0.05
5938,Uthan Stillwater,4604,14,14,104,82,7,0,1,1.00,1.14,2000,1.00,1.00
5939,Vira Younghoof,4605,13,13,104,83,7,0,1,1.00,1.14,2000,1.00,1.00
5940,Harn Longcast,4608,9,9,104,130,7,0,1,1.00,1.14,2000,1.00,1.00
5941,Lau'Tiki,4609,14,14,126,82,7,0,1,1.00,1.14,2000,1.00,1.00
5942,Zansoa,4610,14,14,126,130,7,0,1,1.00,1.14,2000,1.00,1.00
5943,Rawrk,4611,15,15,29,83,7,0,1,1.00,1.14,2000,1.00,1.00
5945,Owl Companion,4615,5,5,7,0,1,1,1,1.20,1.14,2000,7.50,1.00
5946,Male Dark Assassin,4617,1,1,7,0,7,0,1,1.20,1.14,2000,1.00,1.00
5947,Female Dark Assassin,4618,1,1,7,0,7,0,1,1.20,1.14,2000,1.00,1.00
5948,Female Pirate,4619,1,1,7,0,7,0,1,1.20,1.14,2000,1.00,1.00
5949,Male Pirate,4620,1,1,7,0,7,0,1,1.20,1.14,2000,1.00,1.00
5950,Flametongue Totem,4589,1,80,58,0,11,0,1,1.00,1.00,2000,1.00,1.05
5951,Hare,1560,1,1,31,0,8,0,1,1.00,0.86,2000,1.00,0.20
5954,Shade (Deprecated),4629,1,1,21,0,6,0,1,1.20,1.14,2000,1.00,1.00
5959,World Dwarf Male Warrior Trainer,1894,10,10,35,0,7,0,1,1.20,1.14,2000,1.00,1.00
5960,World Human Male Rogue Trainer,4617,10,10,35,0,7,0,1,1.20,1.14,2000,1.00,1.00
5961,World Gnome Male Mage Trainer,2891,10,10,35,0,7,0,1,1.20,1.14,2000,1.00,1.00
5962,World Orc Male Warlock Trainer,1394,10,10,35,0,7,0,1,1.20,1.14,2000,1.00,1.00
5963,World Tauren Male Druid Trainer,1678,10,10,35,0,7,0,1,1.20,1.14,2000,1.00,1.00
5964,World Undead Male Priest Trainer,1278,10,10,35,0,7,0,1,1.20,1.14,2000,1.00,1.00
5965,World Troll Male Shaman Trainer,4609,10,10,35,0,7,0,1,1.20,1.14,2000,1.00,1.00
5966,World Night Elf Male Warrior Trainer,4408,10,10,35,0,7,0,1,1.20,1.14,2000,1.00,1.00
5967,World Dwarf Female Warrior Trainer,3069,10,10,35,0,7,0,1,1.20,1.14,2000,1.00,1.00
5968,World Human Female Rogue Trainer,4618,10,10,35,0,7,0,1,1.20,1.14,2000,1.00,1.00
5969,World Gnome Female Mage Trainer,3562,10,10,35,0,7,0,1,1.20,1.14,2000,1.00,1.00
5970,World Orc Female Warlock Trainer,4196,10,10,35,0,7,0,1,1.20,1.14,2000,1.00,1.00
5971,World Troll Female Shaman Trainer,1882,10,10,35,0,7,0,1,1.20,1.14,2000,1.00,1.00
5972,World Tauren Female Druid Trainer,3797,10,10,35,0,7,0,1,1.20,1.14,2000,1.00,1.00
5973,World Undead Female Priest Trainer,2670,10,10,35,0,7,0,1,1.20,1.14,2000,1.00,1.00
6012,Flametongue Totem II,4589,1,80,58,0,11,0,2,1.00,1.00,2000,1.00,1.15
6020,Slimeshell Makrura,2835,18,19,129,0,7,0,1,1.00,1.14,2000,1.00,1.00
6027,Kitha,4728,17,17,29,2,7,0,8,1.00,1.14,2000,1.00,1.00
6033,Lake Frenzy,7449,15,16,1878,0,10,0,1,1.00,1.14,2000,1.00,1.00
6046,[UNUSED] Gozwin Vilesprocket,4775,10,10,64,0,7,0,1,1.00,1.14,2000,1.00,1.00
6047,Aqua Guardian,525,20,20,91,0,4,0,2,1.00,1.29,2000,1.00,1.00
6067,[UNUSED] Meritt Herrion,4785,10,10,12,0,7,0,1,1.00,1.14,2000,1.00,1.00
6074,Striped Frostsaber,6080,1,2,35,0,1,0,1,0.91,1.14,2000,1.00,1.00
6075,Emerald Raptor,4806,1,2,35,0,1,0,1,0.91,1.14,2000,1.00,1.00
6076,Riding Tallstrider (Ivory),4807,1,2,35,0,1,0,1,1.20,1.14,2000,1.00,1.00
6090,Bartleby,5000,10,10,84,2,7,0,1,1.00,1.14,2000,1.00,1.00
6091,Dellylah,4861,9,9,80,643,7,0,1,1.00,1.14,2000,1.00,1.00
6092,Minor Phantasm,4868,14,14,21,0,6,0,1,1.20,1.14,2000,1.00,1.00
6093,Dead-Tooth Jack,4947,11,11,17,0,7,0,1,1.00,1.14,2000,1.00,1.00
6110,Fire Nova Totem II,4683,1,80,58,0,11,0,2,1.00,1.00,2000,1.00,1.00
6111,Fire Nova Totem III,4683,1,80,58,0,11,0,2,1.00,1.00,2000,1.00,1.10
6113,Vejrek,27506,11,11,37,0,7,0,1,1.00,1.14,2000,1.00,1.00
6119,Tog Rustsprocket,4864,10,10,875,3,7,0,8,1.00,1.14,2000,1.00,1.00
6121,Remen Marcot,4866,10,10,12,2,7,0,8,1.00,1.14,2000,1.00,1.00
6123,Dark Iron Spy,4956,9,10,54,0,7,0,1,1.00,1.14,2000,1.00,1.00
6124,Captain Beld,4957,11,11,54,0,7,0,1,1.00,1.14,2000,1.00,1.00
6128,Vorlus Vilehoof,2015,10,10,14,0,3,0,1,1.00,1.14,2000,1.00,1.00
6133,Shade of Elura,4958,11,11,14,0,6,0,1,1.00,1.14,2000,1.00,1.00
6145,School of Fish,4878,1,1,188,0,8,0,1,1.00,0.86,2000,2.40,0.20
6172,Henze Faulk,4886,10,10,123,2,7,0,2,1.00,1.14,2000,1.00,1.00
6173,Gazin Tenorm,4887,9,9,122,2,7,0,1,1.00,1.14,2000,1.00,1.00
6174,Stephanie Turner,4888,5,5,12,2,7,0,1,1.00,1.14,2000,1.00,1.00
6175,John Turner,4889,8,8,12,2,7,0,1,1.00,1.14,2000,1.00,1.00
6177,Narm Faulk,4890,8,8,122,2,7,0,2,1.00,1.14,2000,1.00,1.00
6178,Muiredon Battleforge,4891,10,10,55,2,7,0,2,1.00,1.14,2000,1.00,1.00
6180,Defias Raider,4908,17,18,14,0,7,0,1,1.02,1.14,2000,1.00,0.85
6182,Daphne Stilwell,4894,20,20,231,2,7,0,1,1.00,1.14,2000,1.00,1.00
6241,Bailor Stonehand,4911,20,20,55,2,7,0,1,1.00,1.14,2000,1.00,1.00
6242,World Skinning Trainer,2575,10,10,35,0,7,0,1,1.20,1.14,2000,1.00,1.00
6245,Anathera,4929,1,1,35,0,7,0,1,1.00,1.14,2000,1.00,1.00
6246,Latherion,4930,1,1,35,0,7,0,1,1.00,1.14,2000,1.00,1.00
6250,Crawler,641,11,12,7,0,1,0,1,1.00,1.14,2000,1.00,1.00
6252,Acolyte Magaz,4941,20,20,35,3,7,0,8,1.00,1.14,2000,1.00,1.00
6253,Acolyte Fenrick,4942,20,20,35,0,7,0,8,1.00,1.14,2000,1.00,1.00
6254,Acolyte Wytula,4943,20,20,35,3,7,0,8,1.00,1.14,2000,1.00,1.00
6267,Acolyte Porena,4951,20,20,12,0,7,0,8,1.00,1.14,2000,1.00,1.00
6269,Azgalaril,1132,10,10,35,0,3,0,1,1.20,1.14,2000,1.00,1.00
6270,Asjorah,10923,20,20,35,0,3,0,1,1.20,1.14,2000,1.00,1.00
6271,Mouse,4959,1,1,31,0,8,0,1,1.00,0.86,2000,1.00,0.20
6286,Zarrin,4989,13,13,80,83,7,0,1,1.00,1.14,2000,1.00,1.00
6287,Radnaal Maneweaver,4990,19,19,80,82,7,0,1,1.00,1.14,2000,1.00,1.00
6289,Rand Rhobart,4993,13,13,68,80,7,0,1,1.00,1.14,2000,1.00,1.00
6290,Yonn Deepcut,4992,8,8,104,82,7,0,1,1.00,1.14,2000,1.00,1.00
6293,Jorah Annison,4987,20,20,68,2,7,0,2,1.00,1.14,2000,1.00,1.00
6294,Krom Stoutarm,4988,20,20,55,2,7,0,8,1.00,1.14,2000,1.00,1.00
6296,Flame Elemental,1070,17,18,40,0,4,0,1,1.20,1.14,2000,1.00,1.00
6306,Helene Peltskinner,5365,12,12,12,80,7,0,1,1.00,1.14,1500,1.00,1.00
6328,Dannie Fizzwizzle,5042,14,14,875,0,7,0,8,1.00,1.14,1500,1.00,1.00
6346,Skeletal Horse,5050,1,1,35,0,6,0,1,1.20,1.14,2000,1.00,1.00
6367,Donni Anthania,5086,5,5,12,128,7,0,1,1.00,1.14,1500,1.00,1.00
6368,Cat,5555,1,1,188,0,8,0,1,1.00,0.86,2000,1.00,0.01
6373,Dane Winslow,5087,8,8,12,0,7,0,8,1.00,1.14,2000,1.00,1.00
6374,Cylina Darkheart,5092,11,11,12,0,7,0,8,1.00,1.14,2000,1.00,1.00
6376,Wren Darkspring,5093,5,5,875,2,7,0,8,1.00,1.14,1500,1.00,1.00
6387,Dranh,5108,15,15,104,82,7,0,1,1.00,1.14,2000,1.00,1.00
6390,Ulag the Cleaver,5447,11,11,14,0,7,0,1,1.00,1.14,2000,1.00,1.00
6412,Skeleton,9786,20,21,21,0,6,0,1,1.00,1.14,2000,1.00,0.50
6446,Therzok,5190,20,20,83,2,7,0,1,1.00,1.14,2000,1.00,1.00
6466,Gamon,5205,12,12,7,0,7,0,1,1.00,1.14,2000,1.00,1.00
6486,Black Skeletal Horse,5228,1,2,35,0,6,0,1,0.91,1.14,2000,1.00,1.00
6492,Rift Spawn,14273,16,17,7,0,4,0,1,1.00,1.14,2000,1.00,1.00
6494,Tazan,5236,13,13,16,0,7,0,1,1.00,1.14,2000,1.00,1.00
6497,Astor Hadren,5237,13,13,68,1,7,0,1,1.00,1.14,2000,1.00,1.00
6522,Andron Gant,5346,15,15,68,2,7,0,1,1.00,1.14,2000,1.00,1.00
6526,GOSSIP TEST DUDE,1600,1,1,35,0,7,0,1,1.00,1.14,2000,1.00,1.00
6569,Gnoarn,5377,20,20,55,2,7,0,1,1.00,1.14,2000,1.00,1.00
6570,Fenwick Thatros,10834,16,16,21,0,7,0,1,1.00,1.14,2000,1.00,1.00
6571,Cat Form (Night Elf Druid),892,6,7,7,0,1,0,1,1.20,1.14,2000,1.00,1.00
6572,Cat Form (Tauren Druid),1058,6,7,7,0,1,0,1,1.20,1.14,2000,1.00,1.00
6573,Travel Form (Druid),918,6,7,7,0,1,0,1,1.20,1.14,2000,1.00,1.00
6577,Bingles Blastenheimer,5376,16,16,55,2,7,0,1,1.00,1.14,2000,1.00,1.00
6578,Peasant (Wood),89,1,2,12,0,7,0,1,1.00,1.14,2000,1.00,1.00
6579,Shoni the Shilent,5378,17,17,55,2,7,0,1,1.00,1.14,2000,1.00,1.00
6606,Overseer Glibby,7047,16,16,16,0,7,0,1,1.00,1.14,2000,1.00,1.00
6607,Harroc,9213,5,5,29,0,7,0,1,1.00,1.14,2000,1.00,1.00
6626,"\""Plucky\"" Johnson",5369,1,1,189,0,7,0,1,1.00,1.14,2000,1.00,1.00
6653,Huge Toad,5379,1,1,188,0,8,0,1,1.00,0.86,2000,1.00,0.20
6666,"\""Plucky\"" Johnson's Human Form",6194,1,1,35,0,7,0,1,1.20,1.14,2000,1.00,1.00
6667,Gelkak Gyromast,5485,18,18,55,2,7,0,1,1.00,1.14,2000,1.00,1.00
6669,The Threshwackonator 4100,5386,20,20,35,1,9,0,1,1.00,1.14,2000,1.00,1.00
6670,Westfall Woodworker,3264,5,5,12,0,7,0,1,1.00,1.14,2000,1.00,1.00
6728,Narnie,5448,1,1,188,0,1,0,1,1.00,0.86,2000,1.00,1.00
6748,Water Spirit,525,18,18,1655,0,4,0,1,0.71,1.14,2000,1.00,0.25
6774,Falkhaan Isenstrider,5526,10,10,12,2,7,0,1,1.00,1.14,2000,1.00,1.00
6775,Antur Fallow,5506,3,3,104,2,7,0,1,1.00,1.14,2000,1.00,1.00
6776,Magrin Rivermane,5507,6,6,104,0,7,0,1,1.00,1.14,2000,1.00,1.00
6778,Melika Isenstrider,5527,11,11,12,2,7,0,1,1.00,1.14,2000,1.00,1.00
6780,Porthannius,5748,7,7,80,2,7,0,1,1.00,1.14,2000,1.00,1.00
6781,Melarith,5749,10,10,80,2,7,0,1,1.00,1.14,2000,1.00,1.00
6782,Hands Springsprocket,9211,10,10,64,3,7,0,1,1.00,1.14,2000,1.00,1.00
6783,[UNUSED] Lorek Belm,2584,10,10,55,0,7,0,1,1.00,1.14,2000,1.00,1.00
6784,Calvin Montague,5509,5,5,68,2,7,0,1,1.00,1.14,2000,1.00,1.00
6785,Ratslin Maime,5508,7,7,68,2,7,0,1,1.00,1.14,2000,1.00,1.00
6786,Ukor,5729,4,4,29,2,7,0,1,1.00,1.14,2000,1.00,1.00
6787,Yelnagi Blackarm,5730,16,16,29,0,7,0,1,1.00,1.14,2000,1.00,1.00
6788,Den Mother,1007,18,19,44,0,1,0,1,1.00,1.14,2000,1.00,1.25
6789,Thistle Cub,30059,9,10,44,0,1,0,1,1.00,1.00,2000,1.00,1.25
6806,Tannok Frosthammer,5525,10,10,55,2,7,0,1,1.00,1.14,2000,1.00,1.00
6827,Crab,5557,1,1,188,0,8,0,1,1.00,0.86,2000,4.60,1.00
6846,Defias Dockmaster,7849,10,10,27,0,7,0,1,1.00,1.14,2000,1.00,1.00
6866,Defias Bodyguard,2340,10,10,17,0,7,0,1,1.00,1.14,2000,1.00,1.00
6886,Onin MacHammar,5648,12,12,55,2,7,0,1,1.00,0.80,2000,1.00,1.00
6909,Sethir the Ancient,11339,12,12,14,0,7,0,1,1.00,1.14,2000,1.00,1.00
6911,Minion of Sethir,2013,8,10,14,0,7,0,1,0.97,1.14,2000,1.00,1.00
6926,Test Satyr,2687,13,13,16,0,7,0,1,1.00,1.14,2000,1.00,1.00
6927,Defias Dockworker,2357,8,9,17,0,7,0,1,1.00,0.86,2000,1.00,1.00
6931,Respawn Test Mob,1693,1,1,189,0,7,0,1,1.00,1.14,2000,1.00,1.00
6966,Lucius,5752,20,20,55,2,7,0,1,1.00,1.14,2000,1.00,1.00
7006,Blackrock Assassin,6032,18,18,40,0,7,0,1,1.20,1.14,2000,1.00,1.00
7008,Blackrock Reaver,6036,20,20,83,0,7,0,1,1.20,1.14,2000,1.00,1.00
7013,Blackrock Rampager,6035,1,1,35,0,7,0,1,1.20,1.14,2000,1.00,1.00
7015,Flagglemurk the Cruel,1305,16,16,18,0,7,4,1,1.00,1.14,2000,1.00,1.00
7017,Lord Sinslayer,4762,15,16,74,0,7,4,1,1.00,1.14,2000,1.00,1.00
7094,Crazed Stag,2161,1,1,14,0,1,0,1,1.20,1.14,2000,1.00,1.00
7095,Maddened Stag,2161,1,1,14,0,1,0,1,1.20,1.14,2000,1.00,1.00
7096,Corrupt Courser,2161,1,1,14,0,1,0,1,1.20,1.14,2000,1.00,1.00
7116,Jaedenar Dreadweaver,6395,1,1,1434,0,7,0,1,1.20,1.14,2000,1.00,1.00
7117,Jaedenar Instigator,6403,1,1,1434,0,7,0,1,1.20,1.14,2000,1.00,1.00
7119,Jaedenar Summoner,6401,1,1,1434,0,7,0,1,1.20,1.14,2000,1.00,1.00
7121,Jaedenar Arch Warlock,11278,1,1,1434,0,7,0,1,1.20,1.14,2000,1.00,1.00
7122,Shadow Council Champion,6407,1,1,16,0,7,0,1,1.20,1.14,2000,1.00,1.00
7123,Shadow Council Master,6410,1,1,16,0,7,0,1,1.20,1.14,2000,1.00,1.00
7124,Shadow Council Highlord,6409,1,1,16,0,7,0,1,1.20,1.14,2000,1.00,1.00
7127,Jaedenar Stalker,1913,1,1,1434,0,3,0,1,1.20,1.14,2000,1.00,1.00
7128,Jaedenar Mana Leech,1913,1,1,1434,0,3,0,1,1.20,1.14,2000,1.00,1.00
7129,Enslaved Voidwalker,1130,1,1,90,0,3,0,1,1.20,1.14,2000,1.00,1.00
7130,Voidwalker Servant,1130,1,1,16,0,3,0,1,1.20,1.14,2000,1.00,1.00
7131,Voidwalker Guardian,1130,1,1,16,0,3,0,1,1.20,1.14,2000,1.00,1.00
7133,Noxious Horror,5498,1,1,16,0,4,0,1,1.20,1.14,2000,1.00,1.00
7134,Poison Flayer,5987,1,1,16,0,4,0,1,1.20,1.14,2000,1.00,1.00
7150,Withered Guardian,5850,1,1,16,0,4,0,1,1.20,1.14,2000,1.00,1.00
7151,Withered Watcher,5850,1,1,16,0,4,0,1,1.20,1.14,2000,1.00,1.00
7152,Withered Forest Walker,5850,1,1,16,0,4,0,1,1.20,1.14,2000,1.00,1.00
7161,Wrenix the Wretched,7154,20,20,69,2,7,0,1,1.00,1.14,2000,1.00,1.00
7166,Wrenix's Gizmotronic Apparatus,1097,20,20,69,3,9,0,1,1.00,1.14,2000,1.00,1.00
7168,Polly,5866,18,18,14,0,1,0,1,1.01,1.14,1830,1.00,1.00
7173,World Weaponsmithing Trainer,2575,10,10,35,0,7,0,1,1.20,1.14,2000,1.00,1.00
7174,World Armorsmithing Trainer,2575,10,10,35,0,7,0,1,1.20,1.14,2000,1.00,1.00
7186,A,169,1,1,35,0,8,0,1,1.20,1.14,2000,1.00,1.00
7234,Ferocitas the Dream Eater,1996,8,8,82,0,7,0,1,0.67,0.99,1600,1.00,1.00
7235,Gnarlpine Mystic,6804,6,7,82,0,7,0,2,0.67,0.86,2000,1.00,1.00
7313,Priestess A'moora,6348,20,20,80,2,7,0,8,1.00,1.14,2000,1.00,1.00
7316,Sister Aquinne,6349,15,15,80,2,7,0,8,1.00,1.14,2000,1.00,1.00
7318,Rageclaw,6231,10,10,16,0,7,0,2,1.00,1.14,2000,1.00,1.00
7319,Lady Sathrah,6214,12,12,312,0,1,0,2,1.00,1.14,2000,1.00,1.00
7322,Black Nightsaber,9991,1,2,35,0,1,0,1,0.91,1.14,2000,1.00,1.00
7366,Stoneskin Totem IV,4588,1,80,58,0,11,0,2,1.00,1.00,2000,1.00,0.05
7367,Stoneskin Totem V,4588,1,80,58,0,11,0,2,1.00,1.00,2000,1.00,0.05
7368,Stoneskin Totem VI,4588,1,80,58,0,11,0,2,1.00,1.00,2000,1.00,0.05
7380,Siamese Cat,5585,1,1,188,0,12,0,1,1.00,1.14,2000,1.00,1.00
7381,Silver Tabby Cat,5555,1,1,188,0,12,0,1,1.00,1.14,2000,1.00,1.00
7382,Orange Tabby Cat,5554,1,1,188,0,12,0,1,1.00,1.14,2000,1.00,1.00
7383,Black Tabby Cat,5448,1,1,188,0,12,0,1,1.00,1.14,2000,1.00,1.00
7384,Cornish Rex Cat,5586,1,1,188,0,12,0,1,1.00,1.14,2000,1.00,1.00
7385,Bombay Cat,5556,1,1,188,0,12,0,1,1.00,1.14,2000,1.00,1.00
7386,White Kitten,9989,1,1,188,0,12,0,1,1.00,1.14,2000,1.00,1.00
7387,Green Wing Macaw,5207,1,1,188,0,12,0,1,1.00,1.14,2000,1.00,1.00
7388,Cockatoo,6189,1,1,188,0,12,0,1,1.00,1.14,2000,1.00,1.00
7389,Senegal,6190,1,1,188,0,12,0,1,1.00,1.14,2000,1.00,1.00
7390,Cockatiel,6191,1,1,188,0,12,0,1,1.00,1.14,2000,1.00,1.00
7391,Hyacinth Macaw,6192,1,1,188,0,12,0,1,1.00,1.14,2000,1.00,1.00
7392,Prairie Chicken,304,1,1,188,0,12,0,1,1.00,1.14,2000,1.00,1.00
7393,White Plymouth Rock,304,1,1,188,0,12,0,1,1.00,1.14,2000,1.00,1.00
7394,Ancona Chicken,5369,1,1,188,0,12,0,1,1.00,1.14,2000,1.00,1.00
7395,Cockroach,2177,1,1,188,0,12,0,1,0.40,1.14,2000,1.00,1.00
7398,Stoneclaw Totem V,4588,1,80,58,0,11,0,2,1.00,1.00,2000,1.00,0.46
7399,Stoneclaw Totem VI,4588,1,80,58,0,11,0,2,1.00,1.00,2000,1.00,0.46
7400,Searing Totem V,4589,1,80,58,0,11,0,2,1.00,1.00,2000,1.00,1.00
7402,Searing Totem VI,4589,1,80,58,0,11,0,2,1.00,1.00,2000,1.00,1.00
7403,Strength of Earth Totem IV,4588,1,80,58,0,11,0,2,1.00,1.00,2000,1.00,0.05
7409,Faltering Draenethyst Sphere,6148,1,1,14,0,4,0,1,0.91,1.14,2000,1.00,1.35
7411,Spirit of Sathrah,6213,12,12,35,0,1,0,2,1.21,1.14,2000,1.00,1.00
7412,Frost Resistance Totem II,4589,1,80,58,0,11,0,2,1.00,1.00,2000,1.00,0.05
7413,Frost Resistance Totem III,4589,1,80,58,0,11,0,2,1.00,1.00,2000,1.00,0.05
7414,Mana Spring Totem II,4587,1,80,58,0,11,0,2,1.00,1.00,2000,1.00,0.05
7415,Mana Spring Totem III,4587,1,80,58,0,11,0,2,1.00,1.00,2000,1.00,0.05
7416,Mana Spring Totem IV,4587,1,80,58,0,11,0,2,1.00,1.00,2000,1.00,0.05
7423,Flametongue Totem III,4589,1,80,58,0,11,0,2,1.00,1.00,2000,1.00,1.00
7424,Fire Resistance Totem II,4587,1,80,58,0,11,0,2,0.01,1.14,2000,1.00,0.05
7425,Fire Resistance Totem III,4587,1,80,58,0,11,0,2,1.00,1.00,2000,1.00,0.05
7464,Magma Totem II,4589,1,80,58,0,11,0,2,1.00,1.00,2000,1.00,0.05
7465,Magma Totem III,4589,1,80,58,0,11,0,2,1.00,1.00,2000,1.00,0.05
7466,Magma Totem IV,4589,1,80,58,0,11,0,2,1.00,1.00,2000,1.00,0.05
7467,Nature Resistance Totem,4590,1,80,58,0,11,0,2,0.01,1.14,2000,1.00,0.05
7468,Nature Resistance Totem II,4590,1,80,58,0,11,0,2,1.00,1.00,2000,1.00,0.05
7469,Nature Resistance Totem III,4590,1,80,58,0,11,0,2,1.00,1.00,2000,1.00,0.05
7484,Windfury Totem III,4590,1,1,58,0,11,0,1,1.00,1.00,2000,1.00,1.00
7507,Brown Snake,2957,1,1,85,0,1,0,1,0.91,1.14,2000,1.00,1.00
7508,Black Kingsnake,1206,1,1,85,0,1,0,1,0.91,1.14,2000,1.00,1.00
7509,Crimson Snake,6303,1,1,85,0,1,0,1,0.91,1.14,2000,1.00,1.00
7526,World Leatherworking Elemental Trainer,2575,10,10,35,0,7,0,1,1.20,1.14,2000,1.00,1.00
7528,World Leatherworking Tribal Trainer,2575,10,10,35,0,7,0,1,1.20,1.14,2000,1.00,1.00
7543,Dark Whelpling,6288,1,1,188,0,12,0,1,1.11,1.14,2000,1.00,1.00
7544,Crimson Whelpling,6290,1,1,188,0,12,0,1,1.11,1.14,2000,1.00,1.00
7545,Emerald Whelpling,6291,1,1,188,0,12,0,1,1.11,1.14,2000,1.00,1.00
7546,Bronze Whelpling,6292,1,1,188,0,12,0,1,1.00,1.14,2000,1.00,1.00
7547,Azure Whelpling,6293,1,1,188,0,12,0,1,1.11,1.14,2000,1.00,1.00
7548,Faeling,6294,1,1,188,0,12,0,1,1.00,1.14,2000,1.00,1.00
7549,Tree Frog,6295,1,1,188,0,12,0,1,1.00,1.14,2000,1.00,1.00
7550,Wood Frog,901,1,1,188,0,12,0,1,1.00,1.14,2000,1.00,1.00
7551,Dart Frog,6296,1,1,188,0,12,0,1,1.00,1.14,2000,1.00,1.00
7552,Island Frog,6297,1,1,188,0,12,0,1,1.00,1.14,2000,1.00,1.00
7553,Great Horned Owl,4615,1,1,188,0,12,0,1,1.00,1.14,2000,1.00,1.00
7554,Snowy Owl,6298,1,1,188,0,12,0,1,1.00,1.14,2000,1.00,1.00
7555,Hawk Owl,6299,1,1,188,0,12,0,1,1.00,1.14,2000,1.00,1.00
7556,Eagle Owl,6300,1,1,188,0,12,0,1,1.00,1.14,2000,1.00,1.00
7557,Prarie Dog,2838,1,1,32,0,1,0,1,0.91,1.14,2000,1.00,1.00
7558,Cottontail Rabbit,4626,1,1,35,0,12,0,1,1.00,1.14,2000,1.00,1.00
7559,Spotted Rabbit,6302,1,1,35,0,12,0,1,1.00,1.14,2000,1.00,1.00
7560,Snowshoe Rabbit,328,20,20,188,0,12,0,1,1.00,1.14,2000,1.00,1.00
7561,Albino Snake,2955,1,1,188,0,12,0,1,1.00,1.14,2000,1.00,1.00
7562,Brown Snake,2957,1,1,188,0,12,0,1,1.00,1.14,2000,1.00,1.00
7563,Blue Racer,2956,1,1,188,0,12,0,1,1.00,1.14,2000,1.00,1.00
7565,Black Kingsnake,1206,1,1,188,0,12,0,1,1.00,1.14,2000,1.00,1.00
7566,Scarlet Snake,2954,1,1,188,0,12,0,1,1.00,1.14,2000,1.00,1.00
7567,Crimson Snake,6303,1,1,188,0,12,0,1,1.00,1.14,2000,1.00,1.00
7568,Ribbon Snake,2954,1,1,188,0,12,0,1,1.00,1.14,2000,1.00,1.00
7569,Green Water Snake,1986,1,1,188,0,12,0,1,1.00,1.14,2000,1.00,1.00
7570,Elven Wisp,1824,1,1,188,0,12,0,1,1.00,1.14,2000,1.00,1.00
7684,Leopard,4805,1,2,35,0,1,0,1,0.91,1.14,2000,1.00,1.00
7686,Bengal Tiger,6443,1,2,35,0,1,0,1,0.91,1.14,2000,1.00,1.00
7687,Spotted Frostsaber,6444,1,2,35,0,1,0,1,0.91,1.14,2000,1.00,1.00
7689,Spotted Nightsaber,6447,1,2,35,0,1,0,1,1.20,1.14,2000,1.00,1.00
7690,Striped Nightsaber,6448,1,2,35,0,1,0,1,0.91,1.14,2000,1.00,1.00
7703,Obsidian Raptor,6468,1,2,35,0,1,0,1,1.20,1.14,2000,1.00,1.00
7704,Mottled Red Raptor,6469,1,1,35,0,1,0,1,0.91,1.14,2000,1.00,1.00
7706,Ivory Raptor,6471,1,2,35,0,1,0,1,0.91,1.14,2000,1.00,1.00
7707,Turquoise Raptor,6472,1,2,35,0,1,0,1,0.91,1.14,2000,1.00,1.00
7708,Violet Raptor,6473,1,2,35,0,1,0,1,0.91,1.14,2000,1.00,1.00
7709,Riding Tallstrider (Brown),6474,1,2,35,0,1,0,1,1.20,1.14,2000,1.00,1.00
7710,Riding Tallstrider (Gray),6475,1,2,35,0,1,0,1,1.20,1.14,2000,1.00,1.00
7711,Riding Tallstrider (Pink),6476,1,2,35,0,1,0,1,1.20,1.14,2000,1.00,1.00
7712,Riding Tallstrider (Purple),6477,1,2,35,0,1,0,1,1.20,1.14,2000,1.00,1.00
7713,Riding Tallstrider (Turquoise),6478,1,2,35,0,1,0,1,1.20,1.14,2000,1.00,1.00
7732,Dupe Bug,3233,1,1,494,0,10,0,1,0.40,0.29,2000,1.00,1.00
7739,Red Mechanostrider,9473,1,2,35,0,9,0,1,0.91,1.14,2000,1.00,1.00
7743,World Undead Horse Riding Trainer,2575,10,10,35,0,7,0,1,1.20,1.14,2000,1.00,1.00
7745,World Raptor Riding Trainer,2575,10,10,35,0,7,0,1,1.20,1.14,2000,1.00,1.00
7746,World Mechastrider Riding Trainer,2575,10,10,35,0,7,0,1,1.20,1.14,2000,1.00,1.00
7747,World Mount Vendor,2575,10,10,35,0,7,0,1,1.20,1.14,2000,1.00,1.00
7748,World Horse Vendor,2575,10,10,35,0,7,0,1,1.20,1.14,2000,1.00,1.00
7749,Blue Mechanostrider,6569,1,2,35,0,9,0,1,0.91,1.14,2000,1.00,1.00
7845,Fire Nova Totem V,4683,1,80,58,0,11,0,2,1.00,1.00,2000,1.00,1.00
7863,Dream Vision,6908,1,1,35,0,10,0,1,0.60,1.43,2000,1.00,1.00
7897,Alarm-a-bomb 2600,6888,20,20,594,0,9,0,1,1.00,1.71,2000,1.70,1.00
7898,Pirate treasure trigger mob,328,1,1,35,0,8,0,1,1.00,0.86,2000,1.00,0.20
7903,Jewel,6943,10,10,80,0,1,0,1,1.00,1.14,2000,1.00,1.00
7904,Jacob,6942,10,10,80,0,1,0,1,1.00,1.14,2000,1.00,1.00
7935,Irradiated Ozzie,3188,10,10,64,0,7,0,1,1.20,1.14,2000,1.00,1.00
8023,Sharpbeak,7268,5,5,534,0,1,0,1,1.00,1.14,2000,1.00,1.00
8149,Sul'lithuz Warder,7345,2,2,37,0,10,1,1,1.28,1.14,2000,7.50,3.00
8236,Muck Frenzy,7449,14,15,1878,0,1,0,1,1.00,1.14,2000,1.00,1.00
8306,Duhng,7530,18,18,29,82,7,0,1,1.00,1.14,2000,1.00,1.00
8316,Paladin 10 Alternate,282,10,10,7,0,7,0,1,1.20,1.14,2000,1.00,1.00
8321,Paladin 20 Alternate,282,20,20,7,0,7,0,1,1.00,0.57,2000,1.00,1.00
8376,Mechanical Chicken,7920,1,1,188,0,12,0,1,1.00,1.14,2000,1.00,1.00
8416,Felix Whindlebolt,7852,2,2,875,3,7,0,1,1.00,1.14,2000,1.00,1.00
8496,Liv Rizzlefix,7909,17,17,69,3,7,0,1,1.00,1.14,2000,1.00,1.00
8498,TEST Uber Night Elf,4216,1,1,14,0,7,0,1,1.00,1.14,2000,1.00,1.00
8499,TEST Uber Succubus,159,1,1,90,0,3,0,1,1.00,1.14,2000,1.00,1.00
8500,TEST Uber Abomination,1693,1,1,93,0,6,1,1,1.00,1.14,2000,7.50,10.00
8501,TEST Uber Crypt Fiend,3004,1,1,14,0,6,0,1,1.00,1.14,2000,1.00,1.00
8502,TEST Uber Human,2041,1,1,67,0,7,1,1,1.00,1.43,2000,7.50,8.00
8503,Gibblewilt,7807,11,11,63,0,7,4,8,1.00,0.86,2000,1.00,1.00
8506,Eranikus the Chained,7804,1,1,35,0,2,0,1,1.00,1.14,2000,1.00,1.00
8508,Gretta Ganter,7808,10,10,55,130,7,0,1,1.00,1.14,2000,1.00,1.00
8554,Chief Sharptusk Thornmantle,1346,5,5,7,0,7,0,1,1.00,0.86,2000,1.00,1.00
8583,Dirania Silvershine,7895,8,8,80,2,7,0,1,1.00,1.14,2000,1.00,1.00
8584,Iverron,7901,5,5,80,2,7,0,1,1.00,1.14,2000,1.00,1.00
8611,Idol Room Spawner,7804,1,1,35,0,10,0,1,1.00,1.14,2000,1.00,1.00
8662,Idol Oven Fire Target,7804,1,1,35,0,2,0,1,1.00,1.14,2000,1.70,1.00
8666,Lil Timmy,7935,5,5,12,130,7,0,1,1.00,1.14,1500,1.00,1.00
8676,World Gnome Engineering Trainer,2590,10,10,35,0,7,0,1,1.20,1.14,2000,1.00,1.00
8677,World Goblin Engineering Trainer,1233,10,10,35,0,7,0,1,1.20,1.14,2000,1.00,1.00
8796,Swimming Murloc Test,441,1,1,35,0,7,0,1,1.00,1.14,2000,1.00,1.00
8836,Battle Chicken,6909,1,1,14,0,9,0,1,2.72,1.14,2000,1.00,0.31
8880,Mechastrider,6569,1,2,35,0,9,0,1,1.00,1.39,2000,1.00,1.00
8881,Riding Ram,2736,1,2,35,0,8,0,1,1.00,0.86,2000,1.00,1.00
8882,Riding Tiger,6448,1,2,35,0,1,0,1,1.00,1.39,2000,1.00,1.00
8883,Riding Horse,2402,1,2,35,0,1,0,1,1.00,1.39,2000,4.60,1.00
8884,Skeletal Mount,5228,1,2,35,0,6,0,1,1.00,1.39,2000,1.00,1.00
8885,Riding Raptor,4806,1,2,35,0,1,0,1,1.00,1.39,2000,1.00,1.00
8886,Deviate Python,8173,18,19,270,0,1,0,1,1.00,1.14,2000,1.00,0.40
8935,Paladin 20 AlternateHighDamage,282,20,20,7,0,7,0,1,1.20,1.14,2000,1.00,1.00
8962,Hilary,257,1,1,35,3,7,0,1,1.00,1.14,2000,1.00,1.00
8963,Effsee,5556,1,1,35,0,8,0,1,1.00,1.14,2000,1.00,1.00
8965,Shawn,221,1,1,35,3,7,0,1,1.00,1.14,2000,1.00,1.00
8997,Gershala Nightwhisper,8229,20,20,80,2,7,0,1,1.00,1.14,2000,1.00,1.00
8999,Innkeeper Sentinel Hill,3434,8,8,55,65666,10,0,1,0.95,1.14,2000,1.00,1.00
9047,Jenal,8354,5,5,80,3,7,0,1,1.00,1.14,2000,1.00,1.00
9158,Warhorse,8469,1,2,35,0,1,0,1,0.91,1.14,2000,1.00,1.00
9180,World Event Generator,11686,5,5,35,0,10,0,1,1.20,1.14,2000,1.00,0.20
9256,Farm Chicken,304,1,1,188,0,12,0,1,1.00,1.14,2000,1.00,1.00
9275,Launcher,1140,1,1,35,0,7,0,1,1.20,1.14,2000,1.00,1.00
9276,Launcher2,1140,1,1,35,0,7,0,1,1.20,1.14,2000,1.00,1.00
9296,Milly Osworth,8489,2,2,12,2,7,0,1,1.00,1.14,2000,1.00,1.00
9316,Wenikee Boltbucket,8630,19,19,69,2,7,0,1,1.00,1.14,2000,1.00,1.00
9336,Boss Copperplug,8569,19,19,16,0,7,0,1,1.00,1.14,2000,1.00,1.00
9456,Warlord Krom'zar,4874,20,20,16,0,7,1,1,0.67,1.14,2400,7.50,3.00
9457,Horde Defender,8649,15,18,85,0,7,0,1,1.00,1.14,2000,1.00,0.50
9458,Horde Axe Thrower,9578,15,18,877,0,7,0,1,1.00,1.14,2000,1.00,0.50
9523,Kolkar Stormseer,4871,15,16,130,0,7,0,2,0.67,1.14,2000,1.00,1.00
9524,Kolkar Invader,1349,16,17,655,0,7,0,1,0.67,1.14,2000,1.00,1.00
9553,Nadia Vernon,8672,20,20,68,4482,7,0,1,1.00,1.14,2000,1.00,1.00
9580,Orgrimmar Talent Master,8766,1,1,29,0,7,0,1,1.20,1.14,2000,1.00,1.25
9600,Parrot,8816,1,1,188,0,8,0,1,1.00,1.14,2000,1.00,1.00
9656,Pet Bombling,8909,1,1,188,0,12,0,1,1.00,1.14,2000,1.00,1.00
9657,Lil' Smoky,8910,1,1,188,0,12,0,1,1.00,1.14,2000,1.00,1.00
9658,Distract Test,304,1,1,31,0,8,0,1,1.00,0.86,2000,1.00,0.20
9659,Unkillable Test Dummy,2467,1,1,7,0,7,0,1,1.00,0.86,2000,1.00,0.15
9662,Sprite Darter Hatchling,6294,1,1,188,0,12,0,1,1.00,1.14,2000,1.00,1.00
9686,[PH] TESTTAUREN,4300,1,1,104,0,7,0,1,1.00,1.14,2000,1.00,1.00
9699,Fire Beetle,8971,1,1,31,0,8,0,1,1.00,0.71,2000,1.00,0.20
9700,Lava Crab,5560,1,1,31,0,8,0,1,1.00,0.86,2000,1.00,0.20
9702,Grurk,6032,18,18,40,0,7,0,1,1.20,1.14,2000,1.00,1.00
9703,Il'thurk,6032,17,17,40,0,7,0,1,1.20,1.14,2000,1.00,1.00
9704,Lumurk,6032,17,17,40,0,7,0,1,1.20,1.14,2000,1.00,1.00
9796,Galgar,9151,8,8,29,2,7,0,1,1.00,1.14,2000,1.00,1.00
9896,World Stable Master,2575,10,10,35,4194305,7,0,1,1.20,1.14,2000,1.00,1.00
9936,Corrupted Kitten,9209,1,1,188,0,12,0,1,1.00,1.14,2000,1.00,1.00
9937,Common Kitten,9990,1,1,188,1,12,0,1,1.00,1.43,2000,1.00,1.00
9990,Lanti'gah,9574,4,4,29,1,7,0,1,1.00,1.14,2000,1.00,1.00
10016,Tainted Rat,1141,1,1,31,0,8,0,1,1.00,0.86,2000,1.00,0.20
10017,Tainted Cockroach,2177,1,1,188,0,8,0,1,0.40,0.86,2000,1.00,0.20
10042,Corrupted Saber,9230,5,5,35,1,1,0,1,1.00,1.43,2000,1.00,4.00
10116,Slave,9330,1,1,35,0,7,0,1,1.00,1.14,2000,3.50,1.00
10117,Tortured Slave,7550,1,1,35,0,6,0,1,1.00,1.14,2000,3.50,1.00
10157,Moonkin Oracle,12236,13,14,16,0,7,0,2,1.00,1.14,2000,1.00,1.00
10158,Moonkin,5927,12,13,16,0,7,0,1,1.00,1.14,2000,1.00,1.00
10159,Young Moonkin,9390,11,12,16,0,7,0,1,1.00,1.14,2000,1.00,1.00
10160,Raging Moonkin,12237,12,14,16,0,7,0,1,1.00,1.14,2000,1.00,1.00
10176,Kaltunk,9470,20,20,29,2,7,0,1,1.00,1.14,2000,1.00,1.00
10178,Fluorescent Green Mechanostrider,9475,1,2,35,0,9,0,1,1.20,1.14,2000,1.00,1.00
10179,White Mechanostrider Mod B,9474,1,2,35,0,9,0,1,0.91,1.14,2000,1.00,1.00
10180,Unpainted Mechanostrider,9476,1,2,35,0,9,0,1,0.91,1.14,2000,1.00,1.00
10216,Gubber Blump,9550,15,15,55,131,7,0,1,1.00,1.14,2000,1.00,1.00
10259,Worg Pup,9563,1,1,188,0,12,0,1,1.00,1.14,2000,1.00,1.00
10322,Ancient Frostsaber,9695,1,2,35,0,1,0,1,0.91,1.14,2000,1.00,1.00
10323,Murkdeep,1079,19,19,18,0,7,0,1,1.00,1.14,2000,1.00,1.15
10336,Primal Leopard,4805,1,2,35,0,1,0,1,0.91,1.14,2000,1.00,1.00
10337,Tawny Sabercat,6442,1,2,35,0,1,0,1,0.91,1.14,2000,1.00,1.00
10338,Golden Sabercat,9714,1,2,35,0,1,0,1,0.91,1.14,2000,1.00,1.00
10356,Bayne,7892,10,10,38,0,3,4,1,1.00,1.14,2000,1.00,1.00
10357,Ressan the Needler,9750,11,11,16,0,1,4,1,1.00,1.43,2000,1.00,1.25
10358,Fellicent's Shade,5430,12,12,16,0,6,4,2,1.11,1.14,2000,1.00,1.00
10359,Sri'skulk,418,13,13,22,0,1,4,1,1.00,0.86,2000,1.00,1.25
10369,Trayexir,9768,12,12,126,4482,7,0,1,1.00,1.14,2000,1.00,1.05
10373,Xabraxxis,2007,19,19,90,0,3,0,2,1.00,1.14,2000,1.00,1.00
10380,Sanuye Runetotem,9772,15,15,104,4226,7,0,1,1.00,1.14,2000,1.00,1.00
10467,Mana Tide Totem,4587,1,80,58,0,11,0,1,1.00,1.00,2000,1.00,0.05
10541,Krakle's Thermometer,7804,1,1,35,0,8,0,1,1.00,1.14,2000,1.00,1.00
10556,Lazy Peon,10038,4,4,29,0,7,0,1,1.00,1.14,2000,1.00,1.00
10557,Flametongue Totem IV,4589,1,80,58,0,11,0,1,1.00,1.00,2000,1.00,1.00
10577,Crypt Scarab,10005,1,1,21,0,1,0,1,0.83,0.50,250,1.00,0.05
10578,Bom'bay,9911,8,8,126,1,7,0,1,1.00,1.14,2000,1.00,1.00
10581,Young Arikara,9913,20,20,14,0,1,0,1,1.00,1.14,2000,7.50,1.00
10582,Dog,10209,10,10,104,0,8,0,1,1.00,1.14,2000,1.00,1.00
10598,Smolderweb Hatchling,9997,1,1,188,0,12,0,1,1.00,1.14,2000,1.00,1.00
10599,Hulfnar Stonetotem,9936,10,10,104,0,7,0,1,1.00,1.14,2000,1.00,1.50
10600,Thontek Rumblehoof,9935,11,11,1606,0,7,0,1,1.00,1.14,2000,1.00,1.60
10603,Hallucination,9939,1,1,126,0,7,0,1,0.91,1.14,2000,1.00,1.00
10604,Huntress Nhemai,9937,20,20,79,2,7,0,1,1.00,1.14,2000,1.00,1.00
10606,Huntress Yaeliura,9938,20,20,79,2,7,0,1,1.00,1.14,2000,1.00,1.00
10610,Angus,9946,11,11,55,0,7,0,1,1.00,1.14,2000,1.00,1.00
10611,Shorty,9947,10,10,55,0,7,0,1,1.00,1.14,2000,1.00,1.00
10616,Supervisor Raelen,10995,15,15,123,2,7,0,1,1.00,1.14,2000,1.00,1.00
10657,Corrupted Cat,9993,1,1,35,0,1,0,1,1.00,1.43,2000,1.00,1.10
10658,Winna's Kitten,9990,1,1,188,0,12,0,1,1.00,0.86,2000,1.00,1.00
10665,Junior Apothecary Holland,9999,20,20,68,3,6,0,1,1.00,1.14,2000,1.00,1.00
10668,Beaten Corpse,10004,16,16,83,1,7,0,1,1.00,1.14,2000,1.00,1.00
10685,Swine,10015,3,3,31,0,8,0,1,1.00,0.86,2000,1.00,0.20
10716,Belfry Bat,10033,1,1,7,0,8,0,1,1.00,2.86,2000,1.00,1.00
10721,Novice Warrior,10049,5,5,104,0,7,0,1,1.00,1.14,2000,1.00,1.00
10778,Janice Felstone,10129,5,5,35,3,6,0,1,1.00,1.14,2000,1.00,1.00
10779,Infected Squirrel,10090,1,1,31,0,8,0,1,1.00,0.86,2000,1.00,0.20
10780,Infected Deer,10091,5,5,31,0,8,0,1,1.00,0.86,2000,1.00,0.20
10803,Rifleman Wheeler,10111,8,9,55,0,7,0,1,1.00,1.14,2000,1.00,1.00
10804,Rifleman Middlecamp,10110,8,9,55,0,7,0,1,1.00,1.14,2000,1.00,1.00
10805,Spotter Klemmy,10109,6,6,55,0,7,0,1,1.00,1.14,2000,1.00,1.00
10877,Courier Hammerfall,10184,3,3,55,3,7,0,1,1.00,1.14,2000,1.00,1.00
10878,Herald Moonstalker,10185,3,3,80,3,7,0,1,1.00,1.14,2000,1.00,1.00
10879,Harbinger Balthazad,10187,3,3,68,3,7,0,1,1.00,1.14,2000,1.00,1.00
10880,Warcaller Gorlach,10186,3,3,29,3,7,0,1,1.00,1.14,2000,1.00,1.00
10881,Bluff Runner Windstrider,10188,3,3,104,3,7,0,1,1.00,1.14,2000,1.00,1.00
10902,Andorhal Tower One,7804,1,1,35,0,10,0,1,1.00,1.14,2000,1.00,1.00
10903,Andorhal Tower Two,7804,1,1,35,0,10,0,1,1.00,1.14,2000,1.00,1.00
10904,Andorhal Tower Three,7804,1,1,35,0,10,0,1,1.00,1.14,2000,1.00,1.00
10905,Andorhal Tower Four,7804,1,1,35,0,10,0,1,1.00,1.14,2000,1.00,1.00
10926,Pamela Redpath,10445,1,1,35,2,6,0,1,1.00,1.14,2000,1.00,1.00
10927,Marlene Redpath,10232,10,10,35,2,6,0,1,1.00,1.14,2000,1.00,1.00
10980,Umi's Mechanical Yeti,10269,1,1,35,0,7,0,1,1.00,1.14,2000,1.00,1.00
10989,Blizzard Elemental,8716,1,1,16,0,4,1,1,1.20,1.14,2000,7.50,5.00
11021,Winterspring Frostsaber,10426,1,2,35,0,1,0,1,0.91,1.14,2000,1.00,1.00
11122,Restless Soul,1825,1,1,35,0,10,0,1,6.00,2.14,2000,1.00,1.00
11136,Freed Soul,1825,1,1,35,0,10,0,1,6.00,2.14,2000,1.00,1.00
11144,Oracle Sphere,10648,1,1,35,0,10,0,1,1.00,1.43,2000,1.00,1.00
11147,Green Mechanostrider,10661,1,2,35,0,9,0,1,0.91,1.14,2000,1.00,1.00
11148,Purple Mechanostrider,10662,1,2,35,0,9,0,1,1.20,1.14,2000,1.00,1.00
11149,Red and Blue Mechanostrider,10664,1,2,35,0,9,0,1,1.20,1.14,2000,1.00,1.00
11150,Icy Blue Mechanostrider Mod A,10666,1,2,35,0,9,0,1,0.91,1.14,2000,1.00,1.00
11151,Riding MechaStrider (Yellow/Green),10666,1,2,35,0,9,0,1,1.20,1.14,2000,1.00,1.00
11152,The Scourge Cauldron,7804,1,1,35,2,10,0,1,1.00,1.14,2000,1.00,1.00
11153,Red Skeletal Horse,10670,1,1,35,0,6,0,1,0.91,1.14,2000,1.00,1.00
11154,Blue Skeletal Horse,10671,1,1,35,0,6,0,1,0.91,1.14,2000,1.00,1.00
11155,Brown Skeletal Horse,10672,1,1,35,0,6,0,1,0.91,1.14,2000,1.00,1.00
11156,Green Skeletal Warhorse,10720,1,2,35,0,6,0,1,1.00,1.39,2000,1.00,1.00
11218,Kerlonian Evershade,10858,20,20,80,2,7,0,1,1.00,0.99,2000,1.00,1.00
11236,Blood Parrot,9554,1,1,188,0,12,0,1,1.00,1.14,2000,1.00,1.00
11260,Northshire Peasant,11354,1,1,12,0,7,0,1,0.67,1.14,2000,1.00,1.00
11282,Melia,10929,1,1,35,0,6,0,1,0.91,1.14,2000,1.00,1.00
11283,Sammy,10928,1,1,35,0,6,0,1,0.91,1.14,2000,1.00,1.00
11318,Ragefire Trogg,11609,13,15,59,0,7,1,1,1.00,1.14,2000,1.70,3.00
11319,Ragefire Shaman,11610,13,15,59,0,7,1,2,1.00,1.14,2000,1.70,3.00
11320,Earthborer,11010,13,14,16,0,1,1,1,1.00,1.14,2000,1.50,3.00
11321,Molten Elemental,2075,13,13,834,0,4,1,1,1.56,1.14,2000,1.70,3.00
11322,Searing Blade Cultist,11434,13,15,554,0,7,1,2,1.00,1.14,2000,1.70,3.00
11323,Searing Blade Enforcer,11430,13,15,554,0,7,1,1,1.00,1.14,2000,1.70,3.00
11324,Searing Blade Warlock,11438,13,15,554,0,7,1,8,1.00,1.14,2000,1.70,3.00
11325,Panda Cub,10990,1,1,188,0,12,0,1,1.00,1.14,2000,1.00,1.00
11326,Mini Diablo,10992,1,1,188,0,12,0,1,1.00,1.14,2000,1.00,1.00
11328,Eastvale Peasant,310,6,7,12,0,7,0,1,0.67,1.14,2000,1.00,1.00
11378,Foreman Thazz'ril,12089,4,4,29,2,7,0,1,1.00,1.14,2000,1.00,1.00
11517,Oggleflint,11611,16,16,59,0,7,1,1,1.00,1.14,2000,2.20,4.00
11518,Jergosh the Invoker,11429,16,16,554,0,7,1,8,1.00,1.14,2000,2.40,4.50
11519,Bazzalan,2007,16,16,554,0,7,1,1,1.00,1.14,2000,2.20,4.25
11520,Taragaman the Hungerer,7970,16,16,554,0,7,1,1,1.00,1.14,2000,2.40,5.25
11537,TEST GEAR PALADIN,11321,1,1,35,0,7,0,1,1.00,1.14,2000,1.00,1.00
11538,TEST GEAR WARRIOR,11322,1,1,35,0,7,0,1,1.00,1.14,2000,1.00,1.00
11539,TEST GEAR HUNTER,11323,1,1,35,0,7,0,1,1.00,1.14,2000,1.00,1.00
11540,TEST GEAR MAGE,11324,1,1,35,0,7,0,1,1.00,1.14,2000,1.00,1.00
11541,TEST GEAR WARLOCK,11325,1,1,35,0,7,0,1,1.00,1.14,2000,1.00,1.00
11542,TEST GEAR DRUID,11326,1,1,35,0,7,0,1,1.00,1.14,2000,1.00,1.00
11543,TEST GEAR SHAMAN,11328,1,1,35,0,7,0,1,1.00,1.14,2000,1.00,1.00
11544,TEST GEAR PRIEST,11329,1,1,35,0,7,0,1,1.00,1.14,2000,1.00,1.00
11545,TEST GEAR ROGUE,11330,1,1,35,0,7,0,1,1.00,1.14,2000,1.00,1.00
11547,Skeletal Scholomance Student,9785,1,1,21,0,6,0,1,1.20,1.14,2000,1.00,1.00
11606,Whitewhisker Tunnel Rat,371,1,1,26,0,7,0,1,1.20,1.14,2000,1.00,0.50
11676,Fjordune the Greater,12815,1,1,14,0,5,2,1,1.00,1.43,2000,7.50,25.00
11689,Brown Kodo,11641,1,2,35,0,1,0,1,0.91,1.14,2000,1.00,1.00
11690,Gnarlpine Instigator,3024,8,8,82,0,7,0,1,0.67,0.86,2000,1.00,2.00
11709,Jareth Wildwoods,11680,16,16,80,2,7,0,1,1.00,1.14,2000,1.00,1.00
11711,Sentinel Aynasha,11663,20,20,231,2,7,0,1,1.00,1.43,2000,1.00,1.00
11713,Blackwood Tracker,1010,14,15,82,0,7,0,2,0.67,0.99,2000,1.00,1.00
11714,Marosh the Devious,11661,16,16,82,0,7,0,2,0.67,0.99,2000,1.00,1.00
11750,Ganoosh,11694,8,8,68,2,7,0,1,1.00,1.14,2000,1.00,1.00
11751,Rilan Howard,11674,20,20,68,2,7,0,1,1.00,1.14,2000,1.00,1.00
11776,Salome,11709,1,1,35,0,8,0,1,1.00,0.86,2000,1.00,0.01
11806,Sentinel Onaeya,11729,20,20,231,2,7,0,1,1.00,1.14,2000,1.00,1.00
11807,Tristane Shadowstone,11752,15,15,55,2,7,0,2,1.00,1.14,2000,1.00,1.00
11814,Kali Remik,11734,12,12,126,2,7,0,1,1.00,1.14,2000,1.00,1.00
11816,Una Ji'ro,11748,12,12,35,0,7,0,1,1.00,1.14,2000,1.00,1.00
11823,Vark Battlescar,11738,10,10,104,2,7,0,1,1.00,1.14,2000,1.00,1.00
11833,Rahauro,11754,20,20,104,3,7,0,1,1.00,1.14,2000,1.00,1.00
11834,Maur Grimtotem,11755,14,14,35,2,7,0,1,1.00,1.14,2000,1.70,1.00
11836,Captured Rabid Thistle Bear,8840,13,13,35,0,1,0,1,0.84,1.14,2000,1.00,1.25
11856,Kaya Flathoof,11789,15,15,104,2,7,0,1,1.00,1.14,2000,1.00,1.00
11858,Grundig Darkcloud,11791,18,18,16,0,7,0,1,1.00,1.14,2000,1.00,1.00
11875,Mortar Team Target Dummy,1555,6,6,14,0,9,0,1,1.00,1.00,2000,1.00,1.00
11884,Obi,6468,1,5,35,0,1,0,1,1.00,1.39,2000,1.00,1.00
11902,Aiden,262,1,1,12,0,7,0,1,1.20,1.14,2000,1.00,1.00
11903,Alexander,221,1,1,12,0,7,0,1,1.20,1.14,2000,1.00,1.00
11904,Noah,338,1,1,12,0,7,0,1,1.20,1.14,2000,1.00,1.00
11905,Jordan,338,1,1,12,0,7,0,1,1.20,1.14,2000,1.00,1.00
11906,Sophia,11873,1,1,12,0,7,0,1,1.20,1.14,2000,1.00,1.00
11907,Alanna,344,1,1,12,0,7,0,1,1.20,1.14,2000,1.00,1.00
11908,Mirah,11873,1,1,12,0,7,0,1,1.20,1.14,2000,1.00,1.00
11909,Penelope,257,1,1,12,0,7,0,1,1.20,1.14,2000,1.00,1.00
11910,Grimtotem Ruffian,11878,14,15,16,0,7,0,1,1.00,1.14,2000,1.00,1.00
11911,Grimtotem Mercenary,11882,14,15,16,0,7,0,1,1.00,1.14,2000,1.00,1.00
11912,Grimtotem Brute,11874,15,16,16,0,7,0,1,1.00,1.14,2500,1.00,1.00
11913,Grimtotem Sorcerer,11886,15,16,16,0,7,0,8,1.00,1.14,2000,1.00,1.00
11914,Gorehoof the Black,10225,17,17,16,0,7,0,1,1.00,1.14,2000,1.00,1.25
11915,Gogger Rock Keeper,26,16,17,26,0,7,0,2,1.00,1.14,2000,1.00,1.00
11917,Gogger Geomancer,26,16,17,26,0,7,0,8,1.00,1.14,2000,1.00,1.00
11918,Gogger Stonepounder,26,17,18,26,0,7,0,1,1.00,1.14,2500,1.00,1.00
11920,Goggeroc,6025,20,20,26,0,7,0,1,1.00,1.14,2000,1.00,1.10
11926,[PH] Northshire Gift Dispenser,2392,5,5,534,0,7,0,1,1.20,1.14,2000,1.00,1.00
11936,Artist Renfray,11890,12,12,35,2,6,0,1,1.00,1.14,2000,1.00,1.00
11940,Merissa Stilwell,11898,5,5,12,2,7,0,1,1.00,1.14,2000,1.00,1.00
11941,Yori Crackhelm,11899,5,5,55,2,7,0,1,1.00,1.14,2000,1.00,1.00
11942,Orenthil Whisperwind,11900,5,5,80,2,7,0,1,1.00,1.14,2000,1.00,1.00
11943,Magga,11901,5,5,29,2,7,0,1,1.00,1.14,2000,1.00,1.00
11944,Vorn Skyseer,11902,5,5,104,2,7,0,1,1.00,1.14,2000,1.00,1.00
11945,Claire Willower,11904,5,5,68,2,7,0,1,1.00,1.14,2000,1.00,1.00
11996,Ashley Bridenbecker,257,1,1,12,0,7,0,1,1.00,0.86,2000,1.00,1.00
12120,Plagueland Termite,12191,1,1,35,0,8,0,1,0.40,0.71,2000,1.00,1.00
12138,Lunaclaw,9389,12,12,16,0,7,0,1,1.00,1.14,2000,1.00,1.00
12144,Lunaclaw Spirit,12243,13,13,35,1,7,0,1,1.00,1.14,2000,1.00,1.00
12145,Riding Kodo (Black),12244,1,2,35,0,1,0,1,1.20,1.14,2000,1.00,1.00
12146,Riding Kodo (Olive),12247,1,2,35,0,1,0,1,1.20,1.14,2000,1.00,1.00
12147,Riding Kodo (White),12241,1,2,35,0,1,0,1,1.20,1.14,2000,1.00,1.00
12148,Teal Kodo,12242,12,12,35,0,1,0,1,0.58,1.14,2000,1.00,1.00
12149,Gray Kodo,12246,1,2,35,0,1,0,1,0.91,1.14,2000,1.00,1.00
12150,Riding Kodo (Purple),12240,1,2,35,0,1,0,1,1.00,1.39,2000,1.00,1.00
12151,Green Kodo,12245,12,12,35,0,1,0,1,0.58,1.14,2000,1.00,1.00
12152,Voice of Elune,12271,1,1,35,0,8,0,1,1.00,1.14,2000,1.00,1.00
12202,Human Skull,7804,1,1,35,0,10,0,1,1.00,1.14,2000,1.00,1.00
12244,Mark of Detonation (NW),7804,1,1,35,0,10,0,1,1.00,1.14,2000,1.00,1.00
12247,Scourge Structure,12271,1,1,77,0,10,0,1,1.00,1.14,2000,1.00,1.00
12249,Mark of Detonation (SW),7804,1,1,35,0,10,0,1,1.00,1.14,2000,1.00,1.00
12251,Mark of Detonation (CLS),7804,1,1,35,0,10,0,1,1.00,1.14,2000,1.00,1.00
12252,Mark of Detonation (CRS),7804,1,1,35,0,10,0,1,1.00,1.14,2000,1.00,1.00
12253,Mark of Detonation (CSH),7804,1,1,35,0,10,0,1,1.00,1.14,2000,1.00,1.00
12254,Mark of Detonation (NESH),7804,1,1,35,0,10,0,1,1.00,1.14,2000,1.00,1.00
12255,Mark of Detonation (NE),7804,1,1,35,0,10,0,1,1.00,1.14,2000,1.00,1.00
12256,Mark of Detonation (SE),7804,1,1,35,0,10,0,1,1.00,1.14,2000,1.00,1.00
12276,Hive'Zora Egg,10056,20,20,413,0,10,0,1,1.00,1.14,1800,1.00,0.10
12296,Sickly Gazelle,14951,3,3,188,0,8,0,1,1.00,0.86,2000,1.00,0.20
12297,Cured Gazelle,1547,1,1,188,0,8,0,1,1.00,0.86,2000,1.00,0.20
12298,Sickly Deer,10091,5,5,188,0,8,0,1,1.00,0.86,2000,1.00,0.20
12299,Cured Deer,347,1,1,188,0,8,0,1,1.00,0.86,2000,1.00,0.01
12319,Burning Blade Toxicologist,4196,14,14,554,0,7,0,8,1.00,1.14,2000,1.00,1.00
12320,Burning Blade Crusher,4198,13,13,554,0,7,0,1,0.99,1.14,2000,1.00,1.00
12321,Stormscale Toxicologist,4980,15,15,74,0,7,0,2,1.00,1.14,2000,1.00,1.00
12341,Blue Skeletal Horse,10671,1,2,35,0,6,0,1,1.00,1.39,2000,1.00,1.00
12342,Brown Skeletal Horse,10672,1,2,35,0,6,0,1,1.00,1.39,2000,1.00,1.00
12343,Red Skeletal Horse,10670,1,2,35,0,6,0,1,1.00,1.39,2000,1.00,1.00
12344,Swift Green Skeletal Horse,10720,1,2,35,0,6,0,1,1.00,1.39,2000,1.00,1.00
12345,Mottled Crimson Raptor,6469,1,1,35,0,1,0,1,0.91,1.14,2000,1.00,1.00
12346,Emerald Riding Raptor,4806,1,2,35,0,1,0,1,1.00,1.39,2000,1.00,1.00
12348,Ivory Raptor,6471,1,2,35,0,1,0,1,1.00,1.39,2000,1.00,1.00
12349,Turquoise Riding Raptor,6472,1,2,35,0,1,0,1,1.00,1.39,2000,1.00,1.00
12350,Violet Riding Raptor,6473,1,2,35,0,1,0,1,1.00,1.39,2000,1.00,1.00
12351,Dire Riding Wolf,2327,10,10,35,0,1,0,1,1.00,1.39,2000,1.00,1.00
12353,Timber Riding Wolf,247,10,10,35,0,1,0,1,1.00,1.39,2000,1.00,1.00
12354,Brown Riding Kodo,11641,11,12,35,0,1,0,1,1.00,1.39,2000,1.00,1.00
12355,Gray Riding Kodo,12246,11,12,35,0,1,0,1,1.00,1.39,2000,1.00,1.00
12356,Green Riding Kodo,12245,12,12,35,0,1,0,1,0.58,1.14,2000,1.00,1.00
12357,Teal Riding Kodo,12242,12,12,35,0,1,0,1,0.58,1.14,2000,1.00,1.00
12358,Riding Striped Frostsaber,6080,1,2,35,0,1,0,1,1.00,1.39,2000,1.00,1.00
12359,Riding Spotted Frostsaber,6444,1,2,35,0,1,0,1,1.00,1.39,2000,1.00,1.00
12360,Riding Striped Nightsaber,6448,1,2,35,0,1,0,1,1.00,1.39,2000,1.00,1.00
12361,Riding Nightsaber,9991,1,2,35,0,1,0,1,0.91,1.14,2000,1.00,1.00
12362,Riding Frostsaber,9695,1,2,35,0,1,0,1,0.91,1.14,2000,1.00,1.00
12363,Blue Mechanostrider,6569,1,2,35,0,9,0,1,1.00,1.39,2000,1.00,1.00
12364,Icy Blue Mechanostrider Mod A,10666,1,2,35,0,9,0,1,1.00,1.39,2000,1.00,1.00
12365,Red Mechanostrider,9473,1,2,35,0,9,0,1,1.00,1.39,2000,1.00,1.00
12366,Unpainted Mechanostrider X,9476,1,2,35,0,9,0,1,1.00,1.39,2000,1.00,1.00
12367,Green Mechanostrider,10661,1,2,35,0,9,0,1,1.00,1.39,2000,1.00,1.00
12368,White Mechanostrider Mod A,9474,1,2,35,0,9,0,1,1.00,1.39,2000,1.00,1.00
12370,Black Ram,2784,1,2,35,0,1,0,1,1.00,1.39,2000,1.00,1.00
12371,Frost Ram,2787,1,2,35,0,1,0,1,1.00,1.39,2000,1.00,1.00
12372,Brown Ram,2785,1,2,35,0,1,0,1,1.00,1.39,2000,1.00,1.00
12373,Gray Ram,2736,1,2,35,0,1,0,1,1.00,1.39,2000,1.00,1.00
12374,White Riding Ram Mount,2786,1,2,35,0,1,0,1,1.00,1.39,2000,1.00,1.00
12375,Chestnut Mare,2405,1,2,35,0,1,0,1,1.00,1.39,2000,1.00,1.00
12376,Brown Horse,2404,1,2,35,0,1,0,1,1.00,1.39,2000,1.00,1.00
12383,Nibbles,1072,1,1,31,0,8,0,1,1.00,0.86,2000,1.00,0.20
12385,Mortar Team Advanced Target Dummy,12434,6,6,14,0,9,0,1,1.00,1.00,2000,1.00,1.00
12419,Lifelike Toad,901,1,1,188,0,12,0,1,1.00,1.14,2000,1.00,1.00
12423,Guard Roberts,3258,7,7,12,0,7,0,1,1.00,1.14,2000,1.00,1.00
12426,Masterwork Target Dummy,1555,1,1,14,0,9,0,1,1.00,1.00,2000,1.00,124.48
12427,Mountaineer Dolf,12474,7,7,55,0,7,0,1,1.00,1.14,2000,1.00,1.00
12428,Deathguard Kel,12475,7,7,68,0,7,0,1,1.00,1.14,2000,1.00,1.00
12429,Sentinel Shaya,12476,7,7,80,0,7,0,1,1.00,1.14,2000,1.00,1.00
12430,Grunt Kor'ja,12477,7,7,29,0,7,0,1,1.00,1.14,2000,1.00,1.00
12431,Gorefang,11413,13,13,38,0,1,4,1,1.00,1.14,2000,1.00,1.00
12432,Old Vicejaw,982,14,14,44,0,1,4,1,1.00,1.14,2000,1.00,1.25
12433,Krethis Shadowspinner,368,15,15,22,0,1,4,2,1.00,1.14,2000,1.00,1.00
12434,Monster Generator (Blackwing),11686,1,1,35,0,10,0,1,1.00,1.14,2000,1.00,1.00
12516,TEST Resist Gear,11326,1,1,35,0,7,0,1,1.00,1.14,2000,1.00,1.00
12517,TEST Potions and Enchantments,11326,1,1,35,0,7,0,1,1.00,1.14,2000,1.00,1.00
12537,Morph Firemane Scalebane,8310,1,1,35,0,0,0,1,1.00,1.14,2000,1.00,1.00
12581,Mercutio,2410,1,2,35,0,1,0,1,1.00,1.39,2000,1.00,1.00
12656,Thamarian,14954,15,15,80,3,7,0,1,1.00,1.14,2000,1.00,1.00
12657,Don Pompa,12610,20,20,11,2,7,0,1,1.00,1.14,2000,1.00,1.00
12658,Adam Lind,12609,20,20,11,3,7,0,1,1.00,1.14,2000,1.00,1.00
12738,Nori Pridedrift,12967,5,5,55,2,7,0,1,1.00,1.14,2000,1.00,1.00
12776,Hraug,14371,9,9,29,2,7,0,1,1.00,1.14,2000,1.00,1.00
12819,Ruul Snowhoof Bear Form,29421,1,1,714,0,7,0,1,1.20,1.14,2000,1.00,1.00
12861,Wisp (Ghost Visual Only),1825,1,1,80,0,8,0,1,1.00,1.14,2000,1.00,1.00
12997,Monty,5485,12,12,55,3,7,0,1,1.00,1.14,2000,1.00,1.00
12998,Dwarven Farmer,12932,15,15,55,0,7,0,1,1.00,1.14,2000,1.00,2.00
13000,Gnome Engineer,12940,15,15,875,1,10,0,1,1.00,1.14,2000,1.00,1.00
13016,Deeprun Rat,1141,1,1,31,0,8,0,1,1.00,0.71,2000,1.00,0.01
13017,Enthralled Deeprun Rat,1141,1,1,35,0,8,0,1,1.00,0.71,2000,1.00,0.01
13018,Nipsy,12965,12,12,55,131,7,0,1,1.00,1.14,2000,1.00,1.00
13156,Carrosh,11339,12,12,16,0,7,0,1,0.97,1.14,2000,1.00,1.00
13157,Makasgar,13089,12,12,16,0,7,0,2,1.00,1.14,2000,1.00,1.00
13158,Lieutenant Sanders,13090,12,12,35,0,7,0,2,1.00,1.14,2000,1.00,1.00
13159,James Clark,13091,12,12,7,0,7,0,1,1.00,1.14,2000,1.00,1.00
13277,Dahne Pierce,251,5,5,894,0,7,0,1,1.00,1.14,2000,1.00,1.05
13281,Furis,2346,1,1,1215,0,3,0,1,1.00,1.39,2000,1.00,1.35
13321,Frog,901,1,1,188,0,8,0,1,1.00,1.14,2000,2.40,1.00
13338,Core Rat,1141,1,1,1081,0,8,0,1,1.00,0.71,2000,1.00,0.01
13477,Noxxion Trigger,11686,1,1,35,0,10,0,1,1.20,1.14,2000,1.00,1.00
13838,Testing Totem,4589,10,10,58,0,11,0,1,1.00,1.14,2000,1.00,1.00
13876,Mekgineer Trigger,11686,1,1,35,0,10,0,1,8.00,2.86,2000,1.70,1.00
13936,Ravenholdt,7804,1,1,471,0,10,0,1,1.00,1.14,2000,1.00,1.00
14016,Ushalac the Gloomdweller,14064,1,1,37,0,7,2,1,1.20,1.14,2000,7.50,8.00
14017,Withered Troll,14056,1,1,37,0,7,1,1,1.20,1.14,2000,7.50,3.00
14018,Rezrelek,14072,1,1,37,0,7,2,1,1.20,1.14,2000,7.50,8.00
14019,Tatterhide,13990,1,1,16,0,7,2,1,1.20,1.14,2000,7.50,12.00
14021,Winterax Sentry,7804,1,1,35,0,10,1,1,1.27,1.14,1666,7.50,3.00
14041,Haggle,14093,20,20,55,0,7,0,1,1.00,1.14,2000,1.00,1.00
14121,Deeprun Diver,14172,20,20,55,0,7,0,1,1.00,0.14,2000,1.00,1.00
14141,Stormpike Reclaimer,13274,1,1,1216,0,7,1,1,1.20,1.14,2000,7.50,3.00
14142,Frostwolf Reclaimer,12165,1,1,1214,0,7,1,1,1.20,1.14,2000,7.50,3.00
14181,[PH] Graveyard Herald,14212,1,1,35,0,7,0,1,1.20,1.14,2000,1.00,1.00
14201,[UNUSED] Sid Stuco,14236,20,20,55,0,7,0,1,1.00,1.14,2000,1.00,1.00
14266,Shanda the Spinner,1103,19,19,22,0,1,4,1,1.00,1.14,2000,1.00,1.00
14267,Emogg the Crusher,3189,19,19,45,0,7,2,1,1.00,1.14,2000,1.70,3.00
14268,Lord Condar,14313,15,16,14,0,1,4,1,1.00,1.14,2000,1.00,1.00
14270,Squiddic,5243,19,19,18,0,7,4,1,1.00,1.14,2000,1.00,1.00
14271,Ribchaser,500,17,17,19,0,7,4,1,1.20,1.14,2000,1.00,1.00
14272,Snarlflare,497,18,18,14,0,2,4,8,1.11,1.14,2000,1.00,1.00
14274,Winterax Tracker,2714,1,1,37,0,1,0,1,1.20,1.14,2000,1.00,1.35
14305,Human Orphan,338,4,4,12,3,12,0,1,1.00,1.14,2000,1.00,1.00
14307,Black Drakonid Spawner,11686,1,1,35,0,10,0,1,1.00,1.14,2000,1.00,1.00
14309,Red Drakonid Spawner,11686,1,1,35,0,10,0,1,1.00,1.14,2000,1.00,1.00
14310,Green Drakonid Spawner,11686,1,1,35,0,10,0,1,1.00,1.14,2000,1.00,1.00
14311,Bronze Drakonid Spawner,11686,1,1,35,0,10,0,1,1.00,1.14,2000,1.00,1.00
14312,Blue Drakonid Spawner,11686,1,1,35,0,10,0,1,1.00,1.14,2000,1.00,1.00
14329,Black War Wolf,14334,10,10,35,0,1,0,1,1.00,1.39,2000,1.00,1.00
14330,Black War Raptor,14388,1,2,35,0,1,0,1,1.00,1.39,2000,1.00,1.00
14331,Red Skeletal Warhorse,10719,1,2,35,0,6,0,1,1.00,1.39,2000,1.00,1.00
14332,Black War Steed,14337,1,2,35,0,1,0,1,1.00,1.39,2000,1.00,1.00
14333,Black War Kodo,14348,1,2,35,0,1,0,1,1.00,1.39,2000,1.00,1.00
14334,Black Battlestrider,14372,1,2,35,0,9,0,1,1.00,1.39,2000,1.00,1.00
14335,Black War Ram,14577,1,2,35,0,1,0,1,1.00,1.39,2000,1.00,1.00
14336,Black War Tiger,14330,1,2,35,0,1,0,1,0.91,1.14,2000,1.00,1.00
14361,Shen'dralar Wisp,10045,1,1,1354,0,8,0,1,1.00,1.14,2000,1.00,1.00
14391,Dire Maul Reaver Post,11686,1,1,35,0,10,0,1,1.20,1.14,2000,1.00,1.00
14421,Brown Prairie Dog,1072,1,1,31,0,12,0,1,1.00,0.86,2000,1.00,0.20
14428,Uruson,6818,7,7,82,0,7,4,1,0.67,0.99,2000,1.00,1.00
14429,Grimmaw,1011,11,11,82,0,7,4,1,0.67,0.99,2000,1.00,1.00
14430,Duskstalker,11453,9,9,66,0,1,4,1,1.00,1.14,1400,1.00,1.00
14431,Fury Shelda,2296,8,8,514,0,7,4,1,1.39,0.86,2000,1.00,1.00
14432,Threggil,904,6,6,90,0,3,4,2,1.00,0.86,2000,1.00,1.00
14434,Alarm-o-Bot,14473,1,1,14,0,10,0,1,0.91,1.14,2000,1.00,0.10
14443,Doomguard Tap Trigger,11686,1,1,35,0,10,0,1,1.00,1.14,2000,1.00,1.00
14444,Orcish Orphan,14589,4,4,29,2,12,0,1,1.00,1.00,2000,1.00,1.00
14449,Blackwing Orb Trigger,11686,1,1,35,0,10,0,1,1.00,1.14,2000,1.00,1.00
14450,Orphan Matron Nightingale,14500,10,10,12,131,7,0,1,1.00,1.14,2000,1.00,1.00
14451,Orphan Matron Battlewail,14499,10,10,29,3,7,0,1,1.00,1.14,2000,1.00,1.00
14453,Orb of Domination,14501,1,1,35,0,10,0,1,0.91,1.14,2000,1.00,1.00
14459,Nefarian's Troops,11686,1,1,35,0,10,0,1,1.00,1.14,2000,1.00,1.00
14465,Alliance Battle Standard,14541,1,1,58,0,10,0,1,1.00,1.00,2000,1.00,1.00
14466,Horde Battle Standard,14542,1,1,58,0,10,0,1,1.00,1.00,2000,1.00,1.00
14480,Alowicious Czervik,14530,10,10,29,130,7,0,1,1.00,1.14,2000,1.00,1.00
14481,Emmithue Smails,14529,10,10,875,130,7,0,1,1.00,1.14,2000,1.00,1.00
14496,Stormwind Orphan,252,1,3,12,0,7,0,1,1.00,1.14,2000,1.00,1.00
14497,Shellene,8632,20,20,12,0,7,0,8,1.00,1.14,2000,1.00,1.00
14499,Horde Orphan,14589,1,3,29,0,7,0,1,1.00,1.00,2000,1.00,1.00
14505,Dreadsteed,14554,1,2,35,0,3,0,1,0.91,1.14,2000,1.00,1.00
14539,Swift Timber Wolf,14575,10,10,35,0,1,0,1,1.00,1.39,2000,1.00,1.00
14540,Swift Brown Wolf,14573,10,10,35,0,1,0,1,1.00,1.39,2000,1.00,1.00
14541,Swift Gray Wolf,14574,10,10,35,0,1,0,1,1.00,1.39,2000,1.00,1.00
14542,Great White Kodo,14349,1,2,35,0,1,0,1,1.00,1.39,2000,1.00,1.00
14543,Swift Olive Raptor,14344,1,2,35,0,1,0,1,1.00,1.39,2000,1.00,1.00
14544,Swift Orange Raptor,14342,1,2,35,0,1,0,1,1.00,1.39,2000,1.00,1.00
14545,Swift Blue Raptor,14339,1,2,35,0,1,0,1,1.00,1.39,2000,1.00,1.00
14546,Swift Brown Ram,14347,1,2,35,0,1,0,1,1.00,1.39,2000,1.00,1.00
14547,Swift White Ram,14346,1,2,35,0,1,0,1,1.00,1.39,2000,1.00,1.00
14548,Swift Gray Ram,14576,1,2,35,0,1,0,1,1.00,1.39,2000,1.00,1.00
14549,Great Brown Kodo,14578,1,2,35,0,1,0,1,1.00,1.39,2000,1.00,1.00
14550,Great Gray Kodo,14579,1,2,35,0,1,0,1,1.00,1.39,2000,1.00,1.00
14551,Swift Yellow Mechanostrider,14377,1,2,35,0,9,0,1,1.00,1.39,2000,1.00,1.00
14552,Swift White Mechanostrider,14376,1,2,35,0,9,0,1,1.00,1.39,2000,1.00,1.00
14553,Swift Green Mechanostrider,14374,1,2,35,0,9,0,1,1.00,1.39,2000,1.00,1.00
14554,Swift Stripped Mechanostrider,14581,1,2,35,0,9,0,1,1.00,1.39,2000,1.00,1.00
14555,Swift Mistsaber,14332,1,2,35,0,1,0,1,1.00,1.39,2000,1.00,1.00
14556,Swift Frostsaber,14331,1,2,35,0,1,0,1,1.00,1.39,2000,1.00,1.00
14557,Swift Dawnsaber,14329,1,2,35,0,1,0,1,1.00,1.39,2000,1.00,1.00
14558,Purple Skeletal Warhorse,10721,1,2,35,0,6,0,1,1.00,1.39,2000,1.00,1.00
14559,Swift Palomino,14582,1,2,35,0,1,0,1,1.00,1.39,2000,1.00,1.00
14560,Swift White Steed,14338,1,2,35,0,1,0,1,1.00,1.39,2000,1.00,1.00
14561,Swift Brown Steed,14583,1,2,35,0,1,0,1,1.00,1.39,2000,1.00,1.00
14562,Swift Blue Mechanostrider,14373,1,2,35,0,9,0,1,1.00,1.39,2000,1.00,1.00
14563,Swift Red Mechanostrider,14375,1,2,35,0,9,0,1,1.00,1.39,2000,1.00,1.00
14565,Charger,14584,1,2,35,0,1,0,1,0.91,1.14,2000,1.00,1.00
14602,Swift Stormsaber,14632,1,2,35,0,1,0,1,1.00,1.39,2000,1.00,1.00
14606,Drakonid Corpse Trigger,11686,1,1,35,0,10,0,1,1.20,1.14,2000,1.00,1.00
14623,Warsong Gulch Battlemaster,10186,1,1,35,0,7,0,1,1.00,1.14,2000,1.00,1.00
14629,Loggerhead Snapjaw,14657,1,1,188,0,12,0,1,1.00,1.14,2000,1.00,1.00
14630,Leatherback Snapjaw,14658,1,1,188,0,12,0,1,1.00,1.14,2000,1.00,1.00
14631,Olive Snapjaw,14659,1,1,188,0,12,0,1,1.00,1.14,2000,1.00,1.00
14632,Hawksbill Snapjaw,14660,1,1,188,0,12,0,1,1.00,1.14,2000,1.00,1.00
14633,Albino Snapjaw,14661,1,1,188,0,12,0,1,1.00,1.14,2000,1.00,1.00
14641,[PH] Horde spell thrower,169,1,1,83,0,10,0,1,1.20,1.14,2000,1.00,1.00
14642,[PH] Alliance Spell thrower,169,1,1,84,0,10,0,1,1.20,1.14,2000,1.00,1.00
14643,[PH] Alliance Herald,12075,1,1,1334,0,7,0,1,1.20,1.14,2000,1.00,15.00
14644,[PH] Horde Herald,12080,1,1,1335,0,7,0,1,1.20,1.14,2000,1.00,15.00
14645,Warsong Gulch Herald,8590,1,1,35,0,10,0,1,1.00,1.14,2000,1.00,1.00
14646,Stratholme Trigger,11686,1,1,114,0,10,0,1,1.00,1.14,2000,3.50,1.35
14681,Transporter Malfunction,26,1,1,188,0,8,0,1,1.20,1.14,2000,1.00,1.00
14719,[PH] Alliance Tower Lieutenant,1891,1,1,84,0,7,1,1,1.20,1.14,2000,7.50,20.00
14744,Frostwolf Howler,14776,1,1,35,0,1,0,1,0.91,1.14,2000,1.00,1.00
14745,Stormpike Battle Charger,14777,1,1,35,0,1,0,1,0.91,1.14,2000,1.00,1.00
14746,[PH] Horde Tower Lieutenant,12949,1,1,1214,0,7,1,1,1.20,1.14,2000,7.50,20.00
14751,Frostwolf Battle Standard,14782,1,1,58,0,10,0,1,1.00,1.00,2000,1.00,1.00
14752,Stormpike Battle Standard,14783,1,1,58,0,10,0,1,1.00,1.00,2000,1.00,1.00
14755,Tiny Green Dragon,14778,1,1,188,0,12,0,1,1.00,1.14,2000,1.00,1.00
14756,Tiny Red Dragon,14779,1,1,188,0,12,0,1,1.00,1.14,2000,1.00,1.00
14801,Wild Polymorph Target,7899,3,3,31,0,8,0,1,1.00,0.86,2000,1.00,0.20
14824,GGOODMAN,28050,1,1,190,0,7,0,1,1.20,1.14,2000,1.00,10.00
14850,Gruk,14589,1,1,29,0,7,0,1,1.00,1.00,2000,1.00,1.00
14851,Bog,14589,1,1,29,0,7,0,1,1.20,1.14,2000,1.00,1.00
14852,Throk,14589,1,1,29,0,7,0,1,1.20,1.14,2000,1.00,1.00
14853,Torg,14589,1,1,29,0,7,0,1,1.20,1.14,2000,1.00,1.00
14854,Kall,14589,1,1,29,0,7,0,1,1.20,1.14,2000,1.00,1.00
14855,Dagg,14589,1,1,29,0,7,0,1,1.20,1.14,2000,1.00,1.00
14856,Mott,14589,1,1,29,0,7,0,1,1.20,1.14,2000,1.00,1.00
14857,Erk,14589,2,2,29,0,7,0,1,1.00,1.00,2000,1.00,1.00
14858,Progk,14589,1,1,29,0,7,0,1,1.20,1.14,2000,1.00,1.00
14860,Flik,14589,4,4,1555,129,7,0,1,1.00,1.00,2000,1.00,1.00
14864,Khaz Modan Ram,14939,5,5,1555,0,1,0,1,1.00,2.57,2000,1.00,1.00
14865,Felinni,14935,10,10,1555,0,1,1,1,1.00,1.14,2000,1.70,3.00
14866,Flik's Frog,14936,5,5,1555,1,1,0,1,1.00,1.14,2000,1.00,1.00
14867,Jubjub,14938,5,5,1555,0,1,0,1,1.00,1.14,2000,1.00,1.00
14868,Hornsley,14937,8,8,1555,0,1,0,1,1.00,1.14,2000,1.00,1.00
14869,Pygmy Cockatrice,14940,1,1,1555,0,1,0,1,1.00,1.14,2000,1.00,1.00
14871,Morja,14943,12,12,1555,3,7,0,1,1.00,1.14,2000,1.00,1.00
14872,Trok,14589,2,2,29,0,7,0,1,1.00,1.00,2000,1.00,1.00
14873,Okla,14616,1,1,29,0,7,0,1,1.00,1.00,2000,1.00,1.00
14874,Karu,14616,1,1,29,0,7,0,1,1.00,1.00,2000,1.00,1.00
14878,Jubling,14938,5,5,1555,0,12,0,1,1.00,1.14,2000,1.00,1.00
14879,Arathi Basin Battlemaster,10186,1,1,35,0,7,0,1,1.00,1.14,2000,1.00,1.00
14881,Spider,1160,1,1,190,0,8,0,1,1.00,0.86,2000,7.50,0.20
14884,Parasitic Serpent,15133,1,1,14,0,1,0,1,1.60,0.57,2000,1.00,0.10
14886,The Good Rabbit,328,5,5,35,0,8,0,1,1.20,1.14,2000,1.00,0.10
14892,Fang,10209,1,1,29,0,8,0,1,1.00,1.14,2000,1.00,1.00
14894,Swarm of bees,14985,1,1,29,0,10,0,1,1.00,0.86,1500,1.00,0.00
14901,Peon,10038,4,4,29,0,7,0,1,1.00,1.14,2000,1.00,1.00
14906,Test Guy,149,1,1,35,0,7,1,1,1.00,1.14,2000,7.50,1.00
14908,Mogg,14589,1,1,29,0,7,0,1,1.00,1.00,2000,1.00,1.00
14909,Pooka,15002,15,15,29,0,7,0,1,1.00,1.14,2000,1.00,1.10
14913,TEST DUDE,1600,1,1,35,0,7,0,1,1.00,1.14,2000,1.00,1.00
14994,Zandalarian Event Generator,13069,1,1,35,0,10,0,1,1.00,1.14,2000,1.00,1.00
15010,Jungle Toad,14932,1,1,190,0,8,0,1,1.00,2.14,2000,1.00,0.20
15045,Arathi Farmer,15146,1,1,1577,0,10,0,1,1.00,1.14,2000,1.00,1.00
15046,Forsaken Farmer,15152,1,1,412,0,10,0,1,1.00,1.14,2000,1.00,1.00
15047,Gurubashi,13069,1,1,28,0,10,1,1,1.00,1.14,2000,7.50,3.00
15061,Spirit of Jin'do,2708,1,1,474,0,7,0,1,1.00,1.71,2000,1.00,1.20
15062,Arathi Lumberjack,308,1,1,1577,0,10,0,1,0.67,1.14,2000,1.00,1.00
15063,Arathi Blacksmith,15172,1,1,1577,0,10,0,1,1.00,1.14,2000,1.00,1.00
15064,Forsaken Blacksmith,15176,1,1,412,0,10,0,1,1.00,1.14,2000,1.00,1.00
15065,Lady,15204,5,5,190,0,8,0,1,1.00,1.14,2000,1.00,1.00
15066,Cleo,9990,5,5,190,0,8,0,1,1.00,1.14,2000,1.00,0.01
15071,Underfoot,5556,5,5,190,0,8,0,1,1.00,1.14,2000,1.00,0.01
15072,Spike,15181,5,5,190,0,8,0,1,1.00,1.14,2000,1.00,1.00
15074,Arathi Miner,15183,1,1,1577,0,10,0,1,1.00,1.14,2000,1.00,1.00
15075,Forsaken Miner,15187,1,1,412,0,10,0,1,1.00,1.14,2000,1.00,1.00
15086,Arathi Stablehand,15192,1,1,1577,0,10,0,1,1.00,1.14,2000,1.00,1.00
15087,Forsaken Stablehand,15196,1,1,412,0,10,0,1,1.00,1.14,2000,1.00,1.00
15089,Forsaken Lumberjack,15206,1,1,412,0,10,0,1,1.00,1.14,2000,1.00,1.00
15090,Swift Razzashi Raptor,15289,1,2,35,0,1,0,1,1.00,1.39,2000,1.00,1.00
15104,Swift Zulian Tiger,15290,1,2,35,0,1,0,1,1.00,1.39,2000,1.00,1.00
15107,Arathi Horse,229,1,1,1577,0,10,0,1,1.00,0.86,2000,1.00,1.00
15108,Forsaken Horse,10671,1,1,412,0,10,0,1,1.00,1.39,2000,1.00,1.00
15109,Primal Blessing Visual,15214,1,1,35,0,1,0,1,1.00,1.14,2000,1.00,1.00
15135,Chromatic Drake Mount,15293,1,2,35,0,2,0,1,1.20,1.14,2000,1.00,1.00
15139,Gahz'ranka Herald,11686,1,1,1334,0,10,0,1,1.20,1.14,2000,1.00,15.00
15141,Portal of Madness,9510,1,1,14,0,10,0,1,1.00,1.00,2000,1.00,0.01
15186,Murky,15369,1,1,188,0,12,0,1,1.00,1.14,2000,1.00,1.00
15214,Invisible Stalker,1126,1,1,35,0,10,0,1,1.00,1.14,2000,1.00,1.00
15216,Male Ghost,15331,1,1,7,0,7,0,1,1.20,1.14,2000,1.00,1.00
15217,Female Ghost,15332,1,1,7,0,7,0,1,1.20,1.14,2000,1.00,1.00
15219,Trick - Critter,6296,1,1,188,0,8,0,1,1.20,1.14,2000,1.00,1.00
15221,Frankal Invisible Trigger,13069,1,1,35,0,10,0,1,1.00,1.14,2000,1.00,1.00
15222,Rutgar Invisible Trigger,1126,1,1,35,0,10,0,1,1.00,1.14,2000,1.00,1.00
15271,Tender,15484,2,3,7,0,4,0,1,1.00,0.86,2000,1.00,1.00
15273,Arcane Wraith,15438,3,4,7,0,4,0,2,1.00,0.86,2000,1.00,1.00
15274,Mana Wyrm,16217,1,1,7,0,1,0,2,1.00,0.86,2000,1.00,1.00
15278,Magistrix Erona,15516,5,5,1604,3,7,0,8,1.00,1.14,1500,1.00,1.05
15279,Julia Sunstriker,15522,5,5,1604,51,7,0,8,1.00,1.14,1500,1.00,1.05
15280,Jesthenis Sunstriker,15521,5,5,1604,51,7,0,2,1.00,1.14,1500,1.00,1.05
15281,Lanthan Perilon,15515,5,5,1604,3,7,0,8,1.00,1.14,1500,1.00,1.05
15283,Summoner Teli'Larien,15524,5,5,1604,51,7,0,8,1.00,1.14,1500,1.00,1.00
15284,Matron Arena,15518,5,5,1604,51,7,0,8,1.00,1.14,1500,1.00,1.00
15285,Pathstalker Kariel,15519,5,5,1604,51,7,0,1,1.00,1.14,1500,1.00,1.00
15287,Shara Sunwing,15527,5,5,1604,384,7,0,1,1.00,1.14,1500,1.00,1.00
15289,Raelis Dawnstar,15526,5,5,1604,4224,7,0,1,1.00,1.14,1500,1.00,1.00
15291,Jainthess Thelryn,15529,5,6,1604,4224,7,0,8,1.00,1.14,1500,1.00,1.00
15292,Faraden Thelryn,15510,5,5,1604,4224,7,0,2,1.00,1.14,1500,1.00,1.00
15294,Feral Tender,15485,3,3,7,0,4,0,2,1.00,0.86,2000,1.00,1.00
15296,Arcanist Ithanas,15532,6,6,1604,3,7,0,8,1.00,1.14,1500,1.00,1.05
15297,Arcanist Helion,15528,6,6,1604,3,7,0,8,1.00,1.14,1500,1.00,1.05
15298,Tainted Arcane Wraith,15406,4,4,7,0,4,0,2,1.00,0.86,2000,1.00,1.00
15301,Outrunner Alarion,15514,5,5,1604,3,7,0,2,1.00,1.14,1500,1.00,1.05
15304,Ancient Mana Spring Totem,4587,1,80,58,0,11,0,1,1.00,1.00,2000,1.00,0.05
15309,Spoops,14616,1,1,29,130,7,0,1,1.00,1.00,2000,1.00,1.00
15310,Jesper,338,1,1,12,2,7,0,1,1.00,1.14,2000,1.00,1.00
15313,Moonkin (Druid - Night Elf),15374,12,13,16,0,7,0,1,1.20,1.14,2000,1.00,1.00
15314,Moonkin (Druid - Tauren),15375,12,13,16,0,7,0,1,1.20,1.14,2000,1.00,1.00
15328,Darkmoon Steam Tonk,15381,1,1,1616,0,9,0,2,1.00,1.14,2000,1.00,2.44
15349,RC Blimp <PH>,17192,1,1,1616,0,9,0,1,1.20,1.14,2000,1.00,1.00
15356,Blue Baby Murloc,15393,1,1,188,0,12,0,1,1.00,1.14,2000,1.00,1.00
15357,Purple Baby Murloc,15397,1,1,188,0,12,0,1,1.00,1.14,2000,1.00,1.00
15358,Lurky,15398,1,1,188,0,12,0,1,1.00,1.14,2000,1.00,1.00
15359,Pink Baby Murloc,15396,1,1,188,0,12,0,1,1.00,1.14,2000,1.00,1.00
15360,Green Baby Murloc,15394,1,1,188,0,12,0,1,1.00,1.14,2000,1.00,1.00
15361,Murki,15395,1,1,188,0,12,0,1,1.00,1.14,2000,1.00,1.00
15364,RC Mortar Tank <PH>,15382,1,1,35,0,9,0,1,1.20,1.14,2000,1.00,1.00
15366,Springpaw Cub,15507,1,1,189,0,1,0,1,1.00,1.14,2000,1.00,1.00
15367,Felendren the Banished,15513,5,5,7,0,7,0,2,1.00,0.86,2000,1.00,1.00
15372,Springpaw Lynx,15506,2,3,189,0,1,0,1,1.00,1.14,2000,1.00,1.00
15397,Marniel Amberlight,15924,5,5,1604,66435,7,0,1,1.00,1.14,2000,1.00,1.00
15400,Arathel Sunforge,15907,15,15,1604,4307,7,0,8,1.00,1.14,1500,1.00,1.05
15402,Apprentice Mirveda,15930,9,9,1604,2,7,0,8,1.00,1.14,1500,1.00,2.00
15404,Velendris Whitemorn,15915,12,12,1604,3,7,0,8,1.00,1.14,1500,1.00,1.05
15406,Ven'jashi,15424,10,10,1604,2,7,0,8,1.00,1.14,1500,1.00,1.05
15407,Chieftain Zul'Marosh,16426,11,11,1643,0,7,0,2,0.67,0.86,2000,1.00,1.00
15408,Spearcrafter Otembe,16425,10,10,1643,0,7,0,2,0.67,0.86,2000,1.00,1.00
15409,Old Whitebark,5849,10,10,16,0,4,0,1,1.00,1.14,2000,1.00,1.30
15415,Southshore Stink Bomb Counter,7804,1,1,35,0,10,0,1,1.00,1.14,2000,1.00,1.00
15420,Prospector Anvilward,15426,7,7,35,1,7,0,1,1.00,1.14,1500,1.00,1.25
15429,Disgusting Oozeling,15436,5,5,1555,0,12,0,1,1.00,1.14,2000,1.00,1.00
15430,Earth Elemental Totem,4588,1,80,14,0,11,0,1,1.00,1.00,2000,1.00,1.30
15439,Fire Elemental Totem,4589,1,80,14,0,11,0,1,1.00,1.00,2000,1.00,1.00
15447,Wrath of Air Totem,4590,1,80,58,0,11,0,1,1.00,1.00,2000,1.00,0.05
15454,Anachronos Quest Trigger Invisible,1126,1,1,35,0,10,0,1,1.00,1.14,2000,1.00,1.00
15464,Strength of Earth Totem V,4588,1,80,58,0,11,0,1,1.00,1.00,2000,1.00,0.05
15465,World Jewelcrafting Trainer,2575,10,10,35,0,7,0,1,1.20,1.14,2000,1.00,1.00
15468,Sunstrider Mana Tap Counter,7804,1,1,35,0,10,0,1,1.00,1.14,2000,1.00,1.00
15470,Stoneskin Totem VII,4588,1,80,58,0,11,0,1,1.00,1.00,2000,1.00,0.05
15474,Stoneskin Totem VIII,4588,1,80,58,0,11,0,1,1.00,1.00,2000,1.00,0.05
15475,Beetle,7511,1,1,188,0,8,0,1,1.00,0.86,2000,1.00,0.20
15476,Scorpion,5905,1,1,188,0,8,0,1,1.00,0.86,2000,1.00,0.20
15478,Stoneclaw Totem VII,4588,1,80,58,0,11,0,1,1.00,1.00,2000,1.00,0.50
15479,Strength of Earth Totem VI,4588,1,80,58,0,11,0,1,1.00,1.00,2000,1.00,0.05
15480,Searing Totem VII,4589,1,80,58,0,11,0,1,1.00,1.00,2000,1.00,1.00
15482,Fire Nova Totem VI,4683,1,80,58,0,11,0,1,1.00,1.00,2000,1.00,1.00
15483,Fire Nova Totem VII,4683,1,1,58,0,11,0,1,1.00,1.00,2000,1.00,1.00
15484,Magma Totem V,4589,1,80,58,0,11,0,1,1.00,1.00,2000,1.00,0.05
15485,Flametongue Totem V,4589,1,80,58,0,11,0,1,1.00,1.00,2000,1.00,1.00
15486,Frost Resistance Totem IV,4589,1,80,58,0,11,0,1,1.00,1.00,2000,1.00,0.05
15487,Fire Resistance Totem IV,4587,1,80,58,0,11,0,1,1.00,1.00,2000,1.00,0.05
15488,Healing Stream Totem VI,4587,1,80,58,0,11,0,1,1.00,1.00,2000,1.00,0.05
15489,Mana Spring Totem V,4587,1,80,58,0,11,0,1,1.00,1.00,2000,1.00,0.05
15490,Nature Resistance Totem IV,4590,1,80,58,0,11,0,1,1.00,1.00,2000,1.00,0.05
15492,Windwall Totem IV,4590,1,1,58,0,11,0,1,1.00,1.00,2000,1.00,0.05
15493,Marsilla Dawnstar,15525,5,5,1604,2,7,0,1,1.00,1.14,2000,1.00,1.00
15494,Yasmine Teli'Larien,15523,5,5,1604,0,7,0,8,1.00,1.14,1500,1.00,1.00
15513,Ranger Sallina,15520,5,5,1604,51,7,0,2,1.00,1.14,1500,1.00,1.05
15518,Auctioneer Grum,7990,1,1,55,0,7,0,1,1.20,1.14,2000,1.00,3.00
15519,Auctioneer Bertram,15779,1,1,12,0,7,0,1,1.20,1.14,2000,1.00,3.00
15520,O'Reily,15534,5,5,35,0,1,0,1,1.00,1.14,2000,1.00,1.00
15524,Temporary Reindeer,15902,1,2,35,0,1,0,1,1.00,1.39,2000,1.00,1.00
15624,Forest Wisp,12432,6,8,35,2,10,0,1,1.00,1.14,2000,1.00,1.00
15632,Test dude for 1.8,7858,1,1,77,0,7,0,1,1.00,1.14,2000,1.00,1.00
15635,Eversong Tender,15586,5,7,91,0,4,0,1,1.00,0.86,2000,1.00,1.00
15636,Eversong Green Keeper,15587,7,9,91,0,4,0,1,1.00,0.86,2000,1.00,1.00
15637,Withered Green Keeper,15588,9,10,91,0,4,0,1,1.00,0.86,2000,1.00,1.00
15638,Arcane Patroller,16350,5,6,91,0,4,0,2,1.00,1.14,2000,1.00,1.00
15639,Arcane Warder,16348,5,6,91,0,4,0,1,1.20,1.14,2000,1.00,1.00
15641,Amani Axe Thrower,17302,8,9,1643,0,7,0,1,1.00,0.86,2000,1.00,1.00
15642,Amani Shadowpriest,17304,8,10,1643,0,7,0,2,1.00,0.86,2000,1.00,1.00
15643,Amani Berserker,17303,9,10,1643,0,7,0,1,1.00,0.86,2000,1.00,1.00
15644,Wretched Urchin,15513,4,5,16,0,7,0,2,1.00,0.86,2000,1.00,1.00
15645,Wretched Thug,15513,7,8,16,0,7,0,2,1.00,0.86,2000,1.00,1.00
15646,[Unused] Mana Leech,15589,4,6,14,0,1,0,1,1.00,1.14,2000,1.00,1.00
15647,Mana Stalker,15438,5,6,91,0,4,0,2,1.00,0.86,2000,1.00,1.00
15648,Manawraith,14252,6,7,91,0,4,0,2,1.00,0.86,2000,1.00,1.00
15649,Feral Dragonhawk Hatchling,17547,5,6,7,0,1,0,2,1.00,0.86,2000,1.00,1.00
15650,Crazed Dragonhawk,17545,7,8,7,0,1,0,2,1.00,0.86,2000,1.00,1.00
15651,Springpaw Stalker,15506,6,7,38,0,1,0,1,1.00,0.86,1600,1.00,1.00
15652,Elder Springpaw,18167,8,9,38,0,1,0,1,1.00,1.00,1600,1.00,1.00
15653,Springpaw Matriarch,15593,9,10,38,0,1,0,1,1.20,1.14,2000,1.00,1.10
15654,Plaguebone Pillager,9785,5,6,21,0,6,0,1,1.00,0.86,2000,1.00,1.00
15655,Rotlimb Cannibal,646,6,7,21,0,6,0,1,0.78,0.86,2000,1.00,1.00
15656,Angershade,4870,7,8,21,0,6,0,8,1.00,0.86,2000,1.00,1.10
15657,Darkwraith,4629,9,10,21,0,6,0,8,1.00,0.86,2000,1.00,1.15
15658,Rotlimb Marauder,137,8,9,21,0,6,0,1,0.78,0.86,2000,1.00,1.00
15661,Baby Shark,15595,1,1,188,0,12,0,1,1.00,1.14,2000,1.00,1.00
15664,Metzen the Reindeer,15903,5,5,35,1,1,0,1,1.00,1.29,2000,1.00,1.00
15665,Mounted Reindeer,15902,1,2,35,0,6,0,1,1.00,1.39,2000,1.00,1.00
15666,Blue Qiraji Battle Tank,15672,1,2,35,0,10,0,1,1.36,1.14,2000,1.00,1.00
15668,Grimscale Murloc,346,7,8,18,0,7,0,1,1.00,0.86,2200,1.00,1.00
15669,Grimscale Oracle,3619,7,8,18,0,7,0,2,1.00,0.86,2000,1.00,1.00
15670,Grimscale Forager,1005,6,7,18,0,7,0,1,1.00,0.86,2000,1.00,1.00
15694,Stormwind Reveler,15766,1,59,35,1,7,0,1,1.00,1.14,2000,1.00,1.00
15698,Father Winter's Helper,15660,1,1,188,0,12,0,1,1.00,1.14,2000,1.00,1.00
15699,Tranquil Mechanical Yeti,10269,1,1,188,0,12,0,1,1.00,1.14,2000,1.00,1.00
15705,Winter's Little Helper,15663,1,1,188,0,12,0,1,1.00,1.14,2000,1.00,1.00
15710,Tiny Snowman,15671,1,1,188,0,12,0,1,1.00,1.14,2000,1.00,1.00
15711,Black Qiraji Battle Tank,15676,1,2,35,0,10,0,1,1.36,1.14,2000,1.00,1.00
15713,Blue Qiraji Battle Tank,15678,1,1,35,0,0,0,1,1.00,1.39,2000,1.00,1.00
15714,Yellow Qiraji Battle Tank,15680,1,2,35,0,10,0,1,1.00,1.39,2000,1.00,1.00
15715,Green Qiraji Battle Tank,15679,1,2,35,0,10,0,1,1.00,1.39,2000,1.00,1.00
15716,Red Qiraji Battle Tank,15681,1,2,35,0,10,0,1,1.00,1.39,2000,1.00,1.00
15719,Thunder Bluff Reveler,15770,1,60,35,1,7,0,1,1.00,1.14,2000,1.00,1.00
15723,Booty Bay Reveler,15762,15,25,35,0,7,0,1,1.00,1.14,2000,1.00,1.00
15729,Father Winter's Helper (BIG) gm,15687,1,1,188,0,10,0,1,1.20,1.14,2000,1.00,1.00
15776,Christmas Warchief Rend Blackhand,15736,1,1,40,0,7,1,1,1.00,1.43,2000,35.00,10.00
15793,Tauren Male Winter Reveler,18807,1,60,35,0,7,0,1,1.20,1.14,2000,1.00,1.00
15801,GONG BOY DND DNR,13069,4,11,35,0,10,0,1,1.00,1.14,2000,1.00,1.00
15805,Minor Resonating Crystal,13069,15,15,370,0,10,1,1,1.00,1.14,2000,7.50,3.00
15810,Eroded Anubisath Warbringer,15700,16,17,370,0,10,1,1,1.00,1.14,2000,7.50,4.00
15811,Faltering Silithid Flayer,11096,11,14,370,0,10,1,1,1.00,1.14,2000,7.50,1.80
15812,Qiraji Officer,15785,18,20,370,0,10,1,1,1.00,0.99,2000,7.50,7.00
15813,Qiraji Officer Zod,15738,20,20,370,0,10,1,1,1.00,2.00,2000,7.50,7.00
15832,Father Winter's Helper (BIG) rm,15806,1,1,188,0,10,0,1,1.20,1.14,2000,1.00,1.00
15835,Father Winter's Helper (BIG) rf,15799,1,1,188,0,10,0,1,1.20,1.14,2000,1.00,1.00
15838,Father Winter's Helper (BIG) gf,15795,1,1,188,0,10,0,1,1.20,1.14,2000,1.00,1.00
15839,Might of Kalimdor Grunt,15838,13,15,777,0,7,0,1,1.00,1.14,2000,1.00,1.00
15840,Might of Kalimdor Sergeant,15811,15,17,777,0,7,0,1,1.00,1.14,2000,1.00,1.00
15878,Warcaller Finster,11686,1,1,35,0,10,0,1,1.00,1.14,2000,1.00,1.00
15893,Lunar Firework Credit Marker,15294,1,1,114,0,10,0,1,1.00,1.14,2000,1.00,1.35
15894,Lunar Cluster Credit Marker,15294,1,1,114,0,10,0,1,1.00,1.14,2000,1.00,1.35
15902,Giant Spotlight,15880,1,1,35,0,10,0,1,1.20,1.14,2000,1.00,1.35
15905,Darnassus Reveler,15883,1,60,35,1,7,0,1,1.00,1.14,2000,1.00,1.00
15906,Ironforge Reveler,15887,3,60,35,1,7,0,1,1.00,1.14,2000,1.00,1.00
15907,Undercity Reveler,15895,1,60,35,1,7,0,1,1.00,1.14,2000,1.00,1.00
15908,Orgrimmar Reveler,15891,1,60,35,1,7,0,1,1.00,1.14,2000,1.00,1.00
15919,Jade Owl,15905,5,5,1555,0,12,0,1,1.00,1.14,2000,1.00,1.00
15920,Hathvelion Sungaze,15916,12,12,1604,3,7,0,1,1.00,1.14,2000,1.00,1.00
15921,Captain Kelisendra,16036,11,11,1604,3,7,0,1,1.00,1.14,2000,1.00,1.00
15923,Golden Hare,15918,5,5,1555,0,8,0,1,1.00,1.14,2000,1.00,1.00
15924,Apprentice Loralthalis,15919,6,6,1604,3,7,0,1,1.00,1.14,2000,1.00,1.00
15926,Black Pearl Panther,15920,5,5,1555,0,12,0,1,1.00,1.14,2000,1.00,1.00
15927,Truesilver Crab,18117,5,5,1555,0,12,0,1,1.00,1.14,2000,1.00,1.00
15937,Mmmrrrggglll,1773,9,9,18,0,7,0,2,1.00,1.14,2000,1.00,1.10
15938,Eversong Ranger,15936,12,12,1603,0,7,0,8,1.00,1.14,1500,1.00,1.05
15941,Apprentice Ralen,17289,8,8,1604,2,7,0,8,1.00,1.14,1500,1.00,1.05
15942,Ranger Sareyn,15520,15,15,1604,3,7,0,2,1.00,1.14,1500,1.00,1.05
15944,Ruby Serpent,15923,5,5,35,0,12,0,1,1.00,1.14,2000,1.00,1.00
15945,Apprentice Meledor,17290,8,8,1604,2,7,0,8,1.00,1.14,1500,1.00,1.05
15948,Emerald Owl,15905,5,5,1555,0,12,0,1,1.00,1.14,2000,1.00,1.00
15949,Thaelis the Hungerer,15925,6,6,16,0,7,0,2,1.00,1.14,2000,1.00,1.00
15950,Grimscale Seer,15926,6,7,18,0,7,0,2,1.00,0.86,2000,1.00,1.00
15951,Magister Duskwither,16658,16,16,1604,3,7,0,8,1.00,1.14,2000,1.00,1.05
15955,Black Diamond Crab,18116,5,5,1555,0,12,0,1,1.00,1.14,2000,1.00,1.00
15958,Gharsul the Remorseless,11397,8,8,21,0,6,0,8,1.00,1.14,2000,1.00,1.00
15959,Dark Iron Scorpid,18115,5,5,1555,0,12,0,1,1.00,1.14,2000,1.00,1.00
15965,Duskwither Apprentice,15513,10,10,16,0,7,0,8,1.00,0.86,2000,1.00,1.00
15966,Mana Serpent,15934,9,10,14,0,1,0,2,1.00,1.14,2000,1.00,1.00
15967,Ether Fiend,15438,9,10,91,0,4,0,2,1.00,1.14,2000,1.00,1.00
15968,Darnassian Scout,15935,6,7,124,0,7,0,1,1.00,1.14,2000,1.00,1.00
15969,Groundskeeper Wyllithen,16655,8,8,1604,3,7,0,1,1.00,1.14,2000,1.00,1.50
15971,Silvermoon Apprentice,16469,8,8,1604,0,7,0,8,1.00,1.14,1500,1.00,1.05
15982,"[PH] Valentine Reveler, Male",15762,1,60,35,0,7,0,1,1.00,1.14,2000,1.00,1.00
15983,"[PH] Valentine Reveler, Female",15764,1,60,35,0,7,0,1,1.00,1.14,2000,1.00,1.00
15985,Eric Maloof Test Guy,6769,1,1,35,0,7,0,1,1.00,1.14,2000,1.00,1.00
15992,Sam's Test Dummy 1,2467,1,1,35,0,7,0,1,1.00,1.14,2000,1.00,0.15
15993,Sam's Test Dummy 2,2467,1,1,35,0,7,0,1,1.00,1.14,2000,1.00,0.15
15996,Sam's Test Dummy 1 (1),2467,1,1,35,0,7,0,1,1.00,1.14,2000,1.00,0.15
15997,Sam's Test Dummy 2 (1),2467,1,1,35,0,7,0,1,1.00,1.14,2000,1.00,0.15
15998,Sam's Test Dummy 1 (2),2467,1,1,35,0,7,0,1,1.00,1.14,2000,1.00,0.15
15999,Sam's Test Dummy 2 (2),2467,1,1,35,0,7,0,1,1.00,1.14,2000,1.00,0.15
16000,World Master Tailoring Trainer,2575,10,10,35,80,7,0,1,1.20,1.14,2000,1.00,1.00
16001,Aldris Fourclouds,15949,5,5,80,2,7,0,1,1.25,1.14,1500,1.00,1.00
16002,Colara Dean,15950,5,5,12,3,7,0,1,1.20,1.14,1500,1.00,1.00
16003,Deathguard Tor,15951,5,5,68,2,7,0,1,1.00,1.14,1500,1.00,1.00
16004,Elenia Haydon,15952,5,5,68,2,7,0,1,1.10,1.14,1500,1.00,1.00
16005,Lieutenant Jocryn Heldric,15953,5,5,12,2,7,0,1,1.20,1.14,1500,1.00,1.00
16007,Orok Deathbane,15954,5,5,29,2,7,0,1,1.00,1.14,1500,1.00,1.00
16008,Temma of the Wells,15955,5,5,104,2,7,0,1,1.25,1.14,1500,1.00,1.00
16009,Tormek Stoneriver,15956,5,5,55,2,7,0,1,1.20,1.14,1500,1.00,1.00
16030,Maggot,9904,1,1,31,0,8,0,1,1.00,0.86,2000,1.00,0.20
16045,Isalien Trigger,11686,1,1,114,0,10,0,1,1.00,1.14,2000,5.00,1.35
16046,Jarien and Sothos Trigger,11686,1,1,114,0,10,0,1,1.00,1.14,2000,3.50,1.35
16047,Kormok Trigger,11686,1,1,114,0,10,0,1,1.00,1.14,2000,3.50,1.35
16068,Larva,9904,1,1,31,0,8,0,1,1.00,0.86,2000,1.00,0.20
16069,Gurky,15984,1,1,188,0,12,0,1,1.00,1.14,2000,1.00,1.00
16075,Kwee Q. Peddlefeet,15990,1,1,35,3,7,0,1,1.00,1.00,2000,1.00,1.00
16085,Peddlefeet,15992,1,1,188,0,12,0,1,1.00,1.14,2000,1.00,1.00
16089,Omar the Test Dragon,30721,1,1,14,0,2,1,1,1.00,1.14,2000,1.00,1.00
16105,Aristan Mottar,16005,5,5,12,2,7,0,1,1.20,1.14,1500,1.00,1.00
16106,Evert Sorisam,16006,5,5,12,2,7,0,1,1.25,1.14,1500,1.00,1.00
16107,Apothecary Staffron Lerent,16007,5,5,35,2,7,0,1,1.00,1.14,1500,1.00,1.00
16108,Fenstad Argyle,16008,5,5,68,2,7,0,1,1.25,1.14,1500,1.00,1.00
16109,Mara Rennick,16009,5,5,68,2,7,0,8,1.25,1.14,1500,1.00,1.00
16110,Annalise Lerent,16010,5,5,35,0,7,0,1,1.00,1.14,1500,1.00,1.00
16111,Love Fool,16011,20,20,14,0,9,0,1,1.00,1.00,2000,1.00,2.00
16121,Mortar,15435,1,1,1617,0,9,0,1,1.00,0.86,2000,1.00,1.00
16129,Shadow Fissure,15294,1,1,35,0,10,0,1,1.00,0.86,5500,1.00,1.00
16138,[UNUSED] Scourge Invasion Guardian,987,1,1,14,0,6,0,1,1.00,1.14,2000,1.00,1.00
16144,Lord Saltheril,16037,18,18,1604,3,7,0,2,1.00,1.14,2000,1.00,1.00
16147,Elisara Sunstriker,16038,9,9,1604,1,7,0,1,1.00,1.14,2000,1.00,1.00
16160,Magistrix Eredania,16046,16,16,1604,81,7,0,8,1.00,1.14,2000,1.00,1.05
16161,Arcanist Sheynathren,16047,15,15,1604,81,7,0,8,1.00,1.14,2000,1.00,1.05
16162,Wretched Hooligan,15513,6,7,16,0,7,0,2,1.00,0.86,2000,1.00,1.00
16183,Courier Dawnstrider,16055,12,12,1604,3,7,0,1,1.00,1.14,2000,1.00,1.00
16185,Anathos,16675,10,10,1604,4194305,7,0,8,1.00,1.14,1500,1.00,1.00
16186,Vara,16690,9,9,1604,4224,7,0,8,1.00,1.14,1500,1.00,1.00
16187,Quartermaster Lymel,16073,18,18,1623,387,7,0,1,1.00,1.14,2000,1.00,1.05
16190,Expansion Enchanting Trainer,2575,1,80,35,80,7,0,1,1.20,1.14,2000,1.00,1.00
16196,Apothecary Thedra,16062,12,12,1623,3,7,0,1,1.00,1.14,2000,1.00,1.00
16197,Arcanist Vandril,16079,14,14,1623,3,7,0,8,0.60,1.14,2000,1.00,1.05
16198,Apothecary Renzithen,16071,12,12,68,3,7,0,1,1.00,1.14,2000,1.00,1.00
16199,Magister Darenis,16470,13,13,1604,3,7,0,1,1.00,1.14,2000,1.00,1.00
16200,Deathstalker Rathiel,16127,19,19,1623,2,7,0,1,1.00,1.14,2000,1.00,1.00
16201,Geranis Whitemorn,16123,12,12,1623,3,7,0,1,1.00,1.14,2000,1.00,1.00
16202,Farstrider Sedina,16120,12,12,1604,3,7,0,1,1.00,1.14,2000,1.00,1.00
16203,Ranger Vynna,16121,12,12,1604,3,7,0,1,1.00,1.14,2000,1.00,1.00
16204,Magister Idonis,16472,18,18,1623,3,7,0,8,1.00,1.14,2000,1.00,1.00
16205,Magistrix Aminel,16115,16,16,1604,3,7,0,8,1.00,1.14,2000,1.00,1.00
16206,Apprentice Varnis,18682,12,12,1604,1,7,0,1,1.00,1.14,2000,1.00,1.00
16207,Scout Fionna,16055,12,12,1604,0,7,0,1,1.20,1.14,2000,1.00,1.00
16208,Apothecary Enith,16113,12,12,1604,1,7,0,1,1.00,1.14,2000,1.00,1.00
16209,Ranger Vedoran,18683,12,12,1604,1,7,0,1,1.00,1.14,2000,1.00,1.00
16210,Magistrix Landra Dawnstrider,16065,12,12,1604,3,7,0,1,1.00,1.14,2000,1.00,1.00
16211,Naxxramas Combat Dummy,16074,1,1,1095,0,9,0,1,1.00,1.00,2000,1.00,1.00
16213,Ranger Lethvalin,16067,9,9,1604,3,7,0,1,1.00,1.14,2000,1.00,1.05
16214,Necropolis Controller,11686,1,1,35,0,10,0,1,1.20,1.14,2000,1.00,1.00
16217,Lieutenant Tomathren,16068,13,13,1636,1,7,0,1,0.40,1.14,2000,1.00,1.05
16219,Ranger Valanna,16069,12,12,1604,3,7,0,1,1.00,1.14,2000,1.00,1.05
16220,Captain Helios,16070,20,20,1602,3,7,0,1,1.00,1.14,2000,1.00,1.05
16224,Rathis Tomber,16072,11,11,1623,131,7,0,1,1.00,1.14,2000,1.00,1.05
16225,Pack Mule,14546,1,2,35,0,1,0,1,1.00,1.29,2000,1.00,1.00
16231,Dame Auriferous,16080,18,18,1623,3,7,0,1,1.00,1.14,2000,1.00,1.05
16237,Magister Sylastor,16083,16,16,1623,2,7,0,8,1.00,1.14,2000,1.00,1.05
16238,Night Elf Ambusher,16084,15,15,80,0,7,0,1,1.00,1.14,2000,1.00,1.00
16239,Magister Kaendris,16471,20,20,1604,3,7,0,1,1.00,1.14,2000,1.00,1.00
16242,Tranquillien Scout,16088,16,16,1628,0,7,0,1,1.00,0.86,2000,1.00,1.20
16247,Borgoth the Bloodletter,15962,20,20,21,0,6,0,1,1.00,1.14,2000,1.00,1.30
16248,Jurion the Deceiver,7857,20,20,21,0,6,0,2,1.00,1.14,2000,1.00,1.20
16249,Masophet the Black,11396,20,20,21,0,6,0,8,1.00,1.14,2000,1.00,1.20
16250,Mirdoran the Fallen,18162,20,20,21,0,6,0,1,1.00,1.14,2000,1.00,1.10
16251,Deathstalker Maltendis,16100,16,16,1628,3,7,0,1,1.00,1.14,2000,1.00,1.05
16252,High Executor Mavren,16099,20,20,1628,3,7,0,1,1.00,1.14,2000,1.00,1.20
16253,Master Chef Mouldier,16103,14,14,1623,211,7,0,8,1.00,1.14,2000,1.00,1.05
16257,Geron,16703,13,13,1604,4224,7,0,2,1.00,1.14,1500,1.00,1.00
16258,Farsil,16702,11,11,1604,4224,7,0,2,1.00,1.14,1500,1.00,1.00
16259,Sheri,16687,10,10,1604,384,7,0,2,1.00,1.14,1500,1.00,1.00
16260,Areyn,16676,10,10,1604,4224,7,0,8,1.00,1.14,1500,1.00,1.00
16261,Sathiel,16713,10,10,1604,4225,7,0,8,1.00,1.14,1500,1.00,1.00
16262,Landraelanis,16705,11,11,1604,128,7,0,8,1.00,1.14,1500,1.00,1.00
16263,Paelarin,16704,9,9,1604,4225,7,0,1,1.00,1.14,1500,1.00,1.00
16264,Winaestra,16691,15,15,1604,129,7,0,2,1.00,1.14,1500,1.00,1.00
16265,Smith Daelarin,16714,13,13,1604,80,7,0,1,1.20,1.14,2000,1.00,1.00
16266,Celoenus,16700,12,12,1604,49,7,0,8,1.00,1.14,1500,1.00,1.00
16267,Daestra,16677,12,12,1604,0,7,0,8,1.00,1.14,1500,1.00,1.00
16268,Eralan,16678,15,15,1604,1155,7,0,1,1.00,1.14,1500,1.00,1.00
16269,Garridel,16680,12,12,1604,49,7,0,8,1.00,1.14,1500,1.00,1.00
16270,Hannovia,16681,12,12,1604,49,7,0,2,1.00,1.14,1500,1.00,1.00
16271,Telenus,16715,12,12,1604,19,7,0,2,1.00,1.14,1500,1.00,1.00
16272,Kanaria,16683,8,8,1604,81,7,0,2,1.00,1.14,2000,1.00,1.00
16273,Mathreyn,16706,11,11,1604,80,7,0,1,1.00,1.14,1500,1.00,1.00
16274,Narina,16684,14,14,1604,4224,7,0,1,1.00,1.14,1500,1.00,1.00
16275,Noellene,16685,12,12,1604,51,7,0,2,1.00,1.14,1500,1.00,1.00
16276,Ponaris,16707,12,12,1604,51,7,0,8,1.00,1.14,1500,1.00,1.00
16277,Quarelestra,16686,14,14,1604,81,7,0,2,1.00,1.14,2000,1.00,1.00
16278,Sathein,16708,11,11,1604,80,7,0,1,1.00,1.14,1500,1.00,1.00
16279,Tannaria,16689,12,12,1604,49,7,0,1,1.00,1.14,1500,1.00,1.00
16280,Perascamin,16712,15,15,1604,83,7,0,2,1.00,1.14,1500,1.00,1.00
16288,Advisor Sorrelon,16265,20,20,1604,3,7,0,8,1.00,1.14,2000,1.00,1.05
16289,Advisor Valwyn,16117,15,15,1623,3,7,0,1,1.00,1.14,2000,1.00,1.05
16291,Magister Quallestis,16118,17,17,1623,3,7,0,8,1.00,1.14,2000,1.00,1.05
16292,Aquantion,11172,13,13,16,0,4,0,2,1.00,1.29,2000,1.00,2.00
16293,Apprentice Shatharia,16119,12,12,1623,3,7,0,8,1.00,1.14,2000,1.00,1.05
16294,Aldaron the Reckless,15925,8,8,16,0,7,0,2,1.00,1.14,2000,1.00,1.00
16295,Ranger Lilatha,16122,16,16,1602,2,7,0,1,1.00,1.14,2000,1.00,1.10
16300,Risen Creeper,1200,9,10,1630,0,6,0,1,1.00,1.14,2000,1.00,1.00
16301,Risen Hungerer,1197,13,14,1630,0,6,0,1,1.00,1.14,2000,1.00,1.00
16302,Risen Stalker,10970,16,17,21,0,6,0,1,1.00,1.14,2000,1.00,1.00
16303,Dreadbone Skeleton,158,10,11,21,0,6,0,1,0.89,1.14,2000,1.00,1.00
16304,Arcane Devourer,14272,11,12,834,0,4,0,2,1.00,1.14,2000,1.00,1.00
16305,Dreadbone Sentinel,733,17,18,21,0,6,0,1,0.89,1.14,2000,1.00,1.00
16306,"Scourge Invasion Minion, spawner, Ghost/Ghoul",11686,1,1,35,0,10,0,1,1.00,1.14,2000,1.00,1.00
16307,Deathcage Scryer,1245,9,11,21,0,6,0,2,1.00,1.14,2000,1.00,1.00
16308,Deathcage Sorcerer,11397,16,18,21,0,6,0,2,1.00,1.14,2000,1.00,1.00
16309,Gangled Cannibal,137,12,13,1630,0,6,0,1,0.78,1.14,2000,1.00,1.00
16310,Mana Shifter,15934,12,12,834,0,1,0,2,1.00,1.14,2000,1.00,1.00
16311,Phantasmal Watcher,14702,12,14,21,0,6,0,2,1.00,1.14,2000,1.00,1.00
16312,Spectral Screamer,915,14,16,21,0,6,0,1,1.20,1.14,2000,1.00,1.00
16313,Nerubis Guard,11178,9,10,21,0,6,0,2,1.00,1.14,2000,1.00,1.00
16314,Fallen Ranger,10728,15,15,21,0,6,0,1,1.00,1.14,2000,1.00,1.00
16315,Deatholme Acolyte,10535,14,15,21,0,7,0,2,1.00,1.14,2000,1.00,1.00
16316,Stonewing Tracker,11071,16,17,21,0,6,0,1,1.00,1.14,2000,1.00,1.00
16317,Deatholme Necromancer,10539,18,19,21,0,7,0,2,1.00,1.14,2000,1.00,1.00
16318,Deatholme Darkmage,10631,17,18,21,0,7,0,8,1.00,1.14,2000,1.00,1.00
16319,Nerubis Centurion,9758,18,19,21,0,6,0,1,1.00,1.14,2000,1.00,1.00
16320,Eye of Dar'Khan,4629,19,20,21,0,6,0,2,1.00,1.14,2000,1.00,1.00
16321,Wailer,10750,18,19,21,0,6,0,1,1.00,1.14,2000,1.00,1.00
16322,Gangled Flesheater,1065,10,11,1630,0,6,0,1,0.78,1.14,2000,1.00,1.00
16323,Phantasmal Seeker,4629,12,14,21,0,6,0,2,1.00,1.14,2000,1.00,1.00
16324,Stonewing Slayer,7533,13,14,21,0,6,0,1,1.00,1.14,2000,1.00,1.00
16325,Quel'dorei Ghost,16124,10,11,16,0,6,0,1,1.00,1.14,2000,1.00,1.00
16326,Quel'dorei Wraith,17306,11,11,16,0,6,0,1,1.00,1.14,2400,1.00,1.00
16327,Ravening Apparition,146,11,12,16,0,6,0,1,1.11,1.14,2000,1.00,1.00
16328,Vengeful Apparition,10701,12,12,16,0,6,0,1,1.11,1.14,2000,1.00,1.00
16330,Sentinel Spy,4841,10,11,124,0,7,0,1,1.00,1.14,2000,1.00,1.00
16331,Darnassian Druid,16782,13,14,124,0,7,0,2,1.00,1.14,2000,1.00,1.00
16332,Darnassian Huntress,2306,14,15,124,0,7,0,1,1.00,1.14,2000,1.00,1.00
16333,Sentinel Infiltrator,4845,15,16,124,0,7,0,1,1.00,1.14,2000,1.00,1.00
16334,Blackpaw Gnoll,848,13,14,70,0,7,0,1,1.00,1.19,2000,1.00,1.00
16335,Blackpaw Scavenger,10851,12,13,70,0,7,0,1,1.20,1.14,2000,1.00,1.00
16336,"Scourge Invasion Minion, spawner, Ghost/Skeleton",11686,1,1,35,0,10,0,1,1.00,1.14,2000,1.00,1.00
16337,Blackpaw Shaman,10854,12,14,70,0,7,0,2,1.00,1.14,2000,1.00,1.00
16338,"Scourge Invasion Minion, spawner, Ghoul/Skeleton",11686,1,1,35,0,10,0,1,1.00,1.14,2000,1.00,1.00
16339,Arcane Reaver,16347,15,16,14,0,4,0,1,1.00,1.14,2000,1.00,1.00
16340,Shadowpine Ripper,299,10,11,1643,0,7,0,1,1.00,1.14,2000,1.00,1.00
16341,Shadowpine Witch,16275,11,12,1643,0,7,0,2,1.00,1.14,2000,1.00,1.00
16342,Mummified Headhunter,4769,16,17,1643,0,6,0,1,1.00,1.14,2000,1.00,1.00
16343,Shadowpine Oracle,16275,15,16,1643,0,7,0,2,1.00,1.14,2000,1.00,1.00
16344,Shadowpine Headhunter,298,17,18,1643,0,7,0,1,1.00,1.14,2000,1.00,1.00
16345,Shadowpine Catlord,592,18,19,1643,0,7,0,2,1.00,1.14,2000,1.00,1.00
16346,Shadowpine Hexxer,590,17,19,1643,0,7,0,2,1.00,1.14,2000,1.00,1.00
16347,Starving Ghostclaw,18167,9,10,38,0,1,0,1,1.00,1.43,1500,1.00,1.00
16348,Ghostclaw Lynx,16245,13,14,38,0,1,0,1,1.00,1.43,1500,1.00,1.00
16349,Ghostclaw Ravager,15592,16,17,38,0,1,0,1,1.00,1.43,1500,1.00,1.00
16350,Spindleweb Spider,955,10,11,22,0,1,0,1,1.00,1.14,2000,1.00,1.00
16351,Spindleweb Lurker,1087,14,15,22,0,1,0,1,1.00,1.14,2000,1.00,1.00
16352,Greater Spindleweb,1090,17,18,22,0,1,0,1,1.00,1.14,2000,1.00,1.00
16353,Mistbat,14562,9,10,411,0,1,0,1,1.00,1.14,2000,1.00,1.00
16354,Vampiric Mistbat,3956,13,15,411,0,1,0,1,1.00,1.14,2000,1.00,1.00
16355,Lesser Scourgebat,14562,16,18,411,0,1,0,1,1.00,1.14,2000,1.00,1.00
16356,"Scourge Invasion Minion, finder",11686,1,1,35,0,10,0,1,1.00,1.14,2000,1.00,1.00
16357,Anok'suten,9793,11,11,21,0,6,1,2,1.00,1.14,2000,1.70,3.00
16358,Kel'gash the Wicked,16128,20,20,1643,0,7,1,2,1.00,1.14,2000,1.70,3.50
16364,Infused Crystal,17856,10,10,775,0,10,0,1,1.00,1.14,1400,1.00,1.00
16366,Sempstress Ambershine,16133,15,15,1604,209,7,0,8,1.00,1.14,2000,1.00,1.05
16367,Botanist Tyniarrel,16134,15,15,1604,209,7,0,8,1.00,1.14,2000,1.00,1.05
16369,Polymorphed Chicken,16138,1,1,31,0,8,0,1,1.00,0.86,2000,1.00,0.01
16371,Polymorphed Pig,16358,3,3,14,0,1,0,1,0.91,1.14,2000,1.00,1.00
16372,Polymorphed Sheep,856,3,3,31,0,8,0,1,1.00,0.86,2000,1.00,0.20
16373,Polymorphed Rat,16143,1,1,31,0,8,0,1,1.00,0.86,2000,1.00,0.20
16374,Polymorphed Cockroach,5990,1,1,188,0,1,0,1,1.20,1.14,2000,1.00,1.00
16377,Polymorphed Turtle,16361,3,3,188,0,1,0,1,0.91,1.14,2000,1.00,1.00
16386,Necropolis Relay,16925,1,1,35,0,10,0,1,1.00,0.99,2000,1.00,1.00
16397,Ardeyn Riverwind,18828,12,12,1604,3,7,0,8,1.00,1.14,1500,1.00,1.05
16398,Necropolis Proxy,16925,1,1,35,0,10,0,1,1.00,0.99,2000,1.00,1.00
16401,Necropolis,11686,1,1,35,0,10,0,1,1.00,1.14,2000,4.00,1.00
16402,Zombified Grimscale,15926,12,13,18,0,6,0,1,1.00,1.14,2000,1.00,1.00
16403,Withered Grimscale,3619,12,13,18,0,6,0,1,1.00,1.14,2400,1.00,1.00
16404,Yellowgill Frenzy,7449,12,14,1878,0,1,0,1,1.00,1.14,1200,1.00,1.00
16405,Whitetail Frenzy,245,12,14,1878,0,1,0,1,1.00,1.14,1200,1.00,1.00
16418,Mupsi Shacklefridd,16171,20,20,35,3,7,0,1,1.00,1.14,2000,1.00,1.00
16420,Portal of Shadows,9510,1,1,14,0,10,0,1,1.00,1.00,2000,1.00,0.01
16421,Necropolis health,11686,1,1,35,0,10,0,1,1.00,1.14,2000,1.00,1.00
16422,Skeletal Soldier,12074,6,7,1630,0,6,0,1,1.00,0.86,2000,1.00,1.00
16423,Spectral Apparition,16169,6,7,1630,0,6,0,1,1.11,0.86,2000,1.00,1.00
16437,Spectral Spirit,16169,9,10,1630,0,6,0,1,1.11,0.86,2000,1.00,1.00
16438,Skeletal Trooper,12074,9,10,1630,0,6,0,1,1.00,0.86,2000,1.00,1.00
16443,Zalene Firstlight,16183,9,9,1636,129,7,0,1,1.00,1.14,2000,1.00,1.05
16444,Halis Dawnstrider,16184,15,15,1604,385,7,0,1,1.00,1.14,2000,1.00,1.05
16445,Terky,15398,1,1,188,0,12,0,1,1.00,1.14,2000,1.00,1.00
16456,Poley,16189,1,1,188,0,12,0,1,1.00,1.14,2000,1.00,1.00
16462,Ranger Krenn'an,16192,13,13,1602,3,7,0,1,1.00,1.14,2000,1.00,1.05
16463,Farstrider Solanna,16193,18,18,1604,3,7,0,1,1.00,1.14,2000,1.00,1.05
16464,Apothecary Venustus,16195,17,17,1623,3,7,0,8,1.00,1.14,2000,1.00,1.05
16465,Raw Meat Rack Trigger,11686,1,1,114,0,10,0,1,1.00,1.14,2000,1.00,1.35
16467,Fresh Fish Rack Trigger,11686,1,1,114,0,10,0,1,1.00,1.14,2000,1.00,1.35
16469,Shadowpine Shadowcaster,16275,17,18,28,0,7,0,2,1.00,1.14,2000,1.00,1.00
16474,Blizzard,11686,1,1,35,0,10,3,1,1.20,0.43,3000,35.00,1.00
16475,Megelon,16203,4,4,1638,2,7,0,1,1.00,1.14,2000,1.00,1.00
16476,Jaeleil,16202,3,3,1638,3,7,0,1,1.00,1.14,2000,1.00,1.00
16477,Proenitus,16201,6,6,1638,3,7,0,1,1.00,1.14,2000,1.00,1.00
16478,Lieutenant Orrin,16204,10,10,794,2,7,0,1,1.00,1.14,2000,1.00,1.00
16479,Polymorph Clone,16205,10,10,31,0,8,0,1,1.00,1.14,2000,1.00,0.20
16480,Apprentice Vor'el,16207,18,18,1604,3,7,0,8,1.00,1.14,2000,1.00,1.00
16483,Draenei Survivor,16208,1,5,1638,0,7,0,1,1.00,1.14,2000,1.00,1.00
16484,Lieutenant Nevell,16212,10,10,794,2,7,0,1,1.00,1.14,2000,1.00,1.00
16490,Lieutenant Lisande,16218,10,10,794,2,7,0,1,1.00,1.14,2000,1.00,1.00
16493,Lieutenant Dagel,16219,10,10,794,2,7,0,1,1.00,1.14,2000,1.00,1.00
16494,Lieutenant Rukag,16220,10,10,794,2,7,0,1,1.00,1.14,2000,1.00,1.00
16495,Lieutenant Beitha,16221,10,10,794,2,7,0,1,1.00,1.14,2000,1.00,1.00
16496,Quest Gossip Tester,2676,1,1,35,0,7,0,1,1.00,1.14,2000,1.00,1.00
16497,Scryers Faction Tester,2676,1,1,35,0,7,0,1,1.00,1.14,2000,1.00,1.00
16498,Consortium Faction Tester,2676,1,1,35,0,7,0,1,1.00,1.14,2000,1.00,1.00
16499,Keilnei,16222,6,6,1638,51,7,0,2,1.00,1.14,2000,1.00,1.20
16500,Valaatu,16223,6,6,1638,51,7,0,8,1.00,1.14,2000,1.00,1.00
16501,Aurelon,16224,6,6,1638,51,7,0,2,1.00,1.14,2000,1.00,1.00
16502,Zalduun,16225,6,6,1638,51,7,0,8,0.90,1.14,2000,1.00,1.00
16503,Kore,16226,6,6,1638,51,7,0,1,1.00,1.14,2000,1.00,1.00
16514,Botanist Taerix,16227,4,4,1638,3,7,0,1,1.00,1.14,2000,1.00,1.00
16516,Volatile Mutation,19454,1,2,7,0,4,0,1,1.00,0.86,2000,1.00,1.00
16517,Mutated Root Lasher,19455,3,3,7,0,4,0,1,1.00,0.86,2000,1.00,1.00
16518,Nestlewood Owlkin,9390,3,4,7,0,7,0,1,1.00,0.86,2000,1.00,1.00
16520,Vale Moth,17574,1,1,7,0,1,0,1,1.00,0.86,2000,1.00,1.00
16521,Blood Elf Scout,16247,3,4,7,0,7,0,2,1.00,0.86,2000,1.00,1.00
16522,Surveyor Candress,16249,5,5,7,0,7,0,8,1.00,0.86,2000,1.00,1.20
16527,Outland Herbalism Trainer,2575,10,10,35,0,7,0,1,1.20,1.14,2000,1.00,1.00
16528,Provisioner Vredigar,16242,18,18,1623,4225,7,0,1,1.00,1.14,2000,1.00,1.00
16532,Leapgate,15435,1,1,7,0,8,0,1,1.20,1.14,2000,1.00,10.00
16533,Inoculated Root Lasher,16576,1,1,35,0,4,0,1,1.20,1.14,2000,1.00,1.00
16534,Inoculated Nestlewood Owlkin,9390,3,4,7,0,7,0,1,1.12,1.14,2000,1.00,1.00
16535,Vindicator Aldar,16246,6,6,1638,3,7,0,1,1.00,1.14,2000,1.00,1.00
16536,test: saved world state,10613,1,1,35,0,10,0,1,1.00,1.14,2000,1.00,1.00
16537,Mutated Owlkin,12238,3,4,7,0,7,0,1,1.00,0.86,2000,1.00,1.00
16538,Blood Elf Remains,16250,4,4,35,0,7,0,1,1.20,1.14,2000,1.00,1.00
16542,Innkeeper Kalarin,16701,17,17,1604,66177,7,0,8,1.00,1.14,1500,1.00,1.00
16546,Tolaan,16253,4,4,1638,3,7,0,1,1.00,1.14,2000,1.00,1.00
16547,Speedy,16259,1,1,188,0,12,0,1,1.00,1.14,2000,1.00,1.00
16548,Mr. Wiggles,16257,1,1,188,0,12,0,1,1.00,1.14,2000,1.00,1.00
16549,Whiskers the Rat,2176,1,1,188,0,12,0,1,1.00,1.14,2000,1.00,1.00
16550,Image of Technician Dyvuun,16258,20,20,1638,0,7,0,1,1.00,1.14,2000,1.00,1.00
16551,Technician Dyvuun,16260,20,20,1638,2,7,0,1,1.00,1.14,2000,1.00,1.00
16554,Aeun,16262,5,5,1638,3,7,0,1,1.00,1.14,2000,1.00,1.00
16592,Midsummer Bonfire,11686,1,1,35,0,10,0,1,1.00,1.14,2000,1.00,1.00
16597,Riding Nether Drake,16314,10,10,35,0,2,0,1,1.00,1.14,2000,1.00,1.00
16601,Dying Blood Elf,16319,9,9,1623,2,7,0,8,1.00,1.14,2000,1.00,1.05
16603,Farstrider Dusking,16321,14,14,1604,1,7,0,1,1.00,1.14,2000,1.00,1.05
16604,Blackwing Spell Marker,14501,1,1,114,0,10,0,1,1.12,1.14,2000,1.00,1.00
16606,Midsummer Bonfire Despawner,11686,1,1,35,0,10,0,1,1.20,1.14,2000,1.00,1.00
16665,Paniar,16821,16,16,1604,4194305,7,0,1,1.00,1.14,1500,1.00,1.00
16701,Spirit of Summer,16587,1,1,188,0,12,0,1,1.00,1.14,2000,1.00,1.00
16711,Herman Walker,17572,1,1,1638,1048576,7,1,1,1.20,1.14,2000,7.50,50.00
16779,Polymorphed Cow,1060,3,3,190,0,8,0,1,1.00,0.86,2000,1.00,0.01
16804,Night Elf Corpse,16342,12,15,80,0,7,0,1,1.00,0.86,2000,1.00,1.00
16854,Eldinarcus,14272,11,11,91,0,4,4,2,1.00,1.14,2000,1.00,1.00
16855,Tregla,16406,10,10,1643,0,7,4,1,1.00,0.86,2000,1.00,1.00
16859,Dragonhawk Hatchling,17546,2,2,190,2,8,0,1,1.12,1.14,2000,1.00,1.00
16860,Jilanne,16682,9,9,1604,129,7,0,8,1.00,1.14,1500,1.00,1.00
16862,Silanna,16688,8,8,1604,1,7,0,2,1.00,1.14,1500,1.00,1.00
16868,Laughing Skull Slayer,16324,1,1,35,0,7,0,1,1.20,1.14,2000,1.00,1.00
16869,Laughing Skull Neophyte,16324,1,1,35,0,7,0,1,1.20,1.14,2000,1.00,1.00
16889,Stormwind Celebrant,16412,1,60,774,0,7,0,1,1.20,1.14,2000,1.00,1.00
16890,Ironforge Celebrant,16434,1,60,774,0,7,0,1,1.20,1.14,2000,1.00,1.00
16892,Darnassus Celebrant,16414,1,60,774,0,7,0,1,1.20,1.14,2000,1.00,1.00
16893,Orgrimmar Celebrant,16436,1,60,775,0,7,0,1,1.20,1.14,2000,1.00,1.00
16894,Thunder Bluff Celebrant,16442,1,60,775,0,7,0,1,1.20,1.14,2000,1.00,1.00
16895,Undercity Celebrant,16443,1,60,775,0,7,0,1,1.20,1.14,2000,1.00,1.00
16916,Wretched Captive,15513,4,5,35,0,7,0,2,1.00,0.86,2000,1.00,1.00
16917,Aurok,16589,5,5,1638,4224,7,0,1,1.00,1.14,1500,1.00,1.00
16918,Jel,16610,5,5,1638,4224,7,0,8,1.00,1.14,1500,1.00,1.00
16919,Mura,16613,5,5,1638,4480,7,0,1,1.00,1.14,1500,1.00,1.00
16920,Ryosh,16591,5,5,1638,384,7,0,8,1.00,1.14,1500,1.00,1.00
16923,Novice Ranger,17477,7,7,1604,0,7,0,2,1.00,1.14,1500,1.00,1.05
16924,Sergeant Kan'ren,16626,7,7,1604,3,7,0,2,1.00,1.14,1500,1.00,1.05
16971,Injured Draenei,16490,3,5,1638,0,7,0,1,1.00,1.14,2000,1.00,1.00
16987,Festival Flamekeeper Costume: Tauren,16334,10,10,35,0,7,0,1,1.20,1.14,2000,1.00,1.00
16989,Festival Flamekeeper Costume: Troll,16340,10,10,35,0,7,0,1,1.20,1.14,2000,1.00,1.00
16990,Festival Flamekeeper Costume: Dwarf,16339,10,10,35,0,7,0,1,1.20,1.14,2000,1.00,1.00
16998,Mr. Bigglesworth,16622,5,5,32,0,8,0,1,1.00,0.86,2000,1.00,0.25
17013,Draenei Captive,16660,3,3,7,0,7,0,1,1.20,1.14,2000,1.00,1.00
17027,Rend Blackhand,16664,1,1,14,0,7,1,1,1.20,1.14,2000,7.50,1.00
17048,Ironforge Firebreather,16434,1,60,774,0,7,0,1,1.00,1.14,2000,1.00,1.00
17049,Darnassus Firebreather,16414,1,60,774,0,7,0,1,1.00,1.14,2000,1.00,1.00
17050,Thunder Bluff Fireeater,16445,1,60,775,0,7,0,1,1.00,1.14,2000,1.00,1.00
17051,Undercity Fireeater,16443,1,60,775,0,7,0,1,1.00,1.14,2000,1.00,1.00
17056,Eversong Partygoer,16732,5,10,1604,1,7,0,8,1.00,1.14,2000,1.00,1.05
17066,Ribbon Pole Debug Target,11686,1,1,35,0,10,0,1,1.00,1.14,2000,1.00,1.00
17071,Technician Zhanaa,16805,5,5,1638,3,7,0,1,1.00,1.14,2000,1.00,1.00
17073,Draenei Mourner,16807,1,5,1638,1,7,0,1,1.00,1.14,2000,1.00,1.00
17074,Cenarion Scout,11686,1,1,35,0,10,0,1,1.00,1.14,2000,1.00,1.00
17078,Jimmy McWeaksauce,794,10,10,35,0,7,0,1,1.20,1.14,2000,1.00,1.00
17086,Enraged Wraith,4629,9,10,21,0,6,0,8,1.00,0.86,1400,1.00,0.35
17089,Firmanvaar,17598,6,6,1638,51,7,0,2,1.00,1.00,2000,1.00,1.00
17090,Silithus Dust Turnin Quest Doodad,11686,1,1,35,0,10,0,1,1.00,1.14,2000,1.00,1.00
17101,Diktynna,16853,9,9,1638,211,7,0,1,1.00,1.14,2000,1.00,1.00
17102,Angry Murloc,617,5,6,18,0,7,0,1,1.00,0.86,2000,1.00,1.00
17110,Acteon,16860,10,10,1638,51,7,0,2,1.00,1.14,2000,1.00,1.00
17114,Arugoo of the Stillpine,16861,8,8,774,2,7,0,1,0.67,0.99,2000,1.00,1.00
17116,Exarch Menelaous,16862,14,14,1638,3,7,0,1,1.00,1.14,2000,1.00,1.00
17117,Injured Night Elf Priestess,16864,5,5,80,0,7,0,1,1.00,1.14,2000,1.00,1.00
17163,Worm Target (DND),16191,1,1,35,0,10,0,1,1.20,1.14,2000,1.00,1.00
17169,Shade of Aran Teleport S,15435,1,1,35,0,10,0,1,1.00,0.99,2000,1.00,0.70
17173,Shade of Aran Teleport SE,15435,1,1,35,0,10,0,1,1.00,0.99,2000,1.00,0.70
17179,Restless Spirit of Earth,9588,4,4,1681,0,4,0,1,1.56,1.14,2000,1.00,1.25
17180,Spirit of Air,8714,3,3,1680,0,4,0,1,1.00,1.14,2000,1.00,0.75
17181,Spirit of Water,5561,3,3,1680,0,4,0,1,1.00,1.29,2000,1.00,0.75
17182,Spirit of Fire,1070,3,3,1680,0,4,0,1,1.00,1.14,2000,1.00,0.75
17183,Bristlelimb Furbolg,1010,7,8,82,0,7,0,1,0.67,0.86,2000,1.00,1.00
17184,Bristlelimb Windcaller,6821,7,9,82,0,7,0,8,0.67,0.86,2000,1.00,1.00
17185,Bristlelimb Ursa,5773,8,9,82,0,7,0,1,0.67,0.86,3300,1.00,1.00
17186,Deranged Owlbeast,12238,8,9,14,0,7,0,1,1.00,0.86,2000,1.00,1.00
17187,Aberrant Owlbeast,5927,8,10,14,0,7,0,2,1.00,0.86,2000,1.00,1.00
17188,Raving Owlbeast,16266,9,10,14,0,7,0,1,1.00,1.14,1500,1.00,1.00
17189,Crazed Wildkin,16266,9,10,1687,0,7,0,1,1.00,0.86,2000,1.00,1.15
17190,Siltfin Murloc,983,8,10,18,0,7,0,1,1.00,1.14,2000,1.00,1.00
17191,Siltfin Oracle,3619,9,10,18,0,7,0,8,1.00,1.14,2000,1.00,1.00
17192,Siltfin Hunter,486,9,10,18,0,7,0,2,1.00,1.14,2000,1.00,1.00
17193,Wrathscale Naga,4762,7,8,74,0,7,0,1,1.00,1.14,2000,1.00,1.00
17194,Wrathscale Myrmidon,5028,7,8,74,0,7,0,1,1.00,1.14,2000,1.00,1.00
17195,Wrathscale Siren,4972,7,8,74,0,7,0,8,1.00,1.14,2000,1.00,1.00
17196,Root Trapper,17009,5,6,7,0,4,0,1,1.00,1.14,2000,1.00,1.00
17197,Root Thresher,12348,7,8,91,0,4,0,1,1.00,1.14,2000,1.00,1.00
17198,Ravager Hatchling,16887,7,8,14,0,1,0,1,1.20,1.14,2000,1.00,1.00
17199,Ravager Specimen,16885,9,10,14,0,1,0,1,1.00,0.99,2000,1.00,1.00
17200,Moongraze Stag,16872,5,6,7,0,1,0,1,0.80,0.86,2000,1.00,1.00
17201,Moongraze Buck,16873,7,8,7,0,1,0,1,0.80,1.43,2000,1.00,1.00
17202,Infected Nightstalker Runt,6805,7,8,14,0,1,0,1,1.00,1.14,2000,1.00,1.00
17203,Nightstalker,3031,8,9,14,0,1,0,1,1.00,1.14,1600,1.00,1.00
17206,Hauteur,12231,10,10,14,0,4,0,2,1.12,1.14,2000,1.00,1.20
17208,"Chess Square, WHITE (DND)",2581,1,1,35,0,10,0,1,1.00,0.99,2000,1.00,1.00
17210,Sentinel Leader,12931,11,11,124,0,7,0,1,1.00,1.14,2000,1.00,1.00
17212,Tuluun,17599,15,15,1638,51,7,0,2,1.00,1.00,2000,1.00,1.05
17213,Broom,16910,1,1,7,0,8,0,1,1.00,0.86,2000,4.60,0.01
17214,Anchorite Fateema,16911,8,8,1638,83,7,0,2,1.00,1.14,2000,1.00,1.00
17215,Daedal,16912,10,10,1638,83,7,0,1,1.00,1.14,2000,1.00,1.00
17216,Skittering Crawler,641,6,7,7,0,1,0,1,1.00,1.14,2000,1.00,1.00
17217,Barbed Crawler,342,7,9,7,0,1,0,1,1.00,0.86,2000,1.00,1.00
17220,Hauteur Reborn,12231,12,12,35,0,4,0,2,1.12,1.14,2000,1.00,1.20
17221,Vampiric Tracker,4735,13,13,232,0,1,0,1,1.20,1.14,2000,1.00,1.00
17222,Artificer Daelo,16912,18,18,1638,211,7,0,1,1.00,1.14,2000,1.00,1.00
17224,Keltus Darkleaf,16918,10,10,1636,2,7,0,1,1.00,1.14,2000,1.00,1.00
17228,Draenei Artificer,16921,5,8,1638,1,7,0,2,1.00,1.14,2000,1.00,1.00
17230,Twinkle,9990,1,1,188,0,1,0,1,0.80,0.71,2000,1.00,1.00
17232,Cryptographer Aurren,16928,13,13,1638,2,7,0,2,1.00,1.14,2000,1.00,1.00
17239,[PH] Plaguelands Herald,11686,1,1,35,0,10,0,1,1.20,1.14,2000,1.00,1.00
17241,Priestess Kyleen Il'dinare,16932,20,20,80,3,7,0,2,1.00,1.14,2000,1.00,1.00
17242,Archaeologist Adamant Ironheart,16933,14,14,55,3,7,0,1,1.00,1.14,2000,1.00,1.00
17243,"Engineer \""Spark\"" Overgrind",16934,9,9,875,1,7,0,2,1.00,1.14,2000,1.00,1.00
17244,Alliance Axeman,2441,9,13,12,0,7,0,1,0.67,1.14,2000,1.00,1.00
17245,Blacksmith Calypso,16936,8,8,55,4305,7,0,1,1.00,1.14,2000,1.00,1.00
17246,"\""Cookie\"" McWeaksauce",16947,8,8,12,211,7,0,1,1.00,1.14,2000,1.00,1.00
17247,Alliance Logger,89,9,13,12,0,7,0,1,1.00,1.14,2000,1.00,1.00
17250,Jia,6298,1,1,188,0,1,0,1,0.80,0.71,2000,1.00,1.00
17251,Blackbeak,16723,1,1,188,0,1,0,1,0.80,0.71,2000,1.00,1.00
17254,White Tiger Cub,16942,1,1,188,0,12,0,1,1.00,1.14,2000,1.00,1.00
17255,Hippogryph Hatchling,16943,1,1,188,0,12,0,1,1.00,1.14,2000,1.00,1.00
17260,Nightbane Helper Target,1126,1,1,35,0,10,0,1,1.00,0.99,2000,1.00,0.70
17262,Captive Female Kaliri,4615,1,1,188,0,1,0,1,0.80,0.71,2000,1.00,1.00
17265,Fiendish Portal,9510,1,1,14,0,10,0,1,1.00,1.00,2000,1.00,0.01
17266,Riding Turtle,17158,1,2,35,0,1,0,1,0.91,1.14,2000,1.00,1.00
17268,Image of Technician Zhanaa,16945,5,5,1638,0,7,0,1,1.00,1.14,2000,1.00,1.00
17272,Flaming Aspect,1070,13,15,35,0,4,0,1,1.00,1.14,2000,1.00,1.00
17278,Venture Co. Saboteur,16952,6,7,14,0,7,0,1,1.00,0.86,2000,1.00,1.00
17279,Venture Co. Gemologist,16950,6,7,14,0,7,0,2,1.00,0.86,2000,1.00,1.00
17284,Lottery Commissioner [DND],13348,1,1,35,0,10,0,1,1.20,1.14,2000,1.00,1.00
17285,Ragnarose,5866,5,5,12,0,8,0,1,1.00,1.14,2000,1.00,1.00
17298,Warlord Sriss'tiz,6763,10,10,74,0,7,0,1,1.00,1.14,2000,1.00,1.00
17299,Crashin' Thrashin' Robot,16970,1,1,1682,0,9,0,1,1.00,0.50,2000,1.00,0.50
17305,"Chess Square, BLACK (DND)",2581,1,1,35,0,10,0,1,1.00,0.99,2000,1.00,1.00
17311,Cowlen,16974,16,16,80,3,7,0,1,1.00,1.14,2000,1.00,1.00
17312,Magwin,16976,10,10,231,2,7,0,2,1.00,1.14,2000,1.00,1.00
17314,Whisper,15227,10,10,1636,0,1,0,2,1.00,1.43,2000,1.00,1.00
17315,Tree Disguse,16977,1,1,35,0,10,0,1,1.20,1.14,2000,1.00,1.00
17316,"Chess Square, OUTSIDE BLACK (DND)",2581,1,1,35,0,10,0,1,1.00,0.99,2000,1.00,1.00
17317,"Chess Square, OUSIDE WHITE (DND)",2581,1,1,35,0,10,0,1,1.00,0.99,2000,1.00,1.00
17318,Geezle,16978,10,10,47,0,7,0,1,1.00,0.86,2000,1.00,1.00
17319,Bristlelimb Pathfinder,5773,7,8,82,0,7,0,1,1.20,1.14,2000,1.00,0.85
17320,Bristlelimb Shaman,6822,10,11,82,0,7,0,2,0.67,0.99,2000,1.00,1.00
17321,Bristlelimb Warrior,5773,10,11,82,0,7,0,1,0.67,0.99,2500,1.00,1.00
17322,Infected Wildkin,16266,14,15,16,0,7,0,1,1.00,1.14,2000,1.00,1.00
17323,Contaminated Wildkin,17056,15,16,16,0,7,0,1,1.00,1.14,2000,1.00,1.00
17324,Irradiated Wildkin,17058,14,16,16,0,7,0,1,1.00,1.14,2000,1.00,1.00
17325,Blacksilt Forager,1762,11,12,18,0,7,0,1,1.00,1.14,2000,1.00,1.00
17326,Blacksilt Scout,2597,12,13,18,0,7,0,1,1.00,1.14,2000,1.00,1.00
17327,Blacksilt Tidecaller,3940,11,13,18,0,7,0,8,1.00,1.14,2000,1.00,1.00
17328,Blacksilt Shorestriker,6759,15,16,18,0,7,0,2,1.00,1.14,2000,1.00,1.00
17329,Blacksilt Warrior,6759,16,17,18,2,7,0,1,1.00,1.14,2000,1.00,1.00
17330,Blacksilt Seer,3617,15,17,18,0,7,0,8,1.00,1.14,2000,1.00,1.00
17331,Wrathscale Shorestalker,4762,12,13,74,0,7,0,1,1.00,1.14,3000,1.00,1.00
17332,Wrathscale Raider,4765,7,8,74,0,7,0,1,1.20,1.14,2000,1.00,1.00
17333,Wrathscale Screamer,4972,12,13,74,0,7,0,8,1.00,1.14,2000,1.00,1.00
17334,Wrathscale Marauder,5028,13,14,74,0,7,0,1,1.00,1.14,2000,1.00,1.00
17335,Wrathscale Serpent Guard,4765,7,8,74,0,7,0,1,1.20,1.14,2000,1.00,1.00
17336,Wrathscale Sorceress,4981,13,14,74,0,7,0,8,1.00,1.14,2000,1.00,1.00
17337,Nazzivus Satyr,2011,12,13,90,0,3,0,1,1.00,1.14,2000,1.00,1.00
17338,Nazzivus Rogue,2012,13,14,90,0,3,0,1,1.00,1.14,2000,1.00,1.00
17339,Nazzivus Felsworn,6744,12,14,90,0,3,0,8,1.00,1.14,2000,1.00,1.00
17340,Axxarien Shadowstalker,2011,15,16,90,0,3,0,1,1.00,1.14,2000,1.00,1.00
17341,Axxarien Trickster,2014,16,16,90,0,3,0,1,1.00,1.14,1200,1.00,1.00
17342,Axxarien Hellcaller,11344,15,17,90,0,3,0,2,1.00,1.14,2000,1.00,1.00
17343,Thistle Lasher,17712,11,12,7,0,4,0,1,1.00,1.14,2000,1.00,1.00
17344,Mutated Constrictor,17713,14,15,91,0,4,0,1,1.00,1.14,2000,1.00,1.00
17345,Brown Bear,1006,9,10,44,0,1,0,1,1.00,1.14,2000,1.00,1.00
17346,Mutated Tangler,17714,17,18,91,0,4,0,1,1.00,1.14,2000,1.00,1.00
17347,Grizzled Brown Bear,14316,12,13,44,0,1,0,1,1.00,1.14,2000,1.00,1.00
17348,Elder Brown Bear,1990,15,16,44,0,1,0,1,1.00,1.14,2000,1.00,1.00
17349,Blue Flutterer,17709,9,11,7,0,1,0,1,1.00,1.14,2000,1.00,1.00
17350,Royal Blue Flutterer,17711,14,16,7,0,1,0,1,1.00,1.14,2000,1.00,1.15
17351,Saurian Slayer,17059,17,19,14,0,1,0,1,1.20,1.14,2000,1.00,1.00
17352,Corrupted Treant,17057,11,13,91,0,4,0,1,1.00,1.14,2000,1.00,1.00
17353,Corrupted Stomper,9593,16,18,91,0,4,0,1,1.00,1.14,2000,1.00,1.00
17358,Fouled Water Spirit,17045,18,19,91,0,4,0,2,1.00,1.29,3000,1.00,1.05
17360,Totem of Akida,16997,10,10,35,2,10,0,1,1.00,1.00,2000,1.00,1.00
17361,Totem of Coo,16998,10,10,35,2,10,0,1,1.00,1.00,2000,1.00,1.00
17362,Totem of Tikti,16986,10,10,35,2,10,0,1,1.00,1.00,2000,1.00,1.00
17363,Totem of Yor,16987,10,10,35,2,10,0,1,1.00,1.00,2000,1.00,1.00
17364,Totem of Vark,16988,10,10,35,2,10,0,1,1.00,1.00,2000,1.00,1.00
17365,Stillpine Langauge Totem 06,16989,10,10,35,0,11,0,1,1.20,1.14,2000,1.00,1.00
17366,Stillpine Langauge Totem 07,16990,10,10,35,0,11,0,1,1.20,1.14,2000,1.00,1.00
17367,Nether Portal - Serenity,1201,1,1,14,0,10,0,1,1.00,1.14,2000,1.00,0.01
17368,Nether Portal - Dominance,5561,1,1,14,0,10,0,1,1.00,1.14,2000,1.00,0.01
17369,Nether Portal - Perseverence,5047,1,1,14,0,10,0,1,1.00,1.14,2000,1.00,0.01
17372,Timberstrider Fledgling,1042,5,6,14,0,1,0,1,0.67,1.14,2000,1.00,1.00
17373,Timberstrider,178,6,8,14,0,1,0,1,0.67,1.14,2000,1.00,1.00
17374,Greater Timberstrider,17012,7,9,14,0,1,0,1,0.67,0.93,2000,1.00,1.00
17375,Stillpine Captive,16861,6,10,774,0,7,0,1,0.67,0.99,2000,1.00,1.00
17390,Thrallmar Axe Thrower,16297,1,1,1668,0,7,0,1,1.20,1.14,2000,1.00,3.00
17419,Rocket,16587,1,1,14,0,9,0,1,1.20,1.14,2000,1.00,1.00
17421,Clopper Wizbang,17014,15,16,875,387,7,0,1,1.00,1.14,2000,1.00,1.00
17423,Harbinger Mikolaas,17020,20,20,1638,3,7,0,2,1.00,1.14,2000,1.00,1.00
17424,Anchorite Paetheus,17021,17,17,1698,83,7,0,2,1.00,1.14,2000,1.00,1.00
17425,Vale Hunter,17022,4,5,1638,0,7,0,2,1.00,1.14,2000,1.00,1.20
17426,Galaen,17024,15,15,1638,0,7,0,1,1.00,1.14,2000,1.00,1.00
17428,Invisible Test Aggressor,13069,1,1,290,0,10,0,1,1.00,1.14,2000,1.00,1.00
17432,Stillpine Defender,16861,9,10,1686,0,7,0,1,0.67,0.99,2000,1.00,1.00
17433,Vindicator Aalesia,17026,17,17,1698,2,7,0,2,1.00,1.14,2000,1.00,1.00
17434,Morae,17027,15,15,1698,83,7,0,2,1.00,1.14,2000,1.00,1.00
17437,Stillpine Defender Corpse,16861,9,10,35,0,10,0,1,0.67,0.99,2000,1.00,1.00
17438,Crazed Wildkin Corpse,12238,9,10,14,0,10,0,1,1.00,1.14,2000,1.00,1.00
17439,Stillpine Hunter,11363,10,11,1686,0,7,0,1,0.67,0.99,2000,1.00,1.00
17440,High Chief Stillpine,9491,13,13,1685,3,7,0,2,0.67,0.99,2000,1.00,1.00
17441,Gurf,16993,9,9,1685,83,7,0,2,0.67,0.99,2000,1.00,1.00
17442,Moordo,6211,13,13,1685,83,7,0,1,0.67,0.99,2000,1.00,1.00
17443,Kurz the Revelator,6830,11,11,1685,3,7,0,2,0.67,0.99,2000,1.00,1.00
17444,Magtor the Blind Watcher,6746,15,15,1685,0,7,0,2,0.67,0.99,2000,1.00,1.00
17445,Stillpine the Younger,6829,10,10,1685,3,7,0,2,0.67,0.99,2000,1.00,1.00
17446,Parkat Steelfur,1011,11,11,1685,385,7,0,2,0.67,0.99,2000,1.00,1.00
17447,The Kurken,17028,12,12,1687,2,1,0,1,1.00,1.14,2000,1.00,1.00
17448,Chieftain Oomooroo,17029,11,11,1687,0,7,0,1,1.00,0.93,2000,1.00,1.25
17449,Grisel,16861,8,8,774,0,7,0,1,1.20,1.14,2000,1.00,1.00
17450,Griselda,6798,7,7,774,0,7,0,1,1.20,1.14,2000,1.00,1.00
17452,Vision of the Prophesied Hero,17031,20,20,1683,0,10,0,1,1.00,1.14,2000,1.00,1.00
17453,Vision of the Kurken,17032,12,12,1684,0,10,0,1,1.00,1.14,2000,1.00,1.00
17456,Actor Good (DND),184,8,9,1683,0,7,0,1,1.20,1.14,2000,1.00,1.00
17457,Actor Evil (DND),184,8,9,1684,0,7,0,1,1.20,1.14,2000,1.00,1.00
17459,Chess Waiting Room (DND),11686,1,1,35,0,10,0,1,1.00,1.14,2000,1.00,1.00
17460,Chess Ready Room,328,1,1,35,0,10,0,1,1.20,1.14,2000,1.00,1.00
17467,Skunk,16633,1,1,31,0,8,0,1,1.00,0.86,2000,1.00,0.20
17475,Murgurgula,5243,11,11,18,0,7,0,1,1.00,1.14,2500,1.00,1.00
17480,Ruada,17215,12,12,1638,51,7,0,1,1.00,1.14,2000,1.00,1.00
17481,Semid,17233,10,10,1638,51,7,0,8,1.00,1.14,2000,1.00,1.00
17482,Guvan,17232,6,6,1638,51,7,0,8,0.90,1.14,2000,1.00,1.00
17483,Tullas,17234,10,10,1638,51,7,0,2,1.00,1.14,2000,1.00,1.00
17484,Buruk,17229,11,11,1638,17,7,0,1,1.00,1.14,1500,1.00,1.00
17485,Esbina,17231,9,9,1638,4194305,7,0,1,1.00,1.14,1500,1.00,1.00
17486,Ziz,17235,13,13,1638,128,7,0,1,1.00,1.14,1500,1.00,1.00
17487,Erin Kelly,17037,9,9,12,81,7,0,2,1.00,1.14,2000,1.00,1.00
17488,Dulvi,17230,13,13,1638,83,7,0,1,1.00,1.14,1500,1.00,1.00
17489,Logan Daniel,17038,8,8,12,384,7,0,1,1.00,1.14,1500,1.00,1.00
17490,Ergh of the Stillpine,3024,10,10,1685,129,7,0,1,0.67,0.99,1500,1.00,1.00
17492,Raving Wildkin,16266,7,8,1687,0,7,0,1,1.20,1.14,2000,1.00,0.70
17494,Zevrax,7649,18,18,90,0,3,0,8,1.00,1.14,2000,1.00,1.00
17495,Stillpine Raider,16861,9,10,1686,0,7,0,1,0.67,0.99,2000,1.00,0.25
17496,Cruelfin,6759,12,12,18,0,7,0,1,1.00,1.14,2000,1.00,1.00
17501,Monster Spar,184,8,9,1692,0,7,0,1,1.20,1.14,2000,1.00,1.00
17502,Monster Spar Buddy,184,8,9,1693,0,7,0,1,1.20,1.14,2000,1.00,1.00
17506,Grumman Slatefist,17570,1,1,1638,1048576,7,1,1,1.20,1.14,2000,7.50,50.00
17507,Shenarial,17571,1,1,1638,1048576,7,1,1,1.20,1.14,2000,7.50,50.00
17508,Galaen's Corpse,17046,15,15,1638,2,10,0,1,1.00,1.14,2000,1.00,1.00
17515,Samantha LeCraft,4951,1,1,35,0,7,0,1,1.20,1.14,2000,1.00,1.00
17522,Myst Spinner,17346,16,17,22,0,1,0,1,1.00,1.29,2000,1.00,1.00
17523,Myst Leecher,18043,17,18,22,0,1,0,1,1.00,1.29,2000,1.00,1.00
17524,Nazzivus Summoner,11344,13,13,90,0,3,0,1,1.00,1.14,2000,1.00,1.00
17525,Bloodmyst Hatchling,17061,10,11,14,0,1,0,1,1.00,0.99,2000,1.00,1.00
17526,Bloodmyst Ravager,16631,13,14,14,0,1,0,1,1.20,1.14,2000,1.00,1.00
17527,Enraged Ravager,17062,16,17,14,0,1,0,1,1.00,0.99,2000,1.00,1.00
17528,Tzerak,14152,14,14,90,0,3,0,1,1.00,1.14,2000,1.00,1.20
17529,[PH]Channel Target,11686,1,1,954,0,10,0,1,1.00,1.14,2000,1.00,1.00
17530,Elekk,17063,10,10,35,0,1,0,1,1.00,1.14,2000,1.00,1.00
17539,Totem of Wrath I,4589,1,80,58,0,11,0,1,1.00,1.00,2000,1.00,1.05
17542,Young Furbolg Shaman,16993,10,10,1685,0,7,0,2,0.67,1.43,2000,1.00,1.00
17550,Void Anomaly,17081,15,16,1715,0,3,0,1,1.00,1.14,2000,1.00,1.00
17551,Tavara,17082,5,5,1639,0,7,0,1,1.00,1.14,2000,1.00,1.00
17552,Hellfire Death Brazier,1126,1,1,35,0,10,0,1,1.00,0.99,2000,1.00,1.00
17553,Caregiver Topher Loaal,17083,17,18,1698,66179,7,0,2,1.00,1.14,2000,1.00,1.00
17556,Death Ravager,17086,10,10,14,0,1,0,1,1.00,0.99,2000,1.00,2.50
17559,Niblet,17090,3,3,1638,0,8,0,1,1.20,1.14,2000,1.00,1.00
17578,Hellfire Training Dummy,3019,1,1,1693,0,9,0,1,1.00,1.00,1400,1.00,1.00
17584,Torallius the Pack Handler,17110,14,14,1638,131,7,0,1,1.00,1.14,2000,1.00,1.00
17586,Vorkhan the Elekk Herder,17112,14,14,1638,2,7,0,1,1.00,1.14,2000,1.00,1.00
17587,Draenei Youngling,17113,8,8,1639,2,7,0,1,1.00,1.14,2000,1.00,5.00
17588,Veridian Whelp,17254,16,17,50,0,6,0,1,1.11,1.14,2000,1.00,1.00
17589,Veridian Broodling,17253,17,18,50,0,6,0,2,1.11,1.14,2000,1.00,1.00
17590,Sandworm Missile Target (DND),16191,1,1,35,0,10,0,1,1.20,1.14,2000,1.00,1.00
17591,Blood Elf Bandit,17115,7,7,1701,0,7,0,1,1.00,0.86,2000,1.00,0.75
17592,Razormaw,17256,20,20,14,0,6,1,1,1.00,2.57,2000,1.36,2.00
17599,Aonar,17118,13,13,1698,3,7,0,2,1.00,1.14,2000,1.00,1.00
17600,Draenei Cartographer,17119,14,14,1638,2,7,0,2,1.00,1.14,2000,1.00,1.00
17601,Pack Elekk,17142,17,18,35,0,1,0,1,1.20,1.14,2000,1.00,1.00
17604,Sunhawk Spy,17360,13,14,1714,0,7,0,1,1.00,1.14,2000,1.00,1.00
17605,Sunhawk Defiler,17473,17,18,1714,0,7,0,1,1.20,1.14,2000,1.00,1.00
17606,Sunhawk Reclaimer,17356,16,17,1714,0,7,0,8,1.00,1.14,2000,1.00,1.00
17607,Sunhawk Defender,17364,16,17,1714,0,7,0,1,1.00,1.14,2000,1.00,1.00
17608,Sunhawk Pyromancer,17367,17,18,1714,0,7,0,2,1.00,1.14,2000,1.00,1.00
17609,Sunhawk Saboteur,17352,17,18,1714,0,7,1,2,1.00,1.14,2000,1.70,3.00
17610,Sunhawk Agent,17348,18,19,1714,0,7,1,8,1.00,1.14,2000,1.70,3.00
17612,Quel'dorei Magewraith,17381,10,10,91,0,6,0,8,1.12,1.14,2000,1.00,1.40
17614,Huntress Kella Nightbow,17124,20,20,80,3,7,0,2,1.00,1.14,2000,1.00,1.00
17615,Azuremyst Elekk Mob Generator (Ravager),1126,9,10,35,0,10,0,1,1.20,1.14,2000,1.00,1.00
17616,Azuremyst Elekk Mob Generator (Murloc),7029,9,10,35,0,10,0,1,1.20,1.14,2000,1.00,1.00
17617,Azuremyst Elekk Mob Generator (Wildkin),7029,9,10,35,0,10,0,1,1.20,1.14,2000,1.00,1.00
17618,Azuremyst Elekk Mob Generator (Furbolg),7029,9,10,35,0,10,0,1,1.20,1.14,2000,1.00,1.00
17619,Azuremyst Elekk Mob Generator (Bloodelf),7029,9,10,35,0,10,0,1,1.20,1.14,2000,1.00,1.00
17620,Ravager Ambusher,16885,8,9,1620,0,1,0,1,1.20,1.14,2000,1.00,1.00
17638,Siltfin Ambusher,3619,6,7,18,0,7,0,1,1.20,1.14,2000,1.00,1.00
17639,Wildkin Ambusher,16266,9,10,14,0,7,0,1,1.20,1.14,2000,1.00,1.00
17640,Bristlelimb Ambusher,6821,6,7,82,0,7,0,1,1.20,1.14,2000,1.00,1.00
17641,Sunhawk Ambusher,17115,4,5,16,0,7,0,1,1.20,1.14,2000,1.00,0.75
17642,Tracker Lyceon,17141,15,15,1698,3,7,0,2,1.00,1.14,2000,1.00,1.00
17643,Kessel's Elekk,17142,1,2,35,0,1,0,1,1.20,1.14,2000,1.00,1.00
17645,Infernal Relay,18783,1,1,35,0,10,0,1,1.00,1.14,2000,1.00,1.00
17648,Felhunter Minion,6173,20,20,90,0,3,0,1,1.20,1.14,2000,1.00,1.00
17649,Kessel,17155,20,20,1638,3,7,0,1,1.00,1.14,2000,1.00,1.00
17654,Tagged Blacksilt Scout,2597,12,13,14,0,7,0,1,1.12,1.14,2000,1.00,1.00
17655,Blacksmith Frances,17640,15,15,1623,4225,7,0,1,1.00,1.14,1500,1.00,1.00
17656,Heron Skygaze,17159,14,14,1636,129,7,0,1,1.00,1.14,2000,1.00,1.00
17659,Blade of Argus,17162,14,16,1700,0,7,0,1,1.00,1.14,2000,1.00,1.10
17661,Deathclaw,9277,17,17,44,0,1,0,1,1.00,1.14,2000,1.00,1.25
17663,Jessera of Mac'Aree,17169,15,15,1700,3,7,0,1,1.00,1.14,2000,1.00,1.00
17664,Matis the Cruel,17168,18,18,1701,0,7,1,2,1.00,1.39,2000,1.70,4.00
17666,Astur,17218,13,13,1638,4194305,7,0,1,1.00,1.14,1500,1.00,1.00
17667,Beega,17236,14,14,1638,4480,7,0,1,1.00,1.14,1500,1.00,1.00
17668,Matis's Mount,1951,1,1,35,0,1,0,1,1.20,1.14,2000,1.00,1.00
17673,Stinkhorn Striker,17170,12,14,14,0,1,0,1,1.00,1.14,2000,1.00,1.00
17676,Achelus,17173,18,18,1638,3,7,0,1,1.00,1.14,1500,1.00,1.00
17677,Arcanagos Spell Dummy,1126,1,1,1683,0,10,0,1,1.00,1.14,2000,1.00,0.70
17678,Sironas,17174,20,20,1714,0,3,1,2,1.00,2.00,2000,1.10,5.00
17679,Man'ari Abomination,17175,20,20,1701,0,3,1,1,1.20,1.14,2000,7.50,3.00
17680,Webbed Creature,16213,15,15,14,0,10,0,1,1.00,1.00,6000,1.00,0.10
17681,Expedition Researcher,17176,16,17,1638,0,7,0,1,1.00,1.14,2000,1.00,1.00
17682,Princess Stillpine,9491,16,16,1685,2,7,0,2,0.67,0.99,2000,1.00,1.00
17683,Zarakh,17180,19,19,312,0,1,0,1,1.00,1.29,1000,1.00,1.00
17686,Researcher Cornelius,17182,17,17,1638,3,7,0,1,1.00,1.14,1500,1.00,1.00
17687,Flame Arrow,169,1,1,14,0,10,0,1,1.00,1.14,2000,1.00,1.35
17688,Crown Guard Horde Capture Quest Doodad,10817,1,1,35,0,10,0,1,1.20,1.14,2000,1.00,1.00
17689,<TXT>Crown Guard Capture Quest Doodad,11686,1,1,35,0,10,0,1,1.00,1.14,2000,1.00,1.00
17690,<TXT>Eastwall Capture Quest Doodad,11686,1,1,35,0,10,0,1,1.00,1.14,2000,1.00,1.00
17691,Eastwall Horde Capture Quest Doodad,11686,1,1,35,0,10,0,1,1.20,1.14,2000,1.00,1.00
17696,<TXT>Northpass Capture Quest Doodad,11686,1,1,35,0,10,0,1,1.00,1.14,2000,1.00,1.00
17697,Northpass Horde Capture Quest Doodad,11686,1,1,35,0,10,0,1,1.20,1.14,2000,1.00,1.00
17698,<TXT>Plaguewood Capture Quest Doodad,11686,1,1,35,0,10,0,1,1.00,1.14,2000,1.00,1.00
17699,Plaguewood Horde Capture Quest Doodad,11686,1,1,35,0,10,0,1,1.20,1.14,2000,1.00,1.00
17701,Lord Xiz,11257,13,13,74,0,7,0,1,1.00,1.14,2000,1.00,1.35
17702,High Chief Bristlelimb,5851,13,13,82,0,7,0,1,1.12,1.14,2000,1.00,1.00
17703,Messenger Hermesius,17193,16,16,1638,3,7,0,1,1.00,1.14,1500,1.00,1.00
17704,Hand of Argus Swordsman,17162,14,16,1700,0,7,0,1,1.00,1.14,2000,1.00,0.34
17705,Sunhawk Rogue,15504,14,15,1701,0,7,0,1,1.12,1.14,2000,1.00,1.00
17707,Dawnstone Crab,19670,1,1,1555,0,12,0,1,1.00,1.14,2000,1.00,1.00
17708,Living Ruby Serpent,15923,1,1,35,0,12,0,1,1.00,1.14,2000,1.00,1.00
17709,Talasite Owl,15905,5,5,1555,0,12,0,1,1.00,1.14,2000,1.00,1.00
17710,Nightseye Panther,15920,1,1,1555,0,12,0,1,1.00,1.14,2000,1.00,1.00
17713,Bloodcursed Naga,11263,15,16,74,0,7,0,8,1.00,1.14,2000,1.00,1.00
17714,Bloodcursed Voyager,17556,16,17,15,0,6,0,1,0.67,1.14,2000,1.00,1.00
17715,Atoph the Bloodcursed,11271,19,19,74,0,7,0,1,1.12,1.14,2000,1.00,1.00
17716,Sangrias Stillblade,17198,12,12,14,2,7,0,2,1.00,1.14,4000,1.00,1.00
17733,[UNUSED] Lykul Larva,9749,1,1,35,0,10,0,1,1.00,1.14,2000,1.00,1.00
17737,"Outland Chimera, Green",17091,12,13,7,0,1,0,1,1.00,1.14,2000,1.00,1.00
17738,"Outland Chimera, Purple",17092,13,14,7,0,1,0,1,1.00,1.14,2000,1.00,1.00
17739,"Outland Chimera, White",17093,12,14,7,0,1,0,1,1.00,1.14,2000,1.00,1.00
17740,"Outland Chimera, Yellow",17094,1,1,7,0,1,0,1,1.00,1.14,2000,1.00,1.00
17741,"Outland Lobstrok, Purple",17101,1,1,7,0,7,0,1,1.00,1.14,2000,1.00,1.00
17742,"Outland Lobstrok, Red",17105,1,1,7,0,7,0,1,1.00,1.14,2000,1.00,1.00
17743,"Outland Lobstrok, Blue",17106,1,1,7,0,7,0,1,1.00,1.14,2000,1.00,1.00
17744,"Outland Lobstrok, White",17107,1,1,7,0,7,0,1,1.00,1.14,2000,1.00,1.00
17745,"Outland Lobstrok, Yellow",17108,1,1,7,0,7,0,1,1.00,1.14,2000,1.00,1.00
17746,"Outland Doomguard, Black",17096,1,1,7,0,3,0,1,1.00,1.14,2000,1.00,1.00
17747,"Outland Doomguard, Blue",17097,1,1,7,0,3,0,1,1.00,1.14,2000,1.00,1.00
17748,"Outland Doomguard, Orange",17095,1,1,7,0,3,0,1,1.00,1.14,2000,1.00,1.00
17749,"Outland Doomguard, Green",17098,1,1,7,0,3,0,1,1.00,1.14,2000,1.00,1.00
17750,"Outland Doomguard, Purple",17099,1,1,7,0,3,0,1,1.00,1.14,2000,1.00,1.00
17751,"Outland Doomguard, Yellow",17100,1,1,7,0,3,0,1,1.00,1.14,2000,1.00,1.00
17752,"Outland Mtn. Giant, Zangarmarsh",17075,1,1,7,0,4,0,1,1.00,1.14,2000,1.00,1.00
17753,"Outland Mtn. Giant, Blades Edge",17073,1,1,7,0,4,0,1,1.00,1.14,2000,1.00,1.00
17754,"Outland Mtn. Giant, Netherstorm",17074,1,1,7,0,4,0,1,1.00,1.14,2000,1.00,1.00
17755,Pit Lord,16632,1,1,7,0,3,0,1,1.20,1.14,2000,1.00,1.00
17756,"Outland Basilisk, Green",16876,1,1,7,0,1,0,1,1.00,1.14,2000,1.00,1.00
17757,"Outland Basilisk, Red",16877,1,1,7,0,1,0,1,1.00,1.14,2000,1.00,1.00
17758,"Outland Basilisk, Violet",16878,1,1,7,0,1,0,1,1.00,1.14,2000,1.00,1.00
17759,"Outland Basilisk, Yellow",16879,1,1,7,0,1,0,1,1.00,1.14,2000,1.00,1.00
17760,"Outland Carrion Bird, Blue",16881,1,1,7,0,1,0,1,1.00,1.14,2000,1.00,1.00
17761,"Outland Carrion Bird, Orange",16880,1,1,7,0,1,0,1,1.00,1.14,2000,1.00,1.00
17762,"Outland Carrion Bird, Green",16882,1,1,7,0,1,0,1,1.00,1.14,2000,1.00,1.00
17763,"Outland Carrion Bird, White",16883,1,1,7,0,1,0,1,1.00,1.14,2000,1.00,1.00
17764,"Outland Carrion Bird, Yellow",16884,1,1,7,1,1,0,1,1.00,1.14,2000,1.00,1.00
17768,Blood Knight Stillblade,17198,12,12,1604,0,7,0,2,1.00,1.14,2000,1.00,1.00
17769,Blood Knight Adept,17211,20,20,1604,1,7,0,2,1.00,1.14,2000,1.00,1.00
17774,"Outland Hydra, Black",16711,1,1,7,0,1,0,1,1.00,1.14,2000,1.00,1.00
17775,"Outland Hydra, Blue",17237,1,1,7,0,1,0,1,1.00,1.14,2000,1.00,1.00
17776,"Outland Hydra, Green",17238,1,1,7,0,1,0,1,1.00,1.14,2000,1.00,1.00
17777,"Outland Hydra, Purple",17239,1,1,7,0,1,0,1,1.00,1.14,2000,1.00,1.00
17778,"Outland Hydra, Orange",17240,1,1,7,0,1,0,1,1.00,1.14,2000,1.00,1.00
17779,"Outland Imp, Gray",16891,1,1,7,0,3,0,1,1.00,1.14,2000,1.00,1.00
17780,"Outland Imp, Orange",16888,1,1,7,0,3,0,1,1.00,1.14,2000,1.00,1.00
17781,"Outland Imp, Purple",16889,1,1,7,0,3,0,1,1.00,1.14,2000,1.00,1.00
17782,"Outland Imp, Yellow",16890,1,1,7,0,3,0,1,1.00,1.14,2000,1.00,1.00
17783,"Outland Larva, Black",16893,1,1,7,0,1,0,1,1.00,1.14,2000,1.00,1.00
17784,"Outland Larva, Blue",16894,1,1,7,0,1,0,1,1.00,1.14,2000,1.00,1.00
17785,"Outland Larva, Purple",16895,1,1,7,0,1,0,1,1.00,1.14,2000,1.00,1.00
17786,"Outland Larva, Red",16896,1,1,7,0,1,0,1,1.00,1.14,2000,1.00,1.00
17787,"Outland Larva, Pink",16892,1,1,7,0,1,0,1,1.00,1.14,2000,1.00,1.00
17788,"Outland Wind Serpent, Black",16898,1,1,7,0,1,0,1,1.00,1.14,2000,1.00,1.00
17789,"Outland Wind Serpent, Blue",16901,1,1,7,0,1,0,1,1.00,1.14,2000,1.00,1.00
17790,"Outland Wind Serpent, Green",16900,1,1,7,0,1,0,1,1.00,1.14,2000,1.00,1.00
17791,"Outland Wind Serpent, Orange",16897,1,1,7,0,1,0,1,1.00,1.14,2000,1.00,1.00
17792,"Outland Wind Serpent, White",16902,1,1,7,0,1,0,1,1.00,1.14,2000,1.00,1.00
17793,"Outland Wind Serpent, Yellow",16899,1,1,7,0,1,0,1,1.00,1.14,2000,1.00,1.00
17794,Alliance Tower Buffer,5187,1,1,84,0,10,0,1,1.00,0.99,2000,1.00,1.00
17795,Horde Tower Buffer,5187,1,1,83,0,10,0,1,1.00,0.99,2000,1.00,1.00
17809,Champion Bloodwrath,17258,20,20,1604,0,7,0,2,1.00,1.14,2000,1.00,0.50
17810,Champion Lightrend,17259,20,20,1604,0,7,0,2,1.00,1.14,2000,1.00,0.55
17811,Champion Swiftblade,17260,20,20,1604,0,7,0,2,1.00,1.14,2000,1.00,0.60
17812,Champion Sunstriker,17261,20,20,1604,0,7,0,2,1.00,1.14,2000,1.00,1.00
17822,Landen Stilwell,17263,20,20,35,1,7,0,1,1.00,1.14,2000,1.70,1.00
17823,Crazed Worgen,203,20,20,14,0,7,0,1,1.20,1.14,2000,1.00,1.00
17824,Captured Sunhawk Agent,17267,16,16,1194,1,7,0,1,1.00,1.14,2000,1.00,1.00
17825,Interrogator Elysia,17269,19,19,1698,2,7,0,2,1.00,1.14,2000,1.00,1.00
17830,Zelemar the Wrathful,1912,20,20,954,0,3,1,1,1.00,1.14,2000,7.50,5.00
17847,[PH]Ye Olde Channel Imp,11686,1,1,954,0,10,0,1,1.00,1.14,2000,1.00,1.00
17849,Slain Outrunner,17284,6,6,1604,2,7,0,8,1.00,1.14,1500,1.00,1.05
17850,Sunhawk Reclaimer Generator,17188,1,1,35,0,10,0,1,1.00,1.14,2000,1.00,1.00
17853,Tracker of the Hand,17280,18,18,1700,0,7,1,2,1.00,1.14,2000,3.50,4.00
17859,Alex Test Quest Flagging NPC,16490,1,1,35,0,10,0,1,1.00,1.14,2000,1.00,1.00
17863,Matis Credit Marker,16490,1,1,35,0,10,0,1,1.20,1.14,2000,1.00,1.00
17865,Matis,17168,18,18,1194,0,7,1,2,1.00,1.14,2000,7.50,3.00
17867,Coilfang Periodic Bat Trigger,1126,1,1,35,0,10,0,1,1.20,1.14,2000,1.00,1.00
17868,Silithus Spice Worm Mortar Target,1126,1,1,35,0,10,0,1,1.20,1.14,2000,1.00,1.00
17869,Silithus Spice Sandworm Mortar Target,1126,1,1,35,0,10,0,1,1.20,1.14,2000,1.00,1.00
17875,Hunter of the Hand,17280,18,18,1700,0,7,1,2,1.00,1.14,2000,7.50,4.00
17883,Velen Event Trigger,11686,1,1,35,0,10,0,1,1.00,1.14,2000,1.00,1.00
17886,[DND]Sunhawk Portal Controller,11686,17,18,35,0,10,1,8,1.00,1.14,2000,1.70,3.00
17887,Void Critter,17298,3,5,1715,0,3,0,2,1.00,1.14,2000,1.00,0.01
17889,Sun Gate Event Manager,11686,1,1,35,0,10,0,1,1.00,1.14,2000,1.00,1.00
17915,[PH] Invis Paladin Quest Credit,11686,1,1,190,0,10,0,1,1.00,1.14,2000,3.50,1.00
17926,Scout Loryi,17326,18,18,1698,3,7,0,2,1.00,1.14,2000,1.00,1.00
17927,Scout Jorli,17327,18,18,1698,3,7,0,2,1.00,1.14,2000,1.00,1.00
17929,Kioni,17334,12,12,1638,4224,7,0,1,1.00,1.14,1500,1.00,1.00
17930,Nabek,17333,11,11,1638,4224,7,0,1,1.00,1.14,1500,1.00,1.00
17950,[PH] Invis Stillblade Credit,11686,1,1,190,0,10,0,1,1.20,1.14,2000,1.00,1.00
17970,Stormcrow Shape,17447,2,2,190,0,8,0,1,1.20,1.14,2000,1.00,1.00
17971,Captured Sunhawk Agent Transform,17376,16,16,1194,0,7,0,1,1.20,1.14,2000,1.00,1.00
17974,Captured Sunhawk Agent Invisible Trigger,13069,1,1,35,0,10,0,1,1.00,1.14,2000,1.00,1.00
17979,Bloodmyst Tesla Coil,13069,1,1,35,0,10,0,1,1.00,1.14,2000,1.00,1.00
17982,Demolitionist Legoso,17384,20,20,1647,3,7,1,2,1.00,0.93,2000,1.70,3.00
17983,Heur,17385,10,10,1638,80,7,0,1,1.00,1.14,1500,1.00,1.00
17984,Power Source Invisible Bunny,7804,1,1,114,0,10,0,1,1.00,1.14,2000,1.00,1.35
17986,Vindicator Corin,17388,19,19,1638,3,7,1,2,1.00,1.14,2000,1.70,3.00
17987,Strength of Earth,4588,10,10,58,0,11,0,1,1.12,1.14,2000,1.00,0.05
17988,Grand Finale Event Manager,11686,1,1,35,0,10,0,1,1.00,1.14,2000,1.00,1.00
17989,Archimindy,17142,1,2,35,0,1,0,1,1.12,1.14,2000,1.00,1.00
17992,Coilfang Invisible Vacuum Dummy,1126,1,1,35,0,10,0,1,1.00,1.14,2000,1.00,1.00
17997,"Riding Wolf (Red, Alpha)",17408,10,10,35,0,1,0,1,1.00,1.14,2000,1.00,1.00
18020,Defender Adrielle,17424,19,19,1700,2,7,0,2,1.00,1.14,2000,1.00,1.50
18021,Defender Kaegan,17425,20,20,1700,0,7,0,2,1.00,1.14,2000,1.00,2.00
18022,Defender Ursi,17442,19,19,1700,0,7,0,2,1.00,1.14,2000,1.00,3.50
18023,Defender Kranos,17438,20,20,1700,0,7,0,2,1.00,1.14,2000,1.00,4.00
18024,Defender Sorli,17441,19,19,1700,2,7,0,2,1.00,1.14,2000,1.00,3.50
18025,Defender Auston,17429,20,20,1700,0,7,0,2,1.00,1.14,2000,1.00,4.00
18026,Defender Haqi,17430,20,20,1700,0,7,0,2,1.00,1.14,2000,1.00,4.00
18027,Defender Kadithuul,17432,20,20,1700,0,7,0,2,1.00,1.14,2000,1.00,4.00
18028,Defender Akee,17427,19,19,1700,0,7,0,2,1.00,1.14,2000,1.00,3.50
18029,Defender Kajad,17433,20,20,1700,0,7,0,2,1.00,1.14,2000,1.00,4.00
18030,Knight-Defender Zunade,17448,19,19,1700,1,7,0,2,1.00,1.14,2000,1.00,5.00
18031,Defender Zaibach,17443,20,20,1700,0,7,0,2,1.00,1.14,2000,1.00,4.00
18032,Defender Ashoon,17428,19,19,1700,0,7,0,2,1.00,1.14,2000,1.00,3.50
18034,Defender Katroi,17435,19,19,1700,0,7,0,2,1.00,1.14,2000,1.00,3.50
18078,The Evil Rabbit,4626,5,5,14,0,8,0,1,1.20,1.14,2000,1.00,0.10
18104,Doomfire Spirit,11686,1,1,35,0,10,0,1,1.00,1.14,2000,1.00,1.00
18108,Coilfang Underbog Hydra Trigger,1126,1,1,35,0,10,0,1,1.20,1.14,2000,1.00,1.00
18110,Windyreed Quest Credit (Big Hut),17200,1,1,35,0,10,0,1,1.00,1.14,2000,1.00,1.00
18142,Windyreed Quest Credit (Hut 01),17200,1,1,35,0,10,0,1,1.00,1.14,2000,1.00,1.00
18143,Windyreed Quest Credit (Hut 02),17200,1,1,35,0,10,0,1,1.00,1.14,2000,1.00,1.00
18144,Windyreed Quest Credit (Hut 03),17200,1,1,35,0,10,0,1,1.00,1.14,2000,1.00,1.00
18150,Gurgle,15394,1,1,188,0,7,0,1,1.00,1.14,2000,1.00,1.00
18151,Gargle,15398,1,1,188,0,7,0,1,1.00,1.14,2000,1.00,1.00
18152,Baby Murloc,15394,1,1,35,0,12,0,1,1.00,1.43,2000,1.00,1.00
18167,"Elekk, Ground Taxi",17549,10,10,35,0,1,0,1,1.00,1.14,2000,1.00,1.00
18169,Blood Knight Initiate,17211,20,20,1604,0,7,0,1,1.20,1.14,2000,1.00,1.00
18173,Bloodmyst Elekk Dismounter,11686,1,1,35,0,10,0,1,1.00,1.14,2000,1.00,1.00
18174,Initiate Colin,17553,20,20,1604,0,7,0,2,1.00,1.14,2000,1.00,1.00
18175,Initiate Emeline,17551,20,20,1604,0,7,0,2,1.00,1.14,2000,1.00,1.00
18178,Tainted Fire Totem,4589,1,1,16,0,11,0,1,1.20,1.14,2000,1.00,0.05
18186,Feralfen Totem,15221,1,1,14,0,11,0,1,1.00,0.99,2000,1.00,1.00
18196,Gurok Event Controller,17200,1,1,35,0,10,0,1,1.00,1.14,2000,1.00,1.00
18199,Silithus Dust Turnin Quest Doodad Horde,11686,1,1,35,0,10,0,1,1.00,1.14,2000,1.00,1.00
18208,Murkblood Event Controller,17200,1,1,35,0,10,0,1,1.00,1.14,2000,1.00,1.00
18228,Garadar Event Controller (Farseer),17612,1,1,35,0,10,0,1,1.00,1.14,2000,1.00,1.00
18230,Trayanise,17614,12,12,1604,0,7,0,8,1.00,1.14,2000,1.00,1.00
18237,Tiny Arcane Construct,17618,15,15,1604,0,4,0,2,1.00,2.14,2000,1.00,1.00
18242,Infernal Relay (Hyjal),1126,1,1,1720,0,10,0,1,1.12,1.14,2000,1.00,1.00
18275,Invis Ball Game Referee,11686,1,1,190,0,10,0,1,1.00,1.14,2000,1.00,1.00
18277,Kinamisa,17651,20,20,1695,128,7,0,1,1.00,1.14,2000,1.00,1.05
18296,Sunspring Post Orphan,20545,8,15,1652,0,7,0,1,1.00,0.99,3000,1.00,1.00
18299,Bleeding Hollow Orphan,20542,9,14,1652,0,7,0,1,1.00,0.99,3000,1.00,1.00
18303,Lyria Skystrider,17671,15,15,1637,0,7,0,1,1.00,1.14,2000,1.00,1.00
18308,Burning Blade Pyre (04),17188,11,11,35,0,10,0,1,1.00,1.14,2000,1.00,1.00
18336,Silvermoon Magister,17672,15,15,1604,0,7,0,8,1.00,1.14,2000,1.00,1.00
18337,Priest Kath'mar,17673,15,15,1604,0,7,0,8,1.00,1.14,2000,1.00,1.00
18345,Riding Wyvern (Nagrand PvP Event),17675,1,1,35,0,1,0,1,1.00,1.14,2000,1.00,1.00
18370,Wild Shadow Fissure,15294,1,1,14,0,10,0,1,1.00,0.86,2000,1.00,1.00
18372,Rough Stone Statue,17707,5,5,15,0,4,0,1,1.00,1.14,2000,1.00,0.10
18381,Netherwhelp,17723,1,1,188,0,12,0,1,1.00,1.14,2000,1.00,1.00
18388,Shadow Council Credit Marker,17200,1,1,35,0,10,0,1,1.00,1.14,2000,1.00,1.00
18393,Warmaul Ogre Credit Marker,17200,1,1,35,0,10,0,1,1.00,1.14,2000,1.00,1.00
18395,Warmaul Pyre Credit Marker,17200,1,1,35,0,10,0,1,1.00,1.14,2000,1.00,1.00
18426,Terellia,17785,10,10,1604,4224,7,0,8,1.00,1.14,1500,1.00,1.00
18444,Corki Event Controller,11686,1,1,35,0,10,0,1,1.00,1.14,2000,1.00,1.00
18458,Veil Shalas Ward,11686,1,1,190,0,10,0,1,1.12,1.14,2000,1.00,1.00
18474,Old Crappy McWeaksauce,17701,1,1,35,0,1,0,1,1.20,1.14,2000,1.00,1.00
18491,Veil Shalas Totem,11686,1,1,190,0,10,0,1,1.12,1.14,2000,1.00,1.00
18534,Soldier of Hate,17096,1,1,90,0,3,0,1,1.20,1.14,2000,1.00,1.00
18551,Altruis Kill Credit,11686,1,1,35,0,10,0,1,1.20,1.14,2000,1.00,1.00
18553,Dark Portal Black Crystal Invisible Stalker,1126,1,1,35,0,10,0,1,1.40,1.14,2000,1.00,1.00
18555,Dark Portal Beam Invisible Stalker,1126,1,1,35,0,10,0,1,4.00,1.14,2000,1.00,1.00
18560,Justin's Bunny Target,1126,1,1,35,0,10,0,1,1.00,0.99,2000,1.00,1.00
18562,Purple Ground Rune,22862,1,1,35,0,10,0,1,1.20,1.00,2000,1.00,1.00
18563,Justin's Bunny Channeler,1126,1,1,35,0,10,0,1,1.00,0.99,2000,1.00,1.00
18582,Dark Portal Emitter Invisible Stalker,1126,1,1,35,0,10,0,1,1.20,1.14,2000,1.00,1.00
18589,Forge Camp: Hate Quest Credit,17612,1,1,35,0,10,0,1,1.00,1.14,2000,1.00,1.00
18590,Forge Camp: Fear Quest Credit,17612,1,1,35,0,10,0,1,1.00,1.14,2000,1.00,1.00
18623,Unkillable Test Dummy 70 Warrior,2467,1,1,7,0,7,0,1,1.00,1.14,2000,1.00,200000.00
18644,Tarren Mill Peasant,11354,15,15,12,0,7,0,1,0.67,1.14,2000,4.60,1.00
18645,Tarren Mill Peasant (With Sack),18040,1,1,12,0,7,0,1,1.20,1.14,2000,1.00,1.00
18646,Tarren Mill Horsehand,18232,15,15,35,0,7,0,1,1.00,0.86,2000,4.60,1.00
18649,Innkeeper Monica,18234,1,2,35,0,7,0,1,0.80,0.29,2000,4.60,1.00
18650,Tarren Mill Horse,229,1,1,190,0,10,0,1,1.00,0.43,2000,1.00,1.00
18651,Young Blanchy,236,2,2,35,0,8,0,1,1.00,1.29,2000,4.60,1.00
18653,Seth,221,1,1,1818,3,7,0,1,1.00,1.14,2000,1.00,1.00
18655,Jay Lemieux,221,1,1,35,0,7,0,1,1.00,1.14,2000,4.60,1.00
18656,Julie Honeywell,252,1,1,35,0,7,0,1,1.00,1.14,2000,4.60,1.00
18668,Vaeron Kormar,18219,1,1,1637,0,7,0,8,1.00,1.14,2000,1.00,1.00
18669,Terric Brightwind,18218,1,1,1637,0,7,0,8,1.00,1.14,2000,1.00,1.00
18671,Priest Ennas,18074,1,1,1637,0,7,0,8,1.00,1.14,2000,1.00,1.00
18722,Leper Gnome Laborer,18103,2,7,1604,0,7,0,1,1.00,1.14,2000,1.00,1.00
18724,Melaya Tassier,18217,1,1,1637,0,7,0,8,1.00,1.14,2000,1.00,1.00
18734,Coarse Stone Statue,17707,15,15,15,0,4,0,1,1.00,1.14,2000,1.00,0.10
18739,Giraffe,4473,1,1,189,0,1,0,1,1.20,1.14,2000,1.00,1.00
18740,Serpent,15135,1,1,31,0,1,0,1,1.20,1.14,2000,1.00,0.20
18741,Dragonhawk,17547,1,1,31,0,1,0,1,1.20,1.14,2000,1.00,0.20
18742,Worgen,657,1,1,189,0,7,0,1,1.20,1.14,2000,1.00,0.20
18762,Tinkerbell,18156,1,1,1818,0,1,0,1,1.00,1.14,2000,1.00,1.00
18766,Pool of Souls,11686,1,1,16,0,10,0,1,1.12,1.14,2000,1.00,0.80
18769,Young Thrall (Equipped),18165,1,1,1747,0,7,0,1,1.20,1.14,2000,1.00,5.00
18782,Silvermoon Ritual of Summoning Dummy,1126,1,1,35,0,10,0,1,1.00,1.14,2000,1.00,1.00
18790,Gatewatcher Aendor,18189,20,20,1604,1,7,0,2,1.00,1.14,2000,1.00,1.00
18792,Harassed Citizen,16732,5,9,1604,1,7,0,8,1.00,1.14,2000,1.00,1.05
18793,Invisible Target,21584,1,1,954,0,10,0,1,1.00,1.14,2000,4.60,1.00
18795,Lesser Scorching Totem,4589,10,11,58,0,11,0,1,1.00,1.00,2000,1.00,1.00
18798,Skarloc's Mount,18223,1,1,14,0,1,0,1,1.00,1.29,2000,1.00,1.00
18799,Silvermoon Citizen,18211,1,1,1637,0,7,0,8,1.00,1.14,2000,1.00,1.00
18801,Master Enchanter Theopolus,14,1,1,35,0,10,0,1,1.20,1.14,2000,1.00,1.00
18803,Stillpine Ambassador Frasaboo,6819,17,17,1685,3,7,0,1,0.67,0.99,2000,1.00,1.00
18810,Otonambusi,18214,12,12,1638,384,7,0,2,1.00,1.00,2000,1.00,1.00
18811,Meriaad,18220,14,14,1638,384,7,0,1,1.00,1.14,2000,1.00,1.00
18814,Exodar Invisible Stalker,1126,1,1,35,0,10,0,1,1.00,1.14,2000,1.00,1.00
18818,Invis Horde Siege Engine - East,7907,1,1,190,0,10,0,1,1.00,1.14,2000,1.00,1.00
18823,Minor Water Spirit,4606,10,10,35,0,4,0,1,1.00,1.29,2000,1.00,1.02
18824,Minor Fire Spirit,18244,10,10,35,0,4,0,1,1.00,1.14,2000,1.00,1.02
18825,Minor Air Spirit,18245,10,10,35,0,4,0,1,1.00,1.14,2000,1.00,1.02
18826,Minor Earth Spirit,1108,10,10,35,0,4,0,1,1.56,1.14,2000,1.00,1.02
18828,Camera Shaker,16925,1,1,35,0,10,0,1,1.00,0.99,2000,1.00,1.00
18839,Magical Crawdad,18269,1,1,188,0,12,0,1,1.00,1.14,2000,1.00,1.00
18849,Invis Alliance Siege Engine - East,7907,1,1,190,0,10,0,1,1.00,1.14,2000,1.00,1.00
18896,Exodar Holographic Emitter,1126,1,1,35,0,10,0,1,1.00,1.14,2000,1.00,1.00
18918,Drysc,18325,20,20,1638,0,7,0,8,1.00,1.14,2000,1.00,1.00
18919,Sayari,18326,20,20,1638,0,7,0,8,1.00,1.14,2000,1.00,1.00
18920,Alorii,18327,20,20,1638,0,7,0,1,1.20,1.14,2000,1.00,1.00
18926,Sleyin,18334,10,10,1604,4224,7,0,1,1.00,1.14,1500,1.00,1.00
18927,Human Commoner,19177,1,1,12,3,7,0,1,1.00,1.14,2000,1.00,1.00
18929,Kyrenna,18335,10,10,1604,640,7,0,1,1.00,1.14,1500,1.00,1.00
18935,"[PH] Gossip NPC, Human Female",19177,1,1,35,0,7,0,1,1.00,1.14,2000,1.00,1.00
18936,"[PH] Gossip NPC, Human Male",19178,1,1,35,0,7,0,1,1.00,1.14,2000,1.00,1.00
18941,"[PH] Gossip NPC, Human, Specific Look",3939,1,1,35,0,7,0,1,1.00,1.14,2000,1.00,1.00
18947,Solanin,18343,10,10,1604,129,7,0,2,1.00,1.14,1500,1.00,1.00
18951,Erilia,18344,10,10,1604,128,7,0,8,1.00,1.14,1500,1.00,1.00
18954,Sailor Melinan,18346,10,10,1604,128,7,0,2,1.00,1.14,1500,1.00,1.00
18955,Camera Shaker - 30-90 seconds,16480,1,1,35,0,10,0,1,1.00,0.99,2000,1.00,1.00
18967,Dark Assault - Alliance Portal - Invisible Stalker,5561,1,1,14,0,10,0,1,1.00,1.14,2000,1.00,0.01
18968,Dark Assault - Horde Portal - Invisible Stalker,1070,1,1,14,0,10,0,1,1.00,1.14,2000,1.00,0.01
19008,Invis Alliance Siege Engine - West,7907,1,1,190,0,10,0,1,1.00,1.14,2000,1.00,1.00
19009,Invis Horde Siege Engine - West,7907,1,1,190,0,10,0,1,1.00,1.14,2000,1.00,1.00
19010,Camera Shaker - JK,18069,1,1,35,0,10,0,1,1.20,1.14,2000,1.00,1.00
19028,The Overlook Capture Credit Marker,11686,1,1,35,0,10,0,1,1.00,1.14,2000,1.00,1.00
19029,The Stadium Capture Credit Marker,1061,1,1,35,0,10,0,1,1.00,0.99,2000,1.00,1.00
19032,Broken Hill Capture Credit Marker,1061,1,1,35,0,10,0,1,1.00,0.99,2000,1.00,1.00
19046,Minalei,18482,19,19,1743,65537,7,0,1,1.00,1.14,2000,1.00,1.00
19057,"[PH] Gossip NPC Human Female, Lunar Festival",18858,1,1,35,0,7,0,1,1.00,1.14,2000,1.00,1.00
19058,"[PH] Gossip NPC Human Male, Lunar Festival",18860,1,1,35,0,7,0,1,1.00,1.14,2000,1.00,1.00
19059,"[PH] Gossip NPC Human Female, Christmas",18800,1,1,35,0,7,0,1,1.00,1.14,2000,1.00,1.00
19060,"[PH] Gossip NPC Human Male, Christmas",18801,1,1,35,0,7,0,1,1.00,1.14,2000,1.00,1.00
19065,Inessera,18499,19,19,1743,128,7,0,1,1.00,1.14,2000,1.00,1.00
19069,Garadar Riding Wolf,18509,10,10,35,0,1,0,1,1.20,1.14,2000,1.00,1.00
19070,Holo-Imp,18510,10,10,35,0,4,0,1,1.00,1.14,2000,1.00,1.02
19078,"[PH] Gossip NPC Dwarf Female, Christmas",18796,1,1,35,0,7,0,1,1.00,1.14,2000,1.00,1.00
19079,"[PH] Gossip NPC Dwarf Male, Christmas",18797,1,1,35,0,7,0,1,1.00,1.14,2000,1.00,1.00
19080,"[PH] Gossip NPC Night Elf Female, Christmas",18802,1,1,35,0,7,0,1,1.00,1.14,2000,1.00,1.00
19081,"[PH] Gossip NPC Night Elf Male, Christmas",18803,1,1,35,0,7,0,1,1.00,1.14,2000,1.00,1.00
19082,"[PH] Gossip NPC Draenei Female, Christmas",18794,1,1,35,0,7,0,1,1.00,1.14,2000,1.00,1.00
19083,"[PH] Gossip NPC Draenei Male, Christmas",18795,1,1,35,0,7,0,1,1.00,1.14,2000,1.00,1.00
19084,"[PH] Gossip NPC Blood Elf Female, Christmas",18785,1,1,35,0,7,0,1,1.00,1.14,2000,1.00,1.00
19085,"[PH] Gossip NPC Blood Elf Male, Christmas",18793,1,1,35,0,7,0,1,1.00,1.14,2000,1.00,1.00
19086,"[PH] Gossip NPC Orc Female, Christmas",18804,1,1,35,0,7,0,1,1.00,1.14,2000,1.00,1.00
19087,"[PH] Gossip NPC Orc Male, Christmas",18805,1,1,35,0,7,0,1,1.00,1.14,2000,1.00,1.00
19088,"[PH] Gossip NPC Tauren Female, Christmas",18806,1,1,35,0,7,0,1,1.00,1.14,2000,1.00,1.00
19089,"[PH] Gossip NPC Tauren Male, Christmas",18807,1,1,35,0,7,0,1,1.00,1.14,2000,1.00,1.00
19090,"[PH] Gossip NPC Undead Male, Christmas",18811,1,1,35,0,7,0,1,1.00,1.14,2000,1.00,1.00
19091,"[PH] Gossip NPC Undead Female, Christmas",18810,1,1,35,0,7,0,1,1.00,1.14,2000,1.00,1.00
19092,"[PH] Gossip NPC Dwarf Female, Lunar Festival",18844,1,1,35,0,7,0,1,1.00,1.14,2000,1.00,1.00
19093,"[PH] Gossip NPC Night Elf Female, Lunar Festival",18867,1,1,35,0,7,0,1,1.00,1.14,2000,1.00,1.00
19094,"[PH] Gossip NPC Draenei Female, Lunar Festival",18842,1,1,35,0,7,0,1,1.00,1.14,2000,1.00,1.00
19095,"[PH] Gossip NPC Blood Elf Female, Lunar Festival",18840,1,1,35,0,7,0,1,1.00,1.14,2000,1.00,1.00
19096,"[PH] Gossip NPC Orc Female, Lunar Festival",18869,1,1,35,0,7,0,1,1.00,1.14,2000,1.00,1.00
19097,"[PH] Gossip NPC Tauren Female, Lunar Festival",18871,1,1,35,0,7,0,1,1.00,1.14,2000,1.00,1.00
19098,"[PH] Gossip NPC Undead Female, Lunar Festival",18875,1,1,35,0,7,0,1,1.00,1.14,2000,1.00,1.00
19099,"[PH] Gossip NPC Blood Elf Male, Lunar Festival",18841,1,1,35,0,7,0,1,1.00,1.14,2000,1.00,1.00
19100,"[PH] Gossip NPC Draenei Male, Lunar Festival",18843,1,1,35,0,7,0,1,1.00,1.14,2000,1.00,1.00
19101,"[PH] Gossip NPC Dwarf Male, Lunar Festival",18845,1,1,35,0,7,0,1,1.00,1.14,2000,1.00,1.00
19102,"[PH] Gossip NPC Night Elf Male, Lunar Festival",18868,1,1,35,0,7,0,1,1.00,1.14,2000,1.00,1.00
19103,"[PH] Gossip NPC Orc Male, Lunar Festival",18870,1,1,35,0,7,0,1,1.00,1.14,2000,1.00,1.00
19104,"[PH] Gossip NPC Tauren Male, Lunar Festival",18872,1,1,35,0,7,0,1,1.00,1.14,2000,1.00,1.00
19105,"[PH] Gossip NPC Undead Male, Lunar Festival",18876,1,1,35,0,7,0,1,1.00,1.14,2000,1.00,1.00
19106,"[PH] Gossip NPC, Blood Elf Female",19169,1,1,35,0,7,0,1,1.00,1.14,2000,1.00,1.00
19107,"[PH] Gossip NPC, Draenei Female",19171,1,1,35,0,7,0,1,1.00,1.14,2000,1.00,1.00
19108,"[PH] Gossip NPC, Dwarf Female",19173,1,1,35,0,7,0,1,1.00,1.14,2000,1.00,1.00
19109,"[PH] Gossip NPC, Orc Female",19181,1,1,35,0,7,0,1,1.00,1.14,2000,1.00,1.00
19110,"[PH] Gossip NPC, Undead Female",19187,1,1,35,0,7,0,1,1.00,1.14,2000,1.00,1.00
19111,"[PH] Gossip NPC, Tauren Female",19183,1,1,35,0,7,0,1,1.00,1.14,2000,1.00,1.00
19112,"[PH] Gossip NPC, Night Elf Female",19179,1,1,35,0,7,0,1,1.00,1.14,2000,1.00,1.00
19113,"[PH] Gossip NPC, Blood Elf Male",19170,1,1,35,0,7,0,1,1.00,1.14,2000,1.00,1.00
19114,"[PH] Gossip NPC, Draenei Male",19172,1,1,35,0,7,0,1,1.00,1.14,2000,1.00,1.00
19115,"[PH] Gossip NPC, Dwarf Male",19174,1,1,35,0,7,0,1,1.00,1.14,2000,1.00,1.00
19116,"[PH] Gossip NPC, Night Elf Male",19180,1,1,35,0,7,0,1,1.00,1.14,2000,1.00,1.00
19117,"[PH] Gossip NPC, Orc Male",19182,1,1,35,0,7,0,1,1.00,1.14,2000,1.00,1.00
19118,"[PH] Gossip NPC, Tauren Male",19184,1,1,35,0,7,0,1,1.00,1.14,2000,1.00,1.00
19119,"[PH] Gossip NPC, Undead Male",19188,1,1,35,0,7,0,1,1.00,1.14,2000,1.00,1.00
19121,"[PH] Gossip NPC, Gnome Female",19175,1,1,35,0,7,0,1,1.00,1.14,2000,1.00,1.00
19122,"[PH] Gossip NPC, Gnome Male",19176,1,1,35,0,7,0,1,1.00,1.14,2000,1.00,1.00
19123,"[PH] Gossip NPC, Troll Female",19185,1,1,35,0,7,0,1,1.00,1.14,2000,1.00,1.00
19124,"[PH] Gossip NPC, Troll Male",19186,1,1,35,0,7,0,1,1.00,1.14,2000,1.00,1.00
19125,"[PH] Gossip NPC Gnome Female, Christmas",18798,1,1,35,0,7,0,1,1.00,1.14,2000,1.00,1.00
19126,"[PH] Gossip NPC Gnome Male, Christmas",18799,1,1,35,0,7,0,1,1.00,1.14,2000,1.00,1.00
19127,"[PH] Gossip NPC Troll Female, Christmas",18808,1,1,35,0,7,0,1,1.00,1.14,2000,1.00,1.00
19128,"[PH] Gossip NPC Troll Male, Christmas",18809,1,1,35,0,7,0,1,1.00,1.14,2000,1.00,1.00
19129,"[PH] Gossip NPC Gnome Female, Lunar Festival",18846,1,1,35,0,7,0,1,1.00,1.14,2000,1.00,1.00
19130,"[PH] Gossip NPC Troll Female, Lunar Festival",18873,1,1,35,0,7,0,1,1.00,1.14,2000,1.00,1.00
19131,"[PH] Gossip NPC Gnome Male, Lunar Festival",18847,1,1,35,0,7,0,1,1.00,1.14,2000,1.00,1.00
19132,"[PH] Gossip NPC Troll Male, Lunar Festival",18874,1,1,35,0,7,0,1,1.00,1.14,2000,1.00,1.00
19138,Anchorite Attendant,18548,19,19,1743,0,7,0,1,1.00,1.14,2000,1.00,1.00
19145,Old Horse Trainer,2575,10,10,35,0,7,0,1,1.20,1.14,2000,1.00,1.00
19146,Old Raptor Trainer,2575,10,10,35,0,7,0,1,1.20,1.14,2000,1.00,1.00
19148,Dwarf Commoner,19174,1,1,55,1,7,0,1,1.00,1.14,2000,1.00,1.00
19163,Refugee Kid,19314,1,1,1818,0,7,0,1,1.00,1.14,2000,1.00,1.00
19164,Refugee Child,11873,1,1,1818,0,7,0,1,1.00,0.99,2000,1.00,1.00
19169,Blood Elf Commoner,19169,1,1,1604,3,7,0,1,1.00,1.14,2000,1.00,1.00
19171,Draenei Commoner,19171,1,1,1638,1,7,0,1,1.00,1.14,2000,1.00,1.00
19172,Gnome Commoner,19176,1,1,875,1,7,0,1,1.00,1.14,2000,1.00,1.00
19173,Night Elf Commoner,19180,1,1,80,1,7,0,1,1.00,1.14,2000,1.00,1.00
19175,Orc Commoner,19181,1,1,29,3,7,0,1,1.00,1.14,2000,1.00,1.00
19176,Tauren Commoner,19183,1,1,104,3,7,0,1,1.00,1.14,2000,1.00,1.00
19177,Troll Commoner,19185,1,1,126,3,7,0,1,1.00,1.14,2000,1.00,1.00
19178,Forsaken Commoner,19187,1,1,68,3,7,0,1,1.00,1.14,2000,1.00,1.00
19179,Formation Marker,1126,1,1,35,0,10,0,1,1.00,1.14,2000,1.00,1.00
19198,Invisible Tractor Beam Source,1126,1,1,35,0,10,0,1,1.00,1.14,2000,1.00,1.00
19215,Infernal Relay (Hellfire),1126,1,1,1718,0,10,0,1,6.40,2.86,2000,1.00,1.00
19230,Dark Assault - Legion Portal - Invisible Stalker,1070,1,1,14,0,10,0,1,1.20,1.14,2000,1.00,0.01
19237,Test - Voidwalker Spawn Portal,16874,1,1,14,0,10,0,1,1.00,1.14,2000,1.00,0.01
19297,[PH]Dynamite Target,11686,1,1,954,0,10,0,1,1.00,1.14,2000,1.00,1.00
19325,Barnu Cragcrush,18737,1,1,35,4194305,7,0,1,1.20,1.14,2000,1.00,1.05
19383,Captured Gnome,18792,2,7,714,4224,7,0,1,1.00,1.14,2000,1.00,1.00
19403,Goblin Steam Tonk,15381,1,1,1616,0,9,0,2,1.20,1.14,2000,1.00,2.44
19404,Gnomish Steam Tonk,15381,1,1,1616,0,9,0,2,1.20,1.14,2000,1.00,2.44
19405,Steam Tonk,15381,1,1,1616,0,9,0,2,1.60,0.86,1400,1.00,2.44
19416,Ancient Draenei Spirit,18836,1,70,1194,0,6,0,1,1.00,1.14,2000,1.00,1.00
19421,Netherstorm Crystal Target,18190,1,1,954,0,10,0,1,1.00,1.14,2000,1.00,1.00
19433,CoT Hillsbrad Despawn Trigger Unit,11686,1,1,35,0,10,0,1,1.00,1.14,2000,1.00,1.00
19437,Netherstorm Kneel Target,4626,1,1,954,0,10,0,1,1.00,1.14,2000,1.00,1.00
19439,Netherstorm Work Mining Target,328,1,1,954,0,10,0,1,1.00,1.14,2000,1.00,1.00
19456,Whitebark's Spirit,18901,10,10,16,2,4,0,1,1.00,1.14,1400,1.00,1.30
19463,Orc Skeleton,9786,1,1,21,0,6,0,1,1.20,1.14,2000,1.00,0.50
19482,Sagan,18920,1,1,35,0,8,0,1,1.00,1.14,2000,1.00,1.00
19483,Netherstorm Use Standing Target,328,1,1,954,0,10,0,1,1.00,1.14,2000,1.00,1.00
19484,Netherstorm Repair Target,328,1,1,954,0,10,0,1,1.00,1.14,2000,1.00,1.00
19487,Dragonhawk Mount,17545,1,1,35,0,1,0,1,1.20,1.14,2000,1.00,1.00
19490,World Flying Mount Trainer,2575,10,10,35,0,7,0,1,1.20,1.14,2000,1.00,1.00
19491,World Flying Mount Vendor Alliance,2575,10,10,35,0,7,0,1,1.20,1.14,2000,1.00,1.00
19492,World Flying Mount Vendor Horde,2575,10,10,35,0,7,0,1,1.20,1.14,2000,1.00,1.00
19506,Master Handler Sylvester,17115,1,1,35,0,7,0,1,1.00,1.14,2000,1.00,1.00
19522,Altar of Shattra Scryer Guardpost,3020,1,1,168,0,9,0,1,1.20,1.14,2000,1.00,1.00
19523,O'mrogg's Left Head,11686,1,1,14,0,10,1,1,1.00,1.14,2000,7.50,0.01
19524,O'mrogg's Right Head,11686,1,1,14,0,10,1,1,1.00,1.14,2000,7.50,0.01
19547,Invis Bookshelf,17188,1,1,35,0,10,0,1,1.00,1.14,2000,1.00,1.00
19548,Invis Dresser,17188,1,1,35,0,10,0,1,1.00,1.14,2000,1.00,1.00
19549,Invis Weapon Rack,17188,1,1,35,0,10,0,1,1.00,1.14,2000,1.00,1.00
19550,Invis Footlocker,17188,1,1,35,0,10,0,1,1.00,1.14,2000,1.00,1.00
19552,Goblin Zeppelin,17192,1,1,1616,0,9,0,1,1.20,1.14,2000,1.00,1.00
19636,Draenei Fire Totem,19074,10,10,58,0,11,0,1,1.20,1.14,2000,1.00,1.00
19637,Draenei Earth Totem,19073,6,6,14,0,11,0,1,1.20,1.14,2000,1.00,0.01
19638,Draenei Water Totem,19075,20,20,58,0,11,0,1,1.20,1.14,2000,1.00,0.05
19659,Great Elite Elekk,17906,1,1,1741,0,1,0,1,1.00,1.39,2000,1.00,1.00
19665,Ewe,856,3,3,31,0,8,0,1,1.00,0.86,2000,1.00,0.20
19695,Peasant (Wood) 1.50,19142,1,2,1719,0,7,0,1,1.20,1.14,2000,1.00,1.00
19697,Ha'lei,19144,10,10,35,2,7,0,1,1.00,1.14,2000,1.00,1.00
19702,Aldor Acolyte,18548,19,19,1743,0,7,0,1,1.00,1.14,2000,1.00,1.00
19703,Magtheridon,18783,1,1,35,0,10,0,1,1.12,1.14,2000,1.00,1.00
19711,Mechanar Ripper (UNUSED),19254,1,1,35,0,3,1,1,1.00,1.14,2000,7.50,3.00
19714,Mechanar Pulverizer (UNUSED),19255,1,1,35,0,3,1,1,1.00,1.14,2000,7.50,3.00
19723,Invis BE Ballista,4449,1,1,35,0,10,0,1,1.00,1.14,2000,1.00,1.00
19724,Invis BE Tent,7552,1,1,35,0,10,0,1,1.00,1.14,2000,1.00,1.00
19727,Netherstorm Shoot Target,7907,1,1,954,0,10,0,1,8.00,2.86,2000,1.00,1.00
19750,Chilled Ground,1126,1,1,16,0,10,0,1,1.20,1.14,2000,1.00,1.00
19838,Hellfire Quest - Explosion Visual (DND),16925,1,1,35,0,10,0,1,1.00,0.99,2000,1.00,1.00
19842,Invis KV Defender,17188,1,1,35,0,10,0,1,1.00,1.14,2000,1.00,1.00
19846,[PH] Horn Ghost,16506,1,1,1770,0,6,0,1,1.20,1.14,2000,1.00,1.00
19866,Invis East KV Rune,10811,1,1,35,0,10,0,1,1.00,1.14,2000,1.00,1.00
19867,Invis NE KV Rune,10811,1,1,35,0,10,0,1,1.00,1.14,2000,1.00,1.00
19868,Invis West KV Rune,10811,1,1,35,0,10,0,1,1.00,1.14,2000,1.00,1.00
19869,Snake Trap,16925,1,1,190,0,10,0,1,1.12,1.14,2000,1.00,1.00
19870,Invis KV Shield Generator,1126,1,1,35,0,10,0,1,1.00,1.14,2000,1.00,1.00
19913,Area 52 Spotlight,16946,1,1,114,0,10,0,1,1.00,1.14,2000,1.00,1.35
19916,Archmage's Ritual Crystal,19258,1,1,35,0,10,0,1,1.00,1.00,1400,1.00,1.00
19924,Invis Ritual Crystal,17188,1,1,35,0,10,0,1,1.00,1.14,1400,1.00,1.00
19939,Netherstorm Nether Beast Target,328,1,1,954,0,10,0,1,1.00,1.14,2000,1.00,1.00
19941,Sagan (Skunk Form),19437,1,1,35,0,8,0,1,1.20,1.14,2000,1.00,1.00
20000,Alexander!,30404,1,1,14,0,7,0,1,1.20,1.14,2000,1.00,15.87
20003,Blade's Edge Kneel Target 01,4626,1,1,954,0,10,0,1,1.00,1.14,2000,1.00,1.00
20023,Blade's Edge Kneel Target 02,4626,1,1,954,0,10,0,1,1.00,1.14,2000,1.00,1.00
20024,Blade's Edge Kneel Target 03,4626,1,1,954,0,10,0,1,1.00,1.14,2000,1.00,1.00
20025,Sable Jaguar Specimen,18416,1,1,16,0,1,0,1,1.00,1.14,1000,1.00,1.50
20029,Thalassian Warhorse,19296,1,2,35,0,1,0,1,1.12,1.14,2000,1.00,1.00
20030,Thalassian Charger,19085,1,2,35,0,1,0,1,1.00,1.14,2000,1.00,1.00
20055,Tarren Mill Peasant Specimen,19305,15,15,12,0,7,0,1,0.67,1.14,2000,1.00,1.00
20072,Cobalt War Talbuk,19375,1,2,35,0,1,0,1,1.00,1.39,2000,1.00,1.00
20074,Riding Talbuk (Elite),19221,1,2,35,0,1,0,1,1.20,1.14,2000,1.00,1.00
20085,Infernal Invasion Hero Say Director,1061,1,1,35,0,10,0,1,1.00,1.14,2000,1.00,1.00
20093,Blade's Edge - Arakkoa Spell Origin,4626,1,1,954,0,10,0,1,1.00,1.14,2000,1.00,1.00
20094,Arakkoa Test Summon Bird,16881,1,1,7,0,1,0,1,1.00,1.14,2000,1.00,1.00
20098,Jane,19315,1,1,1604,0,7,0,1,1.00,0.99,2000,1.00,1.00
20099,Kate,19335,1,1,1638,0,7,0,1,1.20,1.14,2000,1.00,1.00
20100,Jessel,19336,13,13,1604,0,7,0,1,1.00,1.14,2000,1.00,1.00
20102,Goblin Commoner,19340,1,1,35,3,7,0,1,1.00,1.14,2000,1.00,1.00
20103,"[PH] Gossip NPC Goblin Female, Christmas",19339,1,1,35,0,7,0,1,1.20,1.14,2000,1.00,1.00
20104,"[PH] Gossip NPC, Goblin Female",19340,1,1,35,0,7,0,1,1.20,1.14,2000,1.00,1.00
20105,"[PH] Gossip NPC Goblin Female, Lunar Festival",19341,1,1,35,0,7,0,1,1.20,1.14,2000,1.00,1.00
20106,"[PH] Gossip NPC Goblin Male, Lunar Festival",21067,1,1,35,0,7,0,1,1.20,1.14,2000,1.00,1.00
20107,"[PH] Gossip NPC, Goblin Male",19343,1,1,35,0,7,0,1,1.20,1.14,2000,1.00,1.00
20133,Image of Socrethar,19359,1,1,90,0,3,1,1,0.89,0.91,2000,1.70,1.00
20148,Dead Doomguard,16269,1,1,90,0,3,0,8,1.00,1.14,2000,1.00,1.00
20149,Dark War Talbuk,19303,1,2,35,0,1,0,1,1.12,1.14,2000,1.00,1.00
20150,Tan War Talbuk,19376,1,2,35,0,1,0,1,1.12,1.14,2000,1.00,1.00
20151,White War Talbuk,19377,1,2,35,0,1,0,1,1.12,1.14,2000,1.00,1.00
20152,Silver War Talbuk,19378,1,2,35,0,1,0,1,1.12,1.14,2000,1.00,1.00
20153,Invis Teleporter,17188,1,1,35,0,10,0,1,1.00,1.14,2000,1.00,1.00
20166,Coilfang Periodic Bat Trigger (1),1126,1,1,35,0,10,0,1,1.20,1.14,2000,1.00,1.35
20167,Coilfang Underbog Hydra Trigger (1),1126,1,1,35,0,10,0,1,1.20,1.14,2000,1.00,1.35
20172,[UNUSED] Lykul Larva (1),9749,1,1,35,0,10,0,1,1.00,1.14,2000,1.00,1.00
20200,Netherstorm Battlemaster,10186,1,1,1735,0,7,0,1,1.20,1.14,2000,1.00,1.00
20206,Fei Fei,19422,1,1,1732,2,1,0,1,1.00,1.14,2000,1.00,1.00
20212,World Trigger (Horde Friendly + Invis Man),169,1,1,714,0,10,0,1,1.00,0.99,2000,1.00,1.35
20213,World Trigger (Alliance Friendly + Invis Man),15435,1,1,534,0,10,0,1,1.00,0.99,2000,1.00,1.35
20227,Apprentice Tedon,19509,4,4,1638,1,7,0,1,1.00,1.14,2000,1.00,1.00
20233,Apprentice Vishael,19510,4,4,1638,3,7,0,1,1.00,1.14,2000,1.00,1.00
20239,Neutralizing Emote Placeholder,11686,1,1,35,0,10,0,1,1.00,1.14,2000,1.00,1.00
20244,Nova,19315,1,1,1604,0,7,0,1,1.00,0.99,2000,1.00,1.00
20245,Mr. Kitty,9989,3,3,188,0,12,0,1,1.00,1.14,2000,1.00,1.00
20246,Manny,9990,1,1,188,0,12,0,1,1.00,1.14,2000,1.00,1.00
20247,Kitty,5556,1,1,188,0,12,0,1,1.00,1.14,2000,1.00,1.00
20277,Root Lasher,19006,1,2,7,0,4,0,1,1.20,1.14,2000,1.00,1.00
20282,Pat's Vendor Test Guy,15958,1,1,35,0,7,0,1,1.00,1.14,2000,1.00,1.00
20286,Illadari Point - Succubi Spell Orgin 001,4626,1,1,954,0,10,0,1,1.00,1.14,2000,1.00,1.00
20288,Illadari Point - Succubi Caster Position 01,4626,1,1,954,0,10,0,1,1.00,1.14,2000,1.00,1.00
20289,Illadari Point - Succubi Caster Position 02,4626,1,1,954,0,10,0,1,1.00,1.14,2000,1.00,1.00
20314,Pool of Souls (1),11686,1,1,16,0,10,0,1,1.12,1.14,1400,1.00,1.08
20351,Captain Sanders,19549,18,18,35,0,7,0,2,1.00,1.14,2000,4.60,1.00
20352,Arcanist Doan,19550,20,20,35,0,7,0,2,1.00,1.14,2000,4.60,1.00
20356,Willey,79,12,12,35,0,7,0,1,1.20,1.14,2000,1.00,1.00
20357,Sally Whitemane,80,14,14,35,0,7,0,2,1.00,1.14,2000,4.60,1.00
20358,Renault Mograine,79,12,12,35,0,7,0,2,1.00,1.14,2000,4.60,1.00
20359,Little Jimmy Vishas,262,6,6,35,0,7,0,2,1.00,1.14,2000,1.00,1.00
20360,Herod the Bully,19619,16,16,35,0,7,0,2,1.00,1.14,2000,4.60,1.00
20361,Taelan,338,18,18,35,0,7,0,2,1.00,1.14,2000,4.60,1.00
20364,Darla Harris OH,257,11,11,35,0,7,0,1,1.20,1.14,2000,1.00,1.00
20366,Darren Malvew OH,79,9,9,35,0,7,0,1,1.20,1.14,2000,1.00,1.00
20367,Robby Aebischer,221,9,9,35,0,7,0,1,1.20,1.14,2000,1.00,1.00
20368,Farmer Kent,19558,20,20,35,0,7,0,1,1.00,1.14,2000,4.60,1.00
20371,Wesley OH,79,12,12,35,0,7,0,1,1.20,1.14,2000,1.00,1.00
20375,Neema OH,80,1,1,35,0,7,0,1,1.20,1.14,2000,1.00,1.00
20379,Bilger the Straight-laced,19567,20,20,35,0,7,0,1,1.00,1.14,2000,4.60,1.00
20391,Event Generator Old Hillsbrad,10811,1,1,35,0,10,0,1,1.00,1.14,2000,1.00,1.00
20392,Boom Bot Target,7380,1,1,14,0,9,0,1,1.00,1.14,2000,1.00,1.00
20396,Captured Critter,1418,1,1,35,0,8,0,1,1.00,1.14,2000,1.00,1.00
20398,Reanimated Critter,1418,1,1,7,0,8,0,1,1.12,1.14,2000,1.00,1.00
20400,Captain Edward Hanes,127,16,16,35,0,7,0,2,1.00,1.14,2000,4.60,1.00
20401,Frances Lin,232,15,15,35,0,7,0,8,1.00,1.14,2000,4.60,1.00
20408,Mana Wyrmling,19600,1,1,188,0,12,0,1,1.00,1.14,2000,1.00,1.00
20411,Spectral Bovine,19603,5,5,190,0,8,0,1,1.00,0.86,2000,1.00,0.01
20412,Test Gem Tiger,19607,2,2,7,0,1,0,1,1.00,1.14,2000,1.00,1.00
20418,Duro Control Console,16480,1,1,114,0,10,0,1,1.00,1.14,2000,1.00,1.35
20424,Hillsbrad Peasant,341,10,12,35,0,7,0,1,0.67,1.14,2000,4.60,1.00
20426,Hillsbrad Citizen,103,12,32,35,0,7,0,8,1.00,1.14,2000,4.60,1.00
20431,Eclipse Point - Bloodcrystal Spell Orgin,4626,1,1,954,0,10,0,1,1.00,1.14,2000,1.00,1.00
20432,Beggar,428,2,2,35,0,7,0,1,1.00,1.14,2000,4.60,1.00
20433,Hillsbrad Farmer,211,5,6,35,0,7,0,1,1.00,1.14,2000,4.60,1.00
20434,Horse,239,1,2,35,0,7,0,1,1.00,1.29,2000,4.60,1.00
20441,Natasha Morris,257,10,10,35,0,7,0,1,1.00,1.14,2000,4.60,1.00
20455,Terror Totem,15221,1,1,14,0,11,0,1,1.00,0.99,2000,1.00,1.00
20469,Invis Bessy Credit,17188,1,1,35,0,10,0,1,1.20,1.14,2000,1.00,1.00
20472,Brown Rabbit,4626,1,1,188,0,12,0,1,1.00,1.14,2000,1.00,1.00
20522,CoT Hillsbrad Despawn Trigger Unit (1),11686,1,1,35,0,10,0,1,1.12,1.14,1400,1.00,1.00
20544,Skarloc's Mount (1),18223,1,1,14,0,1,0,1,1.12,1.14,1400,1.00,1.35
20550,Young Thrall (Equipped) (1),18165,1,1,1747,0,7,0,1,1.20,1.14,2000,1.00,20.00
20560,Arakkoa Ward,16723,1,1,190,0,1,0,1,1.20,1.14,2000,1.00,1.00
20562,Invisible Stalker (Scale x5),14501,1,1,35,0,10,0,1,1.00,1.14,2000,1.00,1.00
20572,O'mrogg's Left Head (1),11686,1,1,14,0,10,1,1,1.48,1.14,1400,13.00,0.01
20573,O'mrogg's Right Head (1),11686,1,1,14,0,10,1,1,1.48,1.14,1400,13.00,0.01
20598,Wild Shadow Fissure (1),15294,1,1,14,0,10,0,1,1.12,1.14,1400,1.00,1.35
20617,Red Crystal Trigger,17035,1,1,35,0,10,0,1,1.00,1.14,2000,1.00,1.00
20635,Razaani Light Orb,17200,1,1,35,0,10,0,1,0.80,2.00,2000,1.00,1.00
20654,Invisible Target (1),21584,1,1,954,0,10,0,1,1.12,1.14,2000,5.90,1.35
20675,Legion Hold - Infernal Dummy,4626,1,1,954,0,10,0,1,1.20,1.14,2000,1.00,1.00
20707,Human Male Illusion,19723,1,1,35,0,7,0,1,1.20,1.14,2000,1.00,1.00
20708,Human Female Illusion,19724,1,1,35,0,7,0,1,1.20,1.14,2000,1.00,1.00
20716,"Outland Raptor, Black",19732,1,1,1078,0,1,0,1,1.20,1.14,2000,1.00,1.00
20717,"Outland Raptor, Blue",19733,1,1,7,0,1,0,1,1.20,1.14,2000,1.00,1.00
20718,"Outland Raptor, Green",19734,1,1,7,0,1,0,1,1.20,1.14,2000,1.00,1.00
20719,"Outland Raptor, Red",19735,1,1,7,0,1,0,1,1.20,1.14,2000,1.00,1.00
20720,"Outland Raptor, Yellow",19736,1,1,7,0,1,0,1,1.20,1.14,2000,1.00,1.00
20725,Bat,4732,1,1,188,0,8,0,1,1.20,1.14,2000,1.00,0.20
20736,Blade's Edge - Legion - Invis Bunny,4626,1,1,954,0,10,0,1,1.00,1.14,2000,1.00,1.00
20755,Ethereum Energy Cell,1126,1,1,35,0,10,0,1,4.00,1.14,2000,1.00,1.00
20764,Ethereum Target,10811,1,1,35,0,10,0,1,1.00,1.14,2000,1.00,1.00
20767,Mana Bomb Explosion Trigger,17035,1,1,35,0,10,0,1,1.00,1.14,2000,1.00,1.00
20769,Salaadin's Energy Ball,14501,1,1,35,0,10,0,1,4.00,1.14,2000,1.00,1.00
20771,Razaani Light Orb - Mini,1126,1,1,35,0,10,0,1,0.80,2.00,2000,1.00,1.00
20781,Seed of Revitalization Target Trigger,17035,1,1,35,0,10,0,1,1.00,1.14,2000,1.00,1.00
20782,Ethereum Archon Energy Cell,1126,1,1,35,0,10,0,1,4.00,1.14,2000,1.00,1.00
20797,Deviate Coiler Hatchling,19793,11,11,14,0,1,0,1,1.00,1.14,2000,1.00,1.00
20804,Netherstorm Moarg Work Target,2581,1,1,954,0,10,0,1,1.00,1.14,2000,1.00,1.00
20809,Mana Bomb Channel Trigger,17035,1,1,35,0,10,0,1,1.00,1.14,2000,1.00,1.00
20813,"Zeth'Gor Quest Credit Marker, Barracks",1061,1,1,35,0,10,0,1,1.00,0.99,2000,1.00,1.00
20814,"Zeth'Gor Quest Credit Marker, Stable",1061,1,1,35,0,10,0,1,1.00,0.99,2000,1.00,1.00
20815,"Zeth'Gor Quest Credit Marker, East Hovel",1061,1,1,35,0,10,0,1,1.00,0.99,2000,1.00,1.00
20816,"Zeth'Gor Quest Credit Marker, West Hovel",1061,1,1,35,0,10,0,1,1.00,0.99,2000,1.00,1.00
20845,Blade's Edge - Deadsoul Orb,1126,1,1,35,0,10,0,1,0.80,2.00,2000,1.00,1.00
20863,Pet Book DEM,1126,1,1,35,0,10,0,1,1.20,1.14,2000,1.00,1.00
20894,Miihi,19144,1,1,1818,0,7,0,1,1.00,1.14,2000,1.00,1.00
20895,Miiji,19335,1,1,1818,0,7,0,1,1.00,1.00,2000,1.00,1.00
20914,Aalun,16726,14,14,1638,83,7,0,1,1.00,1.14,2000,1.00,1.00
20926,Coilfang Door Controller,1126,1,1,35,0,10,0,1,1.00,1.14,2000,4.60,1.00
20979,Stormwind Flavor - Alliance Portal - Invisible Stalker,5561,1,1,14,0,10,0,1,1.20,1.14,2000,1.00,0.01
20982,Invis Talbuk Credit,4449,1,1,35,0,10,0,1,1.12,1.14,2000,1.00,1.00
20991,Invis Dome Caster,17188,1,1,35,0,10,0,1,1.20,1.14,2000,1.00,1.00
21008,Yellow Moth,19985,1,1,188,0,12,0,1,1.00,1.14,2000,1.00,1.00
21009,Red Moth,19986,1,1,188,0,12,0,1,1.00,1.14,2000,1.00,1.00
21010,Blue Moth,19987,1,1,188,0,12,0,1,1.00,1.14,2000,1.00,1.00
21011,Voodoo Chest,7804,1,1,190,0,10,0,1,1.20,1.14,2000,1.00,1.00
21018,White Moth,19999,1,1,188,0,12,0,1,1.00,1.14,2000,1.00,1.00
21025,Blade's Edge - Nexus Prince Event - Orb01,1126,1,1,35,0,10,0,1,0.80,2.00,2000,1.00,1.00
21034,Boar Piglet,20008,1,1,31,0,8,0,1,1.20,1.14,2000,1.00,0.20
21036,Red Scorpid,20009,1,1,188,0,1,0,1,1.20,1.14,2000,1.00,1.00
21037,Black Scorpid,20010,1,1,188,0,1,0,1,1.20,1.14,2000,1.00,1.00
21038,Golden Scorpid,20014,1,1,188,0,1,0,1,1.20,1.14,2000,1.00,1.00
21039,Mana Bomb Kill Credit Trigger,17035,1,1,35,0,10,0,1,1.00,1.14,2000,1.00,1.00
21043,Blue Scorpid,20015,1,1,188,0,1,0,1,1.20,1.14,2000,1.00,1.00
21055,Golden Dragonhawk Hatchling,20026,1,1,188,0,12,0,1,1.00,1.14,2000,1.00,1.00
21056,Blue Dragonhawk Hatchling,20029,1,1,188,0,12,0,1,1.00,1.14,2000,1.00,1.00
21063,Silver Dragonhawk Hatchling,20037,1,1,188,0,12,0,1,1.00,1.14,2000,1.00,1.00
21064,Red Dragonhawk Hatchling,20027,1,1,188,0,12,0,1,1.00,1.14,2000,1.00,1.00
21067,Outland Wrathguard Black,19597,1,1,14,0,3,0,1,1.20,1.14,2000,1.00,1.00
21068,Outland Wrathguard Green,20040,1,1,14,0,3,0,1,1.20,1.14,2000,1.00,1.00
21069,Outland Wrathguard Red,20041,1,1,14,0,3,0,1,1.20,1.14,2000,1.00,1.00
21070,Outland Wrathguard Pink,17542,1,1,14,0,3,0,1,1.20,1.14,2000,1.00,1.00
21076,Firefly,20042,1,1,188,0,12,0,1,1.00,1.14,2000,1.00,1.00
21119,Doomsaw,1126,1,1,35,0,10,0,1,2.80,1.43,2000,1.00,1.00
21120,Doomsaw Target,1126,1,1,35,0,10,0,1,1.00,1.14,2000,1.00,1.00
21121,Bonechewer Quest credit marker,1855,1,1,35,0,10,0,1,1.20,1.14,2000,1.00,1.00
21145,Little Azimi,20109,20,20,1638,641,7,0,1,1.00,1.14,2000,1.00,1.00
21159,Containment Beam,21584,1,1,954,0,10,0,1,1.00,1.14,2000,4.60,1.00
21173,"Zeth'Gor Quest Credit Marker, They Must Burn",17202,1,1,35,0,10,0,1,1.00,0.99,2000,1.00,1.00
21182,"Zeth'Gor Quest Credit Marker, They Must Burn, Tower South",17202,1,1,35,0,10,0,1,1.00,0.99,2000,1.00,1.00
21186,Arcane Warder Target,1126,1,1,1736,0,10,0,1,1.00,1.14,2000,4.60,1.00
21191,Designer Island Murloc Hunter [PH],540,16,17,18,0,7,0,1,1.20,1.14,2000,1.00,1.00
21203,Blade's Edge - Rock Flayer Target,4626,1,1,954,0,10,0,1,1.00,1.14,2000,1.00,1.00
21206,Designer Island Murloc Boss [PH],5306,20,22,18,0,7,0,1,1.20,1.14,2000,1.00,1.00
21208,Designer Island Murloc Warrior [PH],1305,15,16,18,0,7,0,1,1.20,1.14,2000,1.00,1.00
21210,Invis Deathforge Caster,4449,1,1,35,0,10,0,2,1.00,1.14,2000,1.00,1.00
21211,Invis Deathforge Target,10811,1,1,190,0,10,0,2,1.00,1.14,2000,1.00,1.00
21234,Blade's Edge Invisible Stalker,1126,1,1,35,0,10,0,1,1.00,1.14,2000,1.00,1.00
21236,Invis Horde Siege Engine - West 02,7907,1,1,190,0,10,0,1,1.00,1.14,2000,1.00,1.00
21237,Invis Horde Siege Engine - East 02,7907,1,1,190,0,10,0,1,1.00,1.14,2000,1.00,1.00
21247,Oronok's Chicken,5369,1,1,31,0,8,0,1,1.20,1.14,2000,1.00,0.01
21250,Pink Elekk,22732,5,5,35,0,1,0,1,1.12,1.14,2000,1.00,1.00
21266,Ravager Hatchling,20155,1,1,188,0,12,0,1,1.00,1.14,2000,1.00,1.00
21281,Designer Island Gnome Spell Target,4626,1,1,954,0,10,0,1,1.20,1.14,2000,1.00,1.00
21290,Arcane Explosion,1126,1,1,1692,0,10,0,1,1.00,1.14,2000,1.00,1.00
21297,Invis Invisibility Caster,4449,1,1,35,0,10,0,1,1.20,1.14,2000,1.00,1.00
21317,Aimi,19335,1,1,1818,0,7,0,1,1.00,1.00,2000,1.00,1.00
21333,[PH]Test Skunk,16633,1,1,35,0,8,0,1,1.00,1.14,2000,1.00,0.20
21341,Victor,221,4,4,35,0,7,0,2,1.00,1.14,2000,4.60,1.00
21342,Alex,338,4,4,35,0,7,0,2,1.00,1.14,2000,4.60,1.00
21343,Harvey,251,4,4,35,0,7,0,2,1.00,1.14,2000,4.60,1.00
21344,Phil,262,4,4,35,0,7,0,2,1.00,1.14,2000,4.60,1.00
21345,Hugh,221,4,4,35,0,7,0,2,1.00,1.14,2000,4.60,1.00
21354,Fiery Warhorse,19250,1,2,35,0,6,0,1,0.91,1.14,2000,1.00,0.70
21360,Terokkar - Bone Wastes - Nether Orb Blue,1126,1,1,35,0,10,0,1,1.20,1.14,2000,1.00,1.00
21365,Floating Skull,7907,1,1,35,0,10,0,1,0.16,1.14,2000,1.00,1.00
21376,Crusty Bob,16259,1,1,188,0,1,0,1,1.00,1.14,2000,1.00,1.00
21391,Scarab Bunny,7907,1,1,35,0,10,0,1,1.00,0.99,2000,1.00,1.00
21393,Cannon Channeler,20292,1,1,35,0,10,0,1,1.00,0.99,2000,1.00,1.00
21394,Cannon Channel Target,20292,1,1,35,0,10,0,1,1.12,1.14,2000,1.00,1.00
21403,Invis Legion Hold Caster,10811,1,1,35,0,10,0,2,1.00,1.14,2000,1.00,1.00
21413,Gnome Cannon Shooter #1,15435,1,1,35,0,10,0,1,1.00,0.99,2000,1.00,1.00
21417,Invis Infernal Caster,10811,1,1,35,0,10,0,2,1.00,1.14,2000,1.00,1.00
21418,Invis Infernal Target,10811,1,1,35,0,10,0,1,1.20,1.14,2000,1.00,1.00
21422,Blade's Edge - Toshley's - Invisible Stalker - Atk Target,1126,1,1,35,0,10,0,1,1.00,1.14,2000,1.00,1.00
21424,Terokkar - Bone Wastes - Draenei Soul,20287,1,1,35,0,10,0,1,0.80,2.00,2000,1.00,1.00
21434,Gordie,79,12,12,35,0,7,0,1,1.00,1.14,2000,1.00,50.00
21436,Tempest Keep Prison Alpha Pod Target,1126,1,1,954,0,10,0,1,1.00,1.14,2000,4.60,1.00
21437,Tempest Keep Prison Beta Pod Target,1126,1,1,954,0,10,0,1,1.00,1.14,2000,4.60,1.00
21438,Tempest Keep Prison Delta Pod Target,1126,1,1,954,0,10,0,1,1.00,1.14,2000,4.60,1.00
21439,Tempest Keep Prison Gamma Pod Target,1126,1,1,954,0,10,0,1,1.00,1.14,2000,4.60,1.00
21440,Tempest Keep Prison Boss Pod Target,1126,1,1,954,0,10,0,1,1.00,1.14,2000,4.60,1.00
21445,Bone Wastes - White Nether Orb,1126,1,1,35,0,10,0,1,0.80,2.00,2000,1.00,1.00
21447,Blade's Edge - Toshley's - Def Gun Attack Origin,4626,1,1,1802,0,10,0,1,1.00,1.14,2000,1.00,1.00
21464,Ethereal Construct,19251,1,1,190,0,7,0,1,1.12,1.14,2000,1.00,3.00
21470,Angered Arakkoa Protector,20300,11,11,1738,0,1,0,1,1.12,1.14,2000,1.00,0.50
21473,Bone Wastes - Beam Target 01,1126,1,1,35,0,10,0,1,1.20,1.14,2000,1.00,1.00
21490,Horde Transporter Malfunction,20322,1,1,35,0,7,0,1,1.20,1.14,2000,1.00,1.00
21491,Alliance Transporter Malfunction,20323,1,1,35,0,7,0,1,1.20,1.14,2000,1.00,1.00
21510,Swift Nether Drake,20344,10,10,35,0,2,0,1,1.00,1.14,2000,1.00,1.00
21511,[DND]Kaliri Aura Dispel,11686,1,1,35,0,10,0,1,1.20,1.14,2000,1.00,1.00
21512,Invis Legion Hold Glyph,4449,1,1,35,0,10,0,2,1.00,1.14,2000,1.00,1.00
21529,Mechanar Pulverizer (UNUSED) (1),19255,1,1,35,0,3,1,1,1.00,1.14,2000,13.00,3.00
21530,Mechanar Ripper (UNUSED) (1),19254,1,1,35,0,3,1,1,1.00,1.14,2000,13.00,3.00
21584,Arcane Explosion (1),1126,1,1,1692,0,10,0,1,1.12,1.14,1400,1.00,1.00
21629,Box,4449,1,1,190,0,10,0,1,1.20,1.14,2000,1.00,1.00
21632,Nether Cloud,10812,1,1,35,0,10,0,1,0.80,2.00,2000,1.00,1.00
21659,Floaty Flavor Eye,2421,1,1,188,0,10,0,1,1.00,1.43,2000,1.00,1.00
21791,Skettis Kneel Target 01,4626,1,1,954,0,10,0,1,1.00,1.14,2000,1.00,1.00
21792,Skettis Kneel Target 02,4626,1,1,954,0,10,0,1,1.00,1.14,2000,1.00,1.00
21793,Skettis Kneel Target 03,4626,1,1,954,0,10,0,1,1.00,1.14,2000,1.00,1.00
21794,Skettis Arakkoa Spell Origin 01,4626,1,1,954,0,10,0,1,1.00,1.14,2000,1.00,1.00
21807,Invis Legion Teleporter,4449,1,1,35,0,10,0,2,1.00,1.14,2000,1.00,1.00
21819,Blade's Edge - Toshley's - Invisible Stalker - Def Gun Target,1126,1,1,35,0,10,0,1,1.00,1.14,2000,1.00,1.00
21829,Alliance Logger w/ Out Wood,20488,9,13,12,0,7,0,1,1.00,1.14,2000,1.00,1.00
21850,"Outland Nether Ray, Red",19406,1,1,7,0,1,0,1,1.20,1.14,2000,1.00,1.00
21851,The Voice of the Raven God,11686,1,1,35,0,10,0,1,1.00,1.14,2000,1.00,1.00
21855,Skettis Arakkoa Spell Origin 02,20781,1,1,954,0,10,0,1,1.00,1.14,2000,1.00,1.00
21856,Skettis Kneel Target 04,4626,1,1,954,0,10,0,1,1.00,1.14,2000,1.00,1.00
21862,Dark Portal Dummy 1.30,20559,1,1,1683,0,10,1,2,1.00,1.14,2000,7.50,1.00
21880,Exploding Rune,1126,20,20,1620,0,10,0,1,1.00,1.14,2000,1.00,1.00
21881,Blood Elf Male Illusion,20578,1,1,35,0,7,0,1,1.20,1.14,2000,1.00,1.00
21882,Blood Elf Female Illusion,20579,1,1,35,0,7,0,1,1.20,1.14,2000,1.00,1.00
21883,Gnome Male Illusion,20580,1,1,35,0,7,0,1,1.20,1.14,2000,1.00,1.00
21884,Gnome Female Illusion,20581,1,1,35,0,7,0,1,1.20,1.14,2000,1.00,1.00
21885,Goblin Male Illusion,20582,1,1,35,0,7,0,1,1.20,1.14,2000,1.00,1.00
21886,Goblin Female Illusion,20583,1,1,35,0,7,0,1,1.20,1.14,2000,1.00,1.00
21887,Tauren Female Illusion,20584,1,1,35,0,7,0,1,1.20,1.14,2000,1.00,1.00
21888,Tauren Male Illusion,20585,1,1,35,0,7,0,1,1.20,1.14,2000,1.00,1.00
21893,Altruis Conversation Credit,11686,1,1,35,0,10,0,1,1.00,1.14,2000,1.00,1.00
21898,Mana Bomb Lightning Trigger,17035,1,1,35,0,10,0,1,1.00,1.14,2000,1.00,1.00
21899,Mana Bomb Lightning Target,17035,1,1,35,0,10,0,1,1.00,1.14,2000,1.00,1.00
21903,Nether Cloud01,10812,1,1,35,0,10,0,1,0.80,2.00,2000,1.00,1.00
21921,Chess - Sound Bunny,328,1,1,35,0,10,0,1,1.00,1.14,2000,1.00,1.00
21922,Talbuk,20605,5,5,188,0,8,0,1,1.12,1.14,2000,1.00,1.00
21930,Gnome Cannon Shooter #0,3441,1,1,35,0,10,0,1,1.00,0.99,2000,1.00,1.00
21935,Gnome Cannon Shooter #Shattrath,3441,1,1,35,0,10,0,1,1.00,0.99,2000,1.00,1.00
21939,Invis Illidari Blade Target,4449,1,1,35,0,10,0,1,1.00,1.14,2000,1.00,1.00
21940,Invis Illidari Bane Caster,4449,1,1,35,0,10,0,1,1.00,1.14,2000,1.00,1.00
21942,Gnome Cannon Shooter #Singing Ridge,3441,1,1,35,0,10,0,1,1.00,0.99,2000,1.00,1.00
21944,Gnome Cannon Shooter #Ruuan,3441,1,1,35,0,10,0,1,1.00,0.99,2000,1.00,1.00
21946,Gnome Spirit Orb,10811,1,1,35,0,10,0,1,0.80,2.00,2000,1.00,1.00
21957,Terokkar Forest - Shadow Council Invisible Stalker,1126,1,1,35,0,10,0,1,1.00,1.14,2000,1.00,1.00
21967,Auchenai Death-Spirit,1126,1,1,35,0,10,0,1,1.00,1.14,2000,1.00,1.00
21992,Strength of Earth Totem,19073,20,20,58,0,11,0,1,1.12,1.14,2000,1.00,0.05
21994,Stoneskin Totem,19073,4,4,58,0,11,0,1,1.20,1.14,2000,1.00,0.05
21995,Searing Totem,19074,20,20,58,0,11,0,1,1.12,1.14,2000,1.00,1.00
22005,Tem,11029,5,5,83,0,1,0,1,1.25,1.14,2000,1.00,1.00
22014,Silvermoon Citizen,16693,6,6,1604,0,10,0,1,1.00,1.14,2000,1.00,1.00
22021,O'Mally's Instrument Bunny,1126,1,1,35,0,10,0,1,1.00,0.99,2000,1.00,1.00
22027,Nether Drakonid (Black),20726,1,1,16,0,2,1,1,0.45,1.14,2000,7.50,4.00
22057,Coilfang Raid Control Emote Stalker,1126,1,1,35,0,10,0,1,1.00,1.14,2000,1.00,0.70
22060,Fenissa the Assassin,20771,18,18,14,0,7,4,1,1.00,1.14,2000,1.00,1.80
22062,Dr. Whitherlimb,16176,18,18,14,0,6,4,1,1.00,1.14,2000,1.00,1.50
22109,Skald Bunny,19368,1,1,35,0,10,0,1,1.20,1.14,2000,1.00,1.00
22111,Zeth'Gor Must Burn Bunny,11686,1,1,35,0,10,0,1,1.20,1.14,2000,1.00,1.00
22116,[DND]Whisper Spying Credit Marker 1,11686,1,1,35,0,10,0,1,1.00,1.14,2000,1.00,1.00
22117,[DND]Whisper Spying Credit Marker 2,11686,1,1,35,0,10,0,1,1.20,1.14,2000,1.00,1.00
22118,[DND]Whisper Spying Credit Marker 3,11686,1,1,35,0,10,0,1,1.20,1.14,2000,1.00,1.00
22139,Invis Arakkoa Target,4449,1,1,35,0,10,0,1,1.00,1.14,2000,1.00,1.00
22152,Ruuan Weald Wisp,17607,1,1,1660,0,8,0,1,1.20,1.14,2000,1.00,1.00
22177,Eye of Grillok Quest Credit Bunny,7907,1,1,35,0,10,0,1,1.00,1.14,2000,1.00,1.00
22228,Flame Wave II,1126,1,1,1692,0,10,0,1,1.00,2.29,2000,1.00,1.00
22260,Magic Sucker Device Spawner,11686,1,1,35,0,10,0,1,1.00,1.14,2000,1.00,1.00
22267,Magic Sucker Device Buttress,11686,1,1,35,0,10,0,1,1.00,1.14,2000,1.00,1.00
22279,Nadja,20905,1,1,35,0,7,0,1,1.00,1.14,2000,1.00,1.35
22280,Soren,20906,1,1,35,0,7,0,1,1.00,1.14,2000,1.00,1.35
22288,Terokkar Quest Target,20927,1,1,954,0,10,0,1,1.00,1.14,2000,1.00,1.00
22296,<NOT USED>Mystery Mask Summon Bunny,17519,1,1,35,0,10,0,1,1.00,1.14,2000,1.00,1.00
22306,Skittering Cavern Crawler,20923,1,1,188,0,8,0,1,1.00,1.14,2000,1.00,1.00
22314,Captive Child,19335,1,1,188,0,7,0,1,1.00,1.00,2000,1.00,1.00
22328,Toy RC Mortar Tank,15382,1,1,35,0,12,0,1,1.00,1.14,2000,1.00,1.00
22334,Shattered Hand Orc,18857,1,1,35,0,10,0,1,1.20,1.14,2000,1.00,1.00
22340,Terokkar Arakkoa Fly Target,20927,1,1,954,0,10,0,1,1.00,1.14,2000,1.00,1.00
22349,[DND]Green Spot Grog Keg Relay,11686,1,1,35,0,10,0,1,1.20,1.14,2000,1.00,1.00
22356,[DND]Green Spot Grog Keg Credit,11686,1,1,35,0,10,0,1,1.00,1.14,2000,1.00,1.00
22365,Ethan,7935,1,1,1818,2,7,0,1,1.00,1.14,2000,1.00,1.00
22366,Demoniac Visitation,11686,1,1,35,0,10,0,1,1.00,1.14,2000,1.00,1.00
22367,[DND]Ripe Moonshine Keg Credit,11686,1,1,35,0,10,0,1,1.00,1.14,2000,1.00,1.00
22368,[DND]Fermented Seed Beer Keg Credit,11686,1,1,35,0,10,0,1,1.00,1.14,2000,1.00,1.00
22371,Terokkar Forest Ground Shaker Bunny,7804,1,1,188,0,10,0,1,1.00,1.14,2000,1.00,1.00
22379,Serpentshrine Parasite,15133,1,1,14,0,1,0,1,1.00,1.14,2000,1.00,0.07
22395,[PH]Altar of Shadows target,4449,1,1,35,0,10,0,1,1.00,1.14,2000,1.00,1.00
22401,"Zeth'Gor Quest Credit Marker, They Must Burn, Tower North",17202,1,1,35,0,10,0,1,1.00,0.99,2000,1.00,1.00
22402,"Zeth'Gor Quest Credit Marker, They Must Burn, Tower Forge",17202,1,1,35,0,10,0,1,1.00,0.99,2000,1.00,1.00
22403,"Zeth'Gor Quest Credit Marker, They Must Burn, Tower Foothill",17202,1,1,35,0,10,0,1,1.00,0.99,2000,1.00,1.00
22417,[PH]Altar of Shadows caster,4449,1,1,35,0,10,0,1,1.00,1.14,2000,1.00,1.00
22419,Wood Mite,5990,1,1,14,0,10,0,1,2.00,0.71,2000,1.00,1.00
22422,Blade's Edge - Legion - Anger Camp - Invis Bunny,4626,1,1,954,0,10,0,1,1.00,1.14,2000,1.00,1.00
22428,Smoke Beacon Bunny,11686,1,1,35,0,10,0,1,1.20,1.14,2000,1.00,1.00
22445,Miniwing,20996,1,1,188,0,12,0,1,1.00,1.14,2000,1.00,1.00
22447,[DND]Sablemane's Trap Target,16046,1,1,35,0,10,0,1,1.12,1.14,2000,1.00,1.00
22449,Sha'tari Fire,17035,1,1,35,0,10,0,1,1.00,1.14,2000,1.00,1.00
22465,Natasha,257,4,4,35,0,7,0,1,1.00,1.14,2000,1.00,1.00
22467,Fei Fei Stash Bunny,11686,1,1,35,0,10,0,1,1.00,1.14,2000,1.00,1.00
22480,Brown Marmot,2838,1,1,31,0,8,0,1,1.00,0.86,2000,1.00,0.20
22484,Zeppit,21048,1,1,35,0,12,0,1,1.00,1.14,2000,1.00,1.00
22505,The Exorcism Bubbling Slimer Bunny (DND),19595,1,1,35,0,10,0,1,1.00,1.14,2000,1.00,1.00
22508,The Exorcism Lightning Cloud Bunny,17612,1,1,35,0,10,0,1,1.00,1.14,2000,1.00,1.00
22510,Cobalt Riding Talbuk,21073,1,2,35,0,1,0,1,0.91,1.14,2000,1.00,1.00
22511,Dark Riding Talbuk,21074,1,2,35,0,1,0,1,0.91,1.14,2000,1.00,1.00
22512,Silver Riding Talbuk,21075,1,2,35,0,1,0,1,0.91,1.14,2000,1.00,1.00
22513,Tan Riding Talbuk,21077,1,2,35,0,1,0,1,0.91,1.14,2000,1.00,1.00
22514,White Riding Talbuk,21076,1,2,35,0,1,0,1,0.91,1.14,2000,1.00,1.00
22516,Eye of the Storm Battlemaster,10186,1,1,35,0,7,0,1,1.20,1.14,2000,1.00,1.00
22518,Master Prospector Orius,14,1,1,35,0,10,0,1,1.20,1.14,2000,1.00,1.00
22519,Chess Piece: Karazhan Invisible Stalker,1126,1,1,35,0,10,0,1,1.00,1.14,2000,1.00,1.00
22520,Chess Piece: Status Bar,1126,1,1,35,0,10,0,1,1.00,1.14,2000,1.00,1.00
22522,Unkillable Test Dummy 73 Warrior RAID SPECIAL,21080,1,1,7,0,7,3,1,1.00,1.14,2000,35.00,1000.00
22523,"Karazhan - Chess, Victory Dummy Tool",1126,1,1,35,0,10,0,1,1.00,1.14,2000,1.00,1.00
22524,"Karazhan - Chess, Victory Controller",1126,1,1,35,0,10,0,1,1.00,1.14,2000,1.00,1.00
22553,Furis (1),2346,1,1,1215,0,3,0,1,1.20,1.14,2000,1.00,1.35
22554,Gahz'ranka Herald (1),11686,1,1,1334,0,10,0,1,1.20,1.14,2000,1.00,15.00
22599,Winterax Sentry (1),7804,1,1,35,0,10,1,1,1.27,1.14,1666,13.00,3.00
22600,[PH] Alliance Herald (1),12075,1,1,1334,0,7,0,1,1.20,1.14,2000,1.00,15.00
22601,[PH] Alliance Tower Lieutenant (1),1891,1,1,84,0,7,1,1,1.20,1.14,2000,13.00,20.00
22602,[PH] Horde Herald (1),12080,1,1,1335,0,7,0,1,1.20,1.14,2000,1.00,15.00
22603,[PH] Horde Tower Lieutenant (1),12949,1,1,1214,0,7,1,1,1.20,1.14,2000,13.00,20.00
22631,Rezrelek (1),14072,1,1,37,0,7,2,1,1.20,1.14,2000,13.00,8.00
22636,Tatterhide (1),13990,1,1,16,0,7,2,1,1.20,1.14,2000,13.00,12.00
22637,Ushalac the Gloomdweller (1),14064,1,1,37,0,7,2,1,1.20,1.14,2000,13.00,8.00
22642,Fjordune the Greater (1),12815,1,1,14,0,5,2,1,1.20,1.14,2000,13.00,25.00
22677,Frostwolf Reclaimer (1),12165,1,1,1214,0,7,1,1,1.20,1.14,2000,13.00,3.00
22693,Stormpike Reclaimer (1),13274,1,1,1216,0,7,1,1,1.20,1.14,2000,13.00,3.00
22728,Blizzard Elemental (1),8716,1,1,16,0,4,1,1,1.20,1.14,2000,13.00,5.00
22781,Whitewhisker Tunnel Rat (1),371,1,1,26,0,7,0,1,1.20,1.14,2000,1.00,0.50
22793,Winterax Tracker (1),2714,1,1,37,0,1,0,1,1.20,1.14,2000,1.00,1.35
22797,Withered Troll (1),14056,1,1,37,0,7,1,1,1.20,1.14,2000,13.00,3.00
22798,First Prophecy,11686,1,1,35,0,10,0,1,1.00,1.14,2000,1.00,1.00
22799,Second Prophecy,11686,1,1,35,0,10,0,1,1.00,1.14,2000,1.00,1.00
22800,Third Prophecy,11686,1,1,35,0,10,0,1,1.00,1.14,2000,1.00,1.00
22801,Fourth Prophecy,11686,1,1,35,0,10,0,1,1.00,1.14,2000,1.00,1.00
22804,Silvermoon Fireeater,21085,10,33,775,0,7,0,1,1.00,1.14,2000,1.00,1.00
22806,Shattrath Firebreather,21083,1,60,35,0,7,0,1,1.00,1.14,2000,1.00,1.00
22816,Black Cat,5556,1,1,188,0,8,0,1,1.00,0.86,2000,1.00,0.01
22817,Blood Elf Orphan,19315,1,1,1818,2,12,0,1,1.00,0.99,2000,1.00,1.00
22818,Draenei Orphan,19091,1,1,1818,3,12,0,1,1.00,1.00,2000,1.00,1.00
22823,Hch'uu,17695,1,1,35,3,7,0,2,1.00,0.99,2000,1.00,1.00
22836,Jheel,21110,1,1,35,3,7,0,2,1.00,1.14,2000,1.00,1.00
22842,Corvax,21119,2,2,190,0,8,0,2,1.60,1.43,2000,1.00,1.00
22843,Rook,21119,2,2,190,0,8,0,2,1.60,1.43,2000,1.00,1.00
22868,Generic Portal - Invisible Stalker,5561,1,1,14,0,10,0,1,1.00,1.14,2000,1.00,0.01
22888,Vengeful Harbinger Event Starter,1126,1,1,35,0,10,0,1,1.20,1.14,2000,1.00,1.00
22895,Summoned Searing Totem,4589,10,10,58,0,11,0,1,1.00,1.00,2000,1.00,1.00
22906,Air Elemental Force,21130,1,1,35,0,4,0,1,1.00,1.14,2000,1.00,1.00
22907,Fire Elemental Force,4607,1,1,35,0,4,0,1,1.00,1.14,2000,1.00,1.00
22908,Earth Elemental Force,549,1,1,35,0,4,0,1,1.56,1.14,2000,1.00,1.00
22909,Water Elemental Force,21131,1,1,35,0,4,0,1,1.00,1.29,2000,1.00,1.00
22913,Dornaa,19091,1,1,1818,0,7,0,2,1.00,1.00,2000,1.00,1.00
22914,Salandria,19315,1,1,1818,0,7,0,8,1.00,0.99,2000,1.00,1.00
22918,Gronn Showdown Bunny,11686,1,1,35,0,10,0,1,1.00,1.14,2000,1.00,1.00
22934,Black Temple Battle Sensor,1126,1,1,35,0,10,0,1,1.00,1.14,2000,1.00,1.00
22937,Noorab,21144,1,1,1732,0,7,1,1,1.00,1.14,2000,7.50,3.00
22943,Wolpertinger,22349,1,1,188,0,12,0,1,1.00,1.14,2000,1.00,1.00
22958,Green Riding Nether Ray,21152,1,2,35,0,1,0,1,1.20,1.14,2000,1.00,1.00
22972,Cenarion Sparrowhawk,4877,2,2,7,0,1,0,2,1.12,1.14,2000,1.00,1.00
22974,Invis Sparrowhawk Origin,4449,1,1,190,0,10,0,1,1.20,1.14,2000,1.00,1.00
22975,Purple Riding Nether Ray,21155,1,2,35,0,1,0,1,1.20,1.14,2000,1.00,1.00
22976,Red Riding Nether Ray,21158,1,2,35,0,1,0,1,1.20,1.14,2000,1.00,1.00
22977,Silver Riding Nether Ray,21157,1,2,35,0,1,0,1,1.20,1.14,2000,1.00,1.00
22978,Blue Riding Nether Ray,21156,1,2,35,0,1,0,1,1.20,1.14,2000,1.00,1.00
22985,Bradford Bridenbecker,7935,1,1,12,0,7,0,1,0.40,0.71,2000,1.00,1.00
22986,Skettis - Invis Raven Stone,20570,1,1,190,0,10,0,2,1.00,1.14,2000,1.00,1.00
23024,Aldor Reveler,21204,1,60,35,0,7,0,1,1.00,1.14,2000,1.00,1.00
23033,Invisible Stalker (Floating),1126,1,1,35,0,10,0,1,1.00,1.14,2000,7.50,1.00
23034,Soulground Ghost (Appearance),21233,1,1,35,0,10,0,1,1.00,1.14,2000,1.00,1.00
23037,Soulgrinder Ritual Bunny,3680,1,1,35,0,10,0,1,1.00,1.14,2000,1.00,1.00
23039,Draenei Reveler,21222,1,60,35,0,7,0,1,1.00,1.14,2000,1.00,1.00
23043,Invis Guardian Caster,16480,1,1,190,0,10,0,1,1.00,1.14,2000,1.00,1.00
23050,Little Noah,79,5,5,12,1,7,0,1,1.00,1.14,2000,1.00,1.00
23060,Netherwing Whelp,21238,1,1,1824,0,2,0,1,1.00,1.14,2000,1.00,1.00
23071,Button Bunny - Red,6692,1,1,35,0,10,0,1,1.00,1.14,2000,1.00,1.00
23072,Button Bunny - Blue,6692,1,1,35,0,10,0,1,1.00,1.14,2000,1.00,1.00
23073,Button Bunny - Yellow,6692,1,1,35,0,10,0,1,1.00,1.14,2000,1.00,1.00
23074,Button Bunny - Green,6692,1,1,35,0,10,0,1,1.00,1.14,2000,1.00,1.00
23086,Sewer Rat,1141,1,1,31,0,8,0,1,1.00,0.86,2000,7.50,0.20
23087,Sewer Crocolisk,21242,1,1,31,0,8,0,1,1.00,0.86,2000,7.50,0.20
23104,Bogblossom Bunny,4449,1,1,190,0,10,0,1,1.00,1.14,2000,1.00,1.00
23105,Fel Imp Minion Transform,19944,1,1,1829,0,3,0,1,1.00,1.14,2000,1.00,0.36
23106,Jara,14589,1,1,35,0,7,0,1,1.00,1.00,2000,1.00,1.00
23107,Chaddo,79,1,1,35,0,7,0,1,1.00,1.14,2000,1.00,1.00
23108,Sa'rah,19315,1,1,35,0,7,0,1,1.00,0.99,2000,1.00,1.00
23114,Lucky,21304,1,1,188,0,12,0,1,1.00,1.14,2000,1.00,1.00
23117,crystal man,11686,1,1,35,0,10,0,1,1.00,1.14,2000,1.00,1.00
23121,Gronn Smoke Image,21260,1,1,190,0,10,0,1,1.00,1.14,2000,1.00,1.00
23125,Farmer Leon,3612,1,1,35,0,7,0,1,1.00,1.14,2000,1.00,1.00
23155,Invisible Stalker (Scale x3),1126,1,1,35,0,10,0,1,1.00,1.14,2000,1.00,1.00
23156,D'rei,21292,1,1,35,0,7,0,1,1.00,1.14,2000,1.00,1.00
23170,Alliance Soldier,21308,1,1,1755,0,7,0,2,1.00,1.14,2000,1.00,1.00
23171,Horde Soldier,21312,1,1,1758,0,7,0,2,1.00,1.14,2000,1.00,1.00
23189,Ethereal Smoke Image,21317,1,1,190,0,10,0,1,1.00,1.14,2000,1.00,1.00
23190,Black Dragon Smoke Image,21319,1,1,190,0,10,0,1,1.00,1.14,2000,1.00,1.00
23193,Lordaeron Citizen (Jesse),146,15,15,7,0,6,0,1,1.11,1.14,2000,1.00,1.00
23198,Lucky,21328,1,1,188,0,12,0,1,1.00,1.14,2000,1.00,1.00
23211,Aldor Faction Tester,2676,1,1,35,0,7,0,1,1.00,1.14,2000,1.00,1.00
23224,Imp in a Ball,16925,1,1,35,0,10,0,1,1.00,0.99,2000,1.00,1.00
23229,Imp in a Ball Special Case (Rogue),16925,1,1,35,0,10,0,1,1.00,1.14,2000,1.00,1.00
23231,Willy,21381,1,1,188,0,12,0,1,1.00,1.14,2000,1.00,1.00
23234,Bananas,21362,1,1,188,0,12,0,1,1.00,1.14,2000,1.00,1.00
23240,Invis Rizzle Grenade Chucker,4449,1,1,35,0,10,0,1,1.00,1.14,2000,1.00,1.00
23252,Felguard Smoke Image,21365,1,1,190,0,10,0,1,1.00,1.14,2000,1.00,1.00
23258,Egbert,21382,1,1,188,0,12,0,1,1.00,1.14,2000,1.00,1.00
23262,"Ethereal Ring, Forge",5187,1,1,35,0,10,0,1,1.00,1.14,2000,1.00,1.00
23266,Peanut,21393,1,1,188,0,12,0,1,1.00,1.14,2000,1.00,1.00
23274,Stinker,16633,1,1,188,0,12,0,1,1.00,1.14,2000,1.00,1.00
23277,Skyguard Target,1126,1,1,35,0,10,0,1,1.00,1.14,2000,1.00,1.00
23279,Portable Fel Cannon Transform,21397,1,1,1829,0,9,0,1,1.00,1.14,2000,1.00,0.36
23313,Legion Ring - Stun Rope Dummy,1126,1,1,35,0,10,0,1,1.00,1.14,2000,1.00,1.00
23315,[PH] PvP Cannon Shot Target,1126,1,1,35,0,10,0,1,1.00,1.14,2000,1.00,1.00
23317,[PH] PvP Cannon Targetting Reticle,1126,1,1,35,0,10,0,1,1.00,1.14,2000,1.00,1.00
23325,Dragonmaw Flight Instructor Target,16480,1,1,35,0,10,0,1,1.00,1.14,2000,1.00,1.00
23327,Banishing Crystal Bunny 02,20570,1,1,35,0,10,0,1,1.00,1.14,2000,1.00,1.00
23338,Arthorn's Sparrowhawk,4877,2,2,7,2,1,0,2,1.12,1.14,1,1.00,1.00
23349,Captain Skybreaker's Nether Drake,21425,10,10,35,0,2,0,1,1.00,1.14,2000,1.00,1.00
23357,Dragonmaw Race: Trope's Target,16480,1,1,35,0,10,0,1,1.00,1.14,2000,1.00,1.00
23358,Dragonmaw Race: Corlok's Target,16480,1,1,35,0,10,0,1,1.00,1.14,2000,1.00,1.00
23359,Dragonmaw Race: Ichman's Target,16480,1,1,35,0,10,0,1,1.00,1.14,2000,1.00,1.00
23360,Dragonmaw Race: Mulverick's Target,16480,1,1,35,0,10,0,1,1.00,1.14,2000,1.00,1.00
23361,Dragonmaw Race: Skyshatter's Target,16480,1,1,35,0,10,0,1,1.00,1.14,2000,1.00,1.00
23364,Black Dragon Whelpling,387,1,1,14,0,2,0,8,1.00,1.14,2000,1.00,1.00
23379,Black Temple - Houndmaster Flare Dummy,1126,1,1,35,0,10,0,1,1.00,1.14,2000,1.00,0.70
23382,Simon Game Summon Target,5187,1,1,35,0,10,0,1,1.00,1.14,2000,1.00,1.00
23406,Jimmy McWeaksauce,794,15,15,35,4096,7,0,1,1.20,1.14,2000,1.00,1.00
23408,Raven Lord,21473,1,2,35,0,6,0,1,0.91,1.14,2000,1.00,1.00
23409,Invisible Stalker - Large AOI (Scale x3),1126,1,1,35,0,10,0,1,1.00,1.14,2000,1.00,1.00
23416,Reth'hedron's Target,16480,1,1,35,0,10,0,1,1.00,1.14,2000,1.00,1.00
23422,Riding Nether Ray,21486,1,2,35,0,1,0,1,1.00,1.14,2000,1.00,1.00
23424,Ethereal Ring Control Bunny,5187,1,1,35,0,10,0,1,1.00,1.14,2000,1.00,1.00
23425,"Ethereal Ring Control Bunny, Elite",5187,1,1,35,0,10,0,1,1.00,1.14,2000,1.00,1.00
23444,"Ethereal Ring Target Bunny, Lightning",5187,1,1,35,0,10,0,1,1.00,1.14,2000,1.00,1.00
23445,"Ethereal Ring Target Bunny, Forge",5187,1,1,35,0,10,0,1,1.00,1.14,2000,1.00,1.00
23487,Wild Wolpertinger,22349,1,1,188,0,1,0,1,1.00,1.14,2000,1.00,1.00
23488,Brewfest Crowd,1126,1,1,35,0,10,0,1,1.00,1.14,2000,1.00,1.00
23507,Elwynn Pink Elekk,22732,5,5,35,0,1,0,1,1.00,1.14,2000,1.00,1.00
23527,Teldrassil Pink Elekk,22732,5,5,35,0,1,0,1,1.00,1.14,2000,1.00,1.00
23528,Azuremyst Pink Elekk,22732,5,5,35,0,1,0,1,1.00,1.14,2000,1.00,1.00
23529,Mulgore Pink Elekk,22732,5,5,35,0,1,0,1,1.00,1.14,2000,1.00,1.00
23530,Tirisfal Pink Elekk,22732,5,5,35,0,1,0,1,1.00,1.14,2000,1.00,1.00
23531,Eversong Pink Elekk,22732,5,5,35,0,1,0,1,1.00,1.14,2000,1.00,1.00
23543,Shade of the Horseman,22352,11,11,1998,0,10,0,1,2.40,1.71,2000,1.00,10.00
23565,Turgore,21620,14,14,35,0,7,0,1,1.00,1.14,2000,1.00,0.70
23583,Evidence Marker,20570,1,1,35,0,10,0,2,1.00,1.14,2000,1.00,1.00
23585,Witch Light,1126,1,1,35,0,10,0,1,0.80,0.57,2000,1.00,1.00
23588,Brewfest Ram,22265,1,2,35,0,1,0,1,1.00,1.14,2000,1.00,1.00
23616,Kyle the Frenzied,1100,12,12,35,0,1,0,1,1.00,1.14,2000,1.00,1.00
23617,Matron Goodwell,14500,1,1,35,0,7,0,1,1.00,1.14,2000,1.00,1.00
23622,Kyle the Friendly,1100,12,12,35,0,1,0,1,0.98,1.14,2000,1.00,1.00
23697,Beer Goggles Gnome Male,21693,1,1,7,0,7,0,1,1.00,1.14,2000,1.00,1.00
23700,Barleybrew Festive Keg,24860,6,6,35,0,10,0,1,1.00,1.14,2000,1.00,1.00
23702,Thunderbrew Festive Keg,24860,6,6,35,0,10,0,1,1.00,1.14,2000,1.00,1.00
23705,Catlord Corpse,592,18,18,35,0,7,0,2,1.00,1.14,2000,1.00,0.70
23706,Gordok Festive Keg,24860,6,6,35,0,10,0,1,1.00,1.14,2000,1.00,1.00
23707,Grimbooze's Alarm System,14473,3,3,290,0,9,0,1,1.00,1.14,2000,1.00,1.00
23708,Rusty Mechanical Guardian,5299,18,18,14,0,9,0,1,1.00,1.14,2000,1.00,1.00
23709,Dark Iron Guzzler,3954,10,10,1194,0,7,0,1,1.20,1.14,2000,1.00,3.00
23712,Touring Orphan,252,1,3,12,0,7,0,1,1.00,1.14,2000,1.00,1.00
23716,Hexxer Corpse,590,17,17,35,0,7,0,2,1.00,1.14,2000,1.00,1.00
23727,Invis Raptor Credit,17188,1,1,35,0,10,0,8,1.00,1.14,2000,1.00,1.00
23733,Horatio the Stable Boy,251,10,10,1892,4194307,7,0,1,1.00,1.14,2000,1.00,1.00
23747,Overworked Nag,229,12,20,35,0,7,0,1,1.00,1.29,2000,1.00,0.70
23751,North Tent,20570,1,1,35,0,10,0,2,1.00,1.14,2000,1.00,1.00
23752,Northeast Tent,20570,1,1,35,0,10,0,2,1.00,1.14,2000,1.00,1.00
23753,East Tent,20570,1,1,35,0,10,0,2,1.00,1.14,2000,1.00,1.00
23759,Bear Spirit Transform Visual,21736,1,1,1890,0,7,3,1,1.00,1.14,2000,35.00,35.00
23769,Jimmy Hyal,21744,8,8,35,0,10,0,1,1.00,1.14,2000,1.00,1.00
23787,Mister Manny,21362,1,1,188,0,1,0,1,1.00,1.14,2000,1.00,0.70
23801,Turkey,21774,4,6,189,0,8,0,1,1.00,0.99,2000,1.00,1.00
23811,Captured Totem,16988,1,1,35,0,11,0,1,0.00,1.14,2000,1.00,1.00
23817,Dragonhawk Egg,10056,1,1,35,0,10,0,1,1.00,1.14,2000,1.00,7.00
23832,Zeppelin Power Core,20570,1,1,35,0,10,0,8,1.00,1.14,2000,1.00,1.00
23837,ELM General Purpose Bunny,1126,1,1,35,0,10,0,1,1.00,1.14,2000,1.00,1.00
23868,Invis Zelfrax Target,20570,1,1,35,0,10,0,8,1.00,1.14,2000,1.00,1.00
23869,Invis Zelfrax Origin,20570,1,1,35,0,10,0,8,1.00,1.14,2000,1.00,1.00
23893,Invis Lighthouse Light,20570,1,1,35,0,10,0,1,1.00,1.14,2000,1.00,1.00
23902,Riding Wolf (Ghost) OLD,21895,10,10,35,0,1,0,1,1.00,1.14,2000,1.00,1.00
23903,Swift Riding Wolf (Ghost) OLD,21896,10,10,35,0,1,0,1,1.00,1.14,2000,1.00,1.00
23904,Sir Thomas,18338,1,1,35,2,6,0,1,1.00,1.14,2000,1.00,1.00
23909,Sinister Squashling,21900,1,1,188,0,12,0,1,1.00,1.14,2000,1.00,1.00
23912,Dragonhawk Spirit Transform Visual,21901,1,1,1890,0,7,3,1,1.00,1.14,2000,35.00,35.00
23913,Eagle Spirit Transform Visual,22257,1,1,1890,0,7,3,1,1.00,1.14,2000,35.00,35.00
23914,Lynx Spirit Transform Visual,21907,1,1,1890,0,7,3,1,1.00,1.14,2000,35.00,35.00
23921,Halgrind Torch Bunny 01,1126,1,1,35,0,10,0,1,1.00,1.14,2000,1.00,1.00
23922,Halgrind Torch Bunny 02,1126,1,1,35,0,10,0,1,1.00,1.14,2000,1.00,1.00
23923,Halgrind Torch Bunny 03,1126,1,1,35,0,10,0,1,1.00,1.14,2000,1.00,1.00
23924,Halgrind Torch Bunny 04,1126,1,1,35,0,10,0,1,1.00,1.14,2000,1.00,1.00
23925,Test Guy Brian,149,1,1,35,0,7,1,1,1.00,1.14,2000,7.50,1.00
23936,[DNT]TEST Pet Moth,21925,1,1,188,0,1,0,1,1.00,1.14,2000,1.00,1.00
23966,Magic Broom,21939,1,2,35,0,10,0,1,1.00,1.14,2000,1.00,1.00
23971,Traveling Orphan,14589,1,3,29,0,7,0,1,1.00,1.00,2000,1.00,1.00
23973,Masked Orphan Matron,22499,12,12,1735,2,7,0,1,1.00,1.14,2000,1.00,1.00
23974,Whisper Gulch Ore Bunny,1126,1,1,35,0,10,0,1,1.00,1.14,2000,1.00,1.00
23977,Abandoned Pack Mule,14546,1,2,35,0,1,0,1,1.00,1.43,2000,1.00,1.00
23979,Giant Marsh Frog,21950,1,1,188,0,8,0,1,1.60,1.14,2000,1.00,0.30
23984,Stabled Explorers' League Pack Mule,14546,1,2,1892,0,1,0,1,1.00,1.43,1300,1.00,1.10
24003,Spectral Tiger,21973,1,2,35,0,1,0,1,1.36,1.14,2000,1.00,1.00
24004,Swift Spectral Tiger,21974,1,2,35,0,1,0,1,1.36,1.14,2000,1.00,1.00
24020,Riding Horse (Gjalerbron Felsteed) (scale x2),22103,1,2,35,0,3,0,1,1.00,1.14,2000,1.00,1.00
24021,ELM General Purpose Bunny (scale x0.01),1126,1,1,35,0,10,0,1,1.00,1.14,2000,1.00,1.00
24022,Test Faction Monster,10913,1,2,1915,0,7,0,1,1.00,1.14,2000,1.00,1.00
24087,Skorn Tower NW Bunny,1126,1,1,35,0,10,0,1,1.00,1.14,2000,1.00,1.00
24091,Captured Valgarde Child,19092,15,15,1892,0,7,0,1,1.00,1.14,2000,1.00,1.00
24092,Skorn Tower E Bunny,1126,1,1,35,0,10,0,1,1.00,1.14,2000,1.00,1.00
24093,Skorn Tower SW Bunny,1126,1,1,35,0,10,0,1,1.00,1.14,2000,1.00,1.00
24094,Skorn Tower SE Bunny,1126,1,1,35,0,10,0,1,1.00,1.14,2000,1.00,1.00
24095,Winterskorn Vrykul Dismembering Bunny,1126,1,1,35,0,10,0,1,1.00,1.14,2000,1.00,1.00
24098,Skorn Longhouse NW Bunny,1126,1,1,35,0,10,0,1,1.00,1.14,2000,1.00,1.00
24100,Skorn Longhouse NE Bunny,1126,1,1,35,0,10,0,1,1.00,1.14,2000,1.00,1.00
24101,Skorn Longhouse SW Bunny,1126,1,1,35,0,10,0,1,1.00,1.14,2000,1.00,1.00
24102,Skorn Barracks Bunny,1126,1,1,35,0,10,0,1,1.00,1.14,2000,1.00,1.00
24105,Proto-Drake Skyguard,6372,1,1,1885,0,2,1,1,1.00,1.14,2000,7.50,8.00
24107,Dragonflayer Sentinel,22295,1,1,1885,0,7,0,1,1.00,1.14,2000,1.00,0.75
24110,ELM General Purpose Bunny Large,1126,1,1,35,0,10,0,1,1.00,1.14,2000,1.00,1.00
24121,North Fleet Reservist Credit,11686,1,1,35,0,10,0,1,1.00,1.14,2000,1.00,1.00
24136,Feather Vortex,11686,1,1,14,0,10,0,1,1.00,1.14,2000,1.00,0.70
24170,Draconis Gastritis Bunny,1126,1,1,35,0,10,0,1,1.00,1.14,2000,1.00,1.00
24172,Daggercap Hawk,20857,5,7,7,0,1,0,1,1.00,2.29,2000,1.00,1.00
24174,Fjord Rat,22175,1,1,31,0,8,0,1,1.00,0.71,2000,1.00,0.01
24187,Column of Fire,11686,1,1,14,0,10,0,1,1.00,1.14,2000,1.00,0.94
24196,Trapped Animal,22190,5,5,14,0,1,0,1,1.00,1.14,2000,1.00,1.00
24202,[DND] Brewfest Barker Bunny 1,4626,1,1,35,0,10,0,1,1.00,1.14,2000,1.00,1.00
24203,[DND] Brewfest Barker Bunny 2,4626,1,1,35,0,10,0,1,1.00,1.14,2000,1.00,1.00
24204,[DND] Brewfest Barker Bunny 3,4626,1,1,35,0,10,0,1,1.00,1.14,2000,1.00,1.00
24205,[DND] Brewfest Barker Bunny 4,4626,1,1,35,0,10,0,1,1.00,1.14,2000,1.00,1.00
24230,Feknut's Firecrackers Bunny,1126,1,1,35,0,10,0,1,1.00,1.14,2000,1.00,1.00
24257,Elemental Soul,17188,1,1,190,0,10,0,1,1.00,1.14,2000,1.00,1.00
24259,Soul Destination,17188,1,1,190,0,10,0,1,1.00,1.14,2000,1.00,1.00
24263,[DND] Brewfest Speed Bunny Green,4626,5,5,35,0,10,0,1,1.00,1.14,2000,1.00,1.00
24264,[DND] Brewfest Speed Bunny Yellow,4626,5,5,35,0,10,0,1,1.00,1.14,2000,1.00,1.00
24265,[DND] Brewfest Speed Bunny Red,4626,5,5,35,0,10,0,1,1.00,1.14,2000,1.00,1.00
24269,The Cleansing Bunny [reuse me],1126,1,1,35,0,10,0,1,1.00,1.14,2000,1.00,1.00
24270,Devouring Maggot,15554,1,1,31,0,8,0,1,1.00,0.86,2000,1.00,0.20
24288,ELM General Purpose Bunny Hide Body,1126,1,1,35,0,10,0,1,1.00,1.14,2000,1.00,1.00
24290,New Agamand Plague Tank Bunny,1126,1,1,35,0,10,0,1,1.00,1.14,2000,1.00,1.00
24292,"[PH] Gossip NPC Human Female, Halloween",22370,1,1,35,0,7,0,1,1.00,1.14,2000,1.00,1.00
24293,"[PH] Gossip NPC Human Male, Halloween",22371,1,1,35,0,7,0,1,1.00,1.14,2000,1.00,1.00
24294,"[PH] Gossip NPC Blood Elf Female, Halloween",22360,1,1,35,0,7,0,1,1.00,1.14,2000,1.00,1.00
24295,"[PH] Gossip NPC Blood Elf Male, Halloween",22361,1,1,35,0,7,0,1,1.00,1.14,2000,1.00,1.00
24296,"[PH] Gossip NPC Draenei Female, Halloween",22362,1,1,35,0,7,0,1,1.00,1.14,2000,1.00,1.00
24297,"[PH] Gossip NPC Draenei Male, Halloween",22363,1,1,35,0,7,0,1,1.00,1.14,2000,1.00,1.00
24298,"[PH] Gossip NPC Dwarf Female, Halloween",22364,1,1,35,0,7,0,1,1.00,1.14,2000,1.00,1.00
24299,"[PH] Gossip NPC Dwarf Male, Halloween",22365,1,1,35,0,7,0,1,1.00,1.14,2000,1.00,1.00
24300,"[PH] Gossip NPC Undead Female, Halloween",22380,1,1,35,0,7,0,1,1.00,1.14,2000,1.00,1.00
24301,"[PH] Gossip NPC Undead Male, Halloween",22381,1,1,35,0,7,0,1,1.00,1.14,2000,1.00,1.00
24302,"[PH] Gossip NPC Gnome Female, Halloween",22366,1,1,35,0,7,0,1,1.00,1.14,2000,1.00,1.00
24303,"[PH] Gossip NPC Gnome Male, Halloween",22367,1,1,35,0,7,0,1,1.00,1.14,2000,1.00,1.00
24304,"[PH] Gossip NPC Goblin Female, Halloween",22368,1,1,35,0,7,0,1,1.00,1.14,2000,1.00,1.00
24305,"[PH] Gossip NPC Goblin Male, Halloween",22369,1,1,35,0,7,0,1,1.00,1.14,2000,1.00,1.00
24306,"[PH] Gossip NPC Night Elf Female, Halloween",22372,1,1,35,0,7,0,1,1.00,1.14,2000,1.00,1.00
24307,"[PH] Gossip NPC Night Elf Male, Halloween",22373,1,1,35,0,7,0,1,1.00,1.14,2000,1.00,1.00
24308,"[PH] Gossip NPC Orc Female, Halloween",22374,1,1,35,0,7,0,1,1.00,1.14,2000,1.00,1.00
24309,"[PH] Gossip NPC Orc Male, Halloween",22375,1,1,35,0,7,0,1,1.00,1.14,2000,1.00,1.00
24310,"[PH] Gossip NPC Tauren Female, Halloween",22376,1,1,35,0,7,0,1,1.00,1.14,2000,1.00,1.00
24311,"[PH] Gossip NPC Tauren Male, Halloween",22377,1,1,35,0,7,0,1,1.00,1.14,2000,1.00,1.00
24312,Dragonhawk Egg,10056,1,1,35,0,10,0,1,1.00,1.14,2000,1.00,7.00
24319,[PH] Creepy Rag Doll,25017,1,1,188,0,12,0,1,1.00,1.14,2000,1.00,1.00
24337,[DND] Brewfest Delivery Bunny,4626,1,1,35,0,10,0,1,1.00,1.14,2000,1.00,1.00
24338,Amani Snake,1206,1,1,14,0,1,0,1,1.00,1.14,2000,1.00,0.02
24351,"[PH] Gossip NPC Troll Female, Halloween",18808,1,1,35,0,7,0,1,1.00,1.14,2000,1.00,1.00
24352,"[PH] Gossip NPC Troll Male, Halloween",18809,1,1,35,0,7,0,1,1.00,1.14,2000,1.00,1.00
24353,Eric Maloof Test Forsaken Male,9999,1,1,35,0,7,0,1,1.00,1.14,2000,1.00,1.00
24354,Eric Maloof Test Forsaken Female,3520,1,1,35,0,7,0,1,1.00,1.14,2000,1.00,1.00
24355,Eric Maloof Test Human Male,2073,1,1,35,0,7,0,1,1.00,1.14,2000,1.00,1.00
24360,"[PH] Gossip NPC Troll Female, Halloween",22378,1,1,35,0,7,0,1,1.00,1.14,2000,1.00,1.00
24361,"[PH] Gossip NPC Troll Male, Halloween",22379,1,1,35,0,7,0,1,1.00,1.14,2000,1.00,1.00
24368,Swift Brewfest Ram,22350,1,2,35,0,1,0,1,1.00,1.14,2000,1.00,1.00
24372,Drohn's Distillery Festive Keg,24860,6,6,35,0,10,0,1,1.00,1.14,2000,1.00,1.00
24373,T'chali's Voodoo Brew Festive Keg,24860,6,6,35,0,10,0,1,1.00,1.14,2000,1.00,1.00
24379,Amani War Bear,22464,10,10,35,0,1,0,1,1.00,1.14,2000,1.00,0.70
24380,Blizzcon Greeter,22267,1,1,35,0,10,0,1,1.00,1.14,2000,1.00,1.00
24388,Toothy,22388,1,1,188,0,12,0,1,1.00,1.14,2000,1.00,1.00
24389,Muckbreath,22389,1,1,188,0,12,0,1,1.00,1.14,2000,1.00,1.00
24391,Speedboat,1126,1,1,35,0,10,0,1,1.00,1.14,2000,1.00,1.00
24396,Forest Frog,6295,1,1,188,0,7,0,1,1.00,1.14,2000,1.00,0.70
24401,Steel Gate Pack Mule,14546,1,2,35,0,1,0,1,1.00,1.43,2000,1.00,1.00
24415,Coilfang Myrmidon Image,22413,1,1,16,0,10,1,1,1.00,1.14,2000,7.50,1.00
24419,Quagmirran Image,22415,1,1,14,0,10,1,1,1.00,1.14,2000,7.50,1.00
24423,Nexus-Prince Shaffar Image,22419,1,1,16,0,10,1,2,1.00,1.14,2000,7.50,1.00
24424,Exarch Maladaar Image,22420,1,1,16,0,10,1,2,1.00,1.14,2000,7.50,1.00
24425,Murmur Image,22421,1,1,16,0,10,1,1,1.00,1.14,2000,7.50,1.00
24431,Warp Splinter Image,22428,1,1,16,0,10,1,1,2.00,1.43,2000,7.50,1.00
24434,Arcatraz Sentinel Image,22431,1,1,16,0,10,1,1,1.00,1.43,2000,7.50,1.00
24435,Harbinger Skyriss Image,22432,1,1,16,0,10,1,2,1.60,1.71,2000,7.50,1.00
24438,Steel Gate - Grapple Target,11686,1,1,35,0,10,0,1,1.00,1.14,2000,1.00,1.00
24439,Sack of Relics,24780,1,1,35,0,10,0,1,1.20,1.00,2000,1.00,1.00
24445,Mitzi,257,1,1,35,0,7,0,1,1.00,1.14,2000,1.00,0.81
24448,Christian,338,1,1,35,0,7,0,1,1.00,1.14,2000,1.00,0.81
24453,Brennan,19314,1,1,35,0,7,0,1,1.00,1.14,2000,1.00,0.81
24454,Steel Gate Dynamite,1126,1,1,35,0,10,0,1,1.00,1.14,2000,1.00,1.00
24455,Hollee,19315,1,1,35,0,7,0,1,1.00,1.14,2000,1.00,0.81
24462,Racing Ram,22630,1,2,35,0,1,0,2,1.00,1.39,2000,1.00,1.00
24463,Swift Racing Ram,22631,1,2,35,0,1,0,2,1.00,1.39,2000,1.00,1.00
24464,Scourging Crystal,22506,1,1,974,0,10,0,1,1.00,1.00,2000,1.00,1.00
24470,[PH] Maldonado's Test Creature,22352,1,1,35,0,10,0,1,1.00,1.14,2000,1.00,1.00
24471,Forge Fire,19725,1,1,14,0,10,0,1,1.00,1.14,2000,1.00,1.00
24472,SP Test,21224,1,1,114,0,10,0,1,1.00,1.14,2000,1.00,1.00
24480,Mojo,22459,5,5,188,0,12,0,1,1.00,1.71,2000,1.00,1.00
24481,2.3 Daily Debug - Horde,2676,1,1,35,0,7,0,1,1.00,1.14,2000,1.00,1.00
24482,2.3 Daily Debug - Alliance,2676,1,1,35,0,7,0,1,1.00,1.14,2000,1.00,1.00
24483,Frog Transform,5379,5,5,1555,0,1,0,1,1.00,1.14,2000,1.00,0.70
24486,Purple Armored Hippogryph,22470,1,2,35,0,1,0,1,1.00,1.14,2000,1.00,1.00
24487,Brown Armored Hippogryph,22471,1,2,35,0,1,0,1,1.00,1.14,2000,1.00,1.00
24488,Cenarion War Hippogryph,22473,1,2,35,0,1,0,1,1.00,1.14,2000,1.00,1.00
24489,White Armored Hippogryph,22474,1,2,35,0,1,0,1,1.00,1.14,2000,1.00,1.00
24490,Blue Riding Hippogryph,22472,1,2,35,0,1,0,1,1.00,1.14,2000,1.00,1.00
24496,Beer Goggles Orc Female,22481,1,1,7,0,7,0,1,1.00,1.14,2000,1.00,1.00
24503,LePeux,16633,1,1,188,0,12,0,1,1.00,1.14,2000,1.00,1.00
24506,ZP - Medium (DND),137,1,1,35,0,10,0,1,1.00,1.14,2000,1.00,1.00
24507,ZP - Large (DND),22496,1,1,35,0,10,0,1,1.00,1.14,2000,1.00,1.00
24508,ZP - Small (DND),3670,1,1,35,0,10,0,1,1.00,1.14,2000,1.00,1.00
24509,ZP - Very Small (DND),22497,1,1,35,0,10,0,1,1.00,1.14,2000,1.00,1.00
24515,Spotted Hippogryph Hatchling,22500,1,1,188,0,1,0,1,1.00,1.14,2000,1.00,1.00
24519,Costumed Orphan Matron,22504,12,12,1732,2,7,0,1,1.00,1.14,2000,1.00,1.00
24524,Homesteader's Pack Mule,14546,1,2,35,0,1,0,1,1.00,1.43,2000,1.00,1.00
24526,Invisible Stalker (Floating) (5.00),1126,1,1,35,0,10,0,1,1.00,1.14,2000,1.00,1.00
24550,Throw Targeting (mob),11686,1,1,35,0,10,0,1,1.00,1.14,2000,1.00,1.00
24645,Mirror Frame,1126,1,1,35,0,10,0,1,1.00,1.14,2000,1.00,1.00
24648,Invisible Stalker (Scale x2),1126,1,1,35,0,10,0,1,1.00,1.14,2000,1.00,1.00
24653,Flying Machine,22719,1,1,35,0,9,0,1,1.00,1.39,2000,1.00,1.00
24654,Turbo-Charged Flying Machine,22720,1,1,35,0,9,0,1,1.00,1.14,2000,1.00,1.00
24655,Reflection Bounce Target,1126,1,1,35,0,10,0,1,1.00,1.14,2000,1.00,1.00
24658,[PH] BLB Blue Blood Elf Male,22554,1,1,35,0,7,0,1,1.00,1.14,2000,1.00,1.00
24665,Lieutenant Icehammer,1126,1,1,35,0,10,0,1,1.00,1.14,2000,1.00,1.00
24692,[UNUSED] Brightscale Serpent,22588,1,1,35,0,1,1,1,1.00,1.14,2000,7.50,2.90
24693,[UNUSED] Arcane Nightmare,19529,1,1,35,0,6,1,1,1.00,1.14,2000,7.50,2.90
24695,[UNUSED] Nether Shade,22589,1,1,35,0,6,1,1,1.00,1.14,2000,7.50,2.90
24699,[UNUSED] Sargeron Trickster,2017,1,1,35,0,3,1,1,1.00,1.14,2000,7.50,3.00
24704,Invisible Vehicle (Floating),1126,1,1,35,0,10,0,1,1.00,1.14,2000,1.00,1.00
24705,Rope Swing Invisible Vehicle Stalker,1126,1,1,35,0,10,0,1,1.00,1.14,2000,1.00,1.00
24734,Aleanna Edune,22612,19,22,80,1,7,0,1,1.05,1.14,2000,1.00,1.00
24735,Becanna Edune,22613,19,22,80,0,7,0,1,1.05,1.14,2000,1.00,1.00
24736,Sulan Dunadaire,22616,18,20,12,0,7,0,2,1.05,1.14,2000,1.00,1.00
24739,Benjari Edune,22614,10,10,80,0,7,0,1,1.05,1.14,2000,1.00,1.00
24740,Goodie,1220,6,7,1076,0,1,0,1,1.05,1.14,2000,1.00,1.00
24743,Merciless Nether Drake,22620,10,10,35,0,2,0,1,1.00,1.14,2000,1.00,1.00
24746,Fjord Turkey,21774,6,8,189,0,8,0,1,1.00,0.99,2000,1.00,1.00
24748,Fjord Prey 03,21774,6,8,189,0,8,0,1,1.00,1.14,2000,1.00,1.00
24749,Fjord Prey 04,21774,6,8,189,0,8,0,1,1.00,1.14,2000,1.00,1.00
24753,Pint-Sized Pink Pachyderm,22629,1,1,35,0,12,0,1,1.00,0.95,2000,1.00,1.00
24766,[DND] Brewfest Face Me Bunny,4626,1,1,35,0,10,0,1,1.00,0.99,2000,1.00,1.00
24767,Molly,5207,1,1,35,0,1,0,1,1.00,1.14,2000,1.00,1.00
24798,Grell (Pink),22644,2,3,189,0,3,0,1,1.00,1.14,2000,1.00,1.00
24799,Grell (Blue),6809,2,3,189,0,3,0,1,1.00,1.14,2000,1.00,1.00
24800,Grell (Blanca),2452,2,3,189,0,3,0,1,1.00,1.14,2000,1.00,1.00
24801,Grell (Red),911,2,3,189,0,3,0,1,1.00,1.14,2000,1.00,1.00
24802,Grell (Orange),904,2,3,189,0,3,0,1,1.00,1.14,2000,1.00,1.00
24803,Grell (White),16944,2,3,189,0,3,0,1,1.00,1.14,2000,1.00,1.00
24836,Abe the Cabin Boy,262,12,12,1733,1,7,0,1,1.00,1.14,2000,1.00,1.00
24853,Wheelbarrow,1126,1,1,35,0,10,0,1,1.00,1.14,2000,1.00,1.00
24860,"Defias Pirate, Female",2348,19,20,17,0,7,1,1,1.00,1.14,2000,7.50,3.00
24867,Halaa Enemy Combatant,11686,1,1,35,0,10,0,1,1.00,1.14,2000,1.00,1.00
24879,Arctic Cloud,25347,1,1,190,0,13,0,1,0.40,0.14,2000,1.00,1.00
24884,"Padwai, Son of Orfus",28316,12,12,1950,0,7,0,1,1.00,1.14,2000,1.00,1.00
24906,Flying Mounted Reindeer,22724,1,2,35,0,1,0,1,1.00,1.14,2000,1.00,1.00
24915,Snowball Stampede,1126,1,1,35,0,10,0,1,1.00,1.14,2000,1.00,1.00
24925,Boss Portal: Purple (3.00),1126,1,1,35,0,10,0,1,1.20,1.00,2000,1.00,1.00
24961,Sanctum Rift,9510,1,1,14,0,10,0,1,1.00,1.14,2000,1.00,0.01
24968,Clockwork Rocket Bot,22776,1,1,188,0,12,0,1,1.00,1.14,2000,1.00,1.00
24969,Mechanoman,22777,1,1,188,0,12,0,1,1.00,1.14,2000,1.00,1.00
24970,Battlin' Blue Wind-Up Warrior,22778,1,1,188,0,12,0,1,1.00,1.14,2000,1.00,1.00
24971,Rowdy Red Wind-Up Warrior,22779,1,1,188,0,12,0,1,1.00,1.14,2000,1.00,1.00
24977,Warpy,22790,13,20,35,0,7,0,2,1.00,1.14,2000,1.00,1.00
24991,Converted Sentry Credit,16480,1,1,114,0,10,0,1,1.00,1.14,2000,1.00,1.35
25058,Fuzz,5585,1,1,35,0,8,0,1,1.00,1.14,2000,1.00,0.10
25062,Tiny Sporebat,22855,1,1,188,0,12,0,1,1.00,0.95,2000,1.00,1.00
25064,Dragonhawk Mount (Black),28417,1,1,35,0,1,0,1,1.00,1.14,2000,1.00,1.00
25109,Rocket Chicken,22903,1,1,188,0,12,0,1,1.00,1.14,2000,1.00,1.00
25110,Dragon Kite,22966,1,1,188,0,12,0,1,1.00,1.14,2000,1.00,1.00
25111,Treasure,22902,1,1,120,0,1,0,1,1.00,1.14,2000,1.00,1.00
25139,[PH] Bri's Test NPC,1543,1,1,35,0,7,0,1,1.00,1.14,2000,1.00,1.00
25146,Golden Pig,21304,1,1,188,0,12,0,1,1.00,1.14,2000,1.00,1.00
25147,Silver Pig,22938,1,1,188,0,12,0,1,1.00,1.14,2000,1.00,1.00
25161,Dawnblade Dragonhawk,22860,1,1,14,0,1,0,1,1.00,1.14,2000,1.00,1.00
25168,Kite Lightning Bunny,11686,1,1,188,0,12,0,1,1.00,1.14,2000,1.00,1.00
25171,Invisible Stalker (Scale x0.5),1126,1,1,35,0,10,0,1,1.00,1.14,2000,1.00,1.00
25172,Archmage Invisible Target,1126,1,1,1956,0,7,1,8,1.00,1.14,2000,7.50,1.00
25180,Fast Black War Ram,14577,1,2,35,0,1,0,1,1.00,1.14,2000,1.00,1.00
25181,Fast Black War Wolf,14334,10,10,35,0,1,0,1,1.00,1.14,2000,1.00,1.00
25188,Trope's Mount,21155,1,2,35,0,1,0,1,1.00,1.14,2000,1.00,1.00
25189,Riding Horse (Brown) (16 Speed),2404,1,2,35,0,1,0,1,1.00,1.14,2000,1.00,1.00
25190,Skarloc's Warhorse,8469,1,2,35,0,1,0,1,1.00,1.14,2000,1.00,1.00
25191,Riding Horse (White Stallion) (16 Speed),2410,1,2,35,0,1,0,1,1.00,1.14,2000,1.00,1.00
25193,Ruul's Nether Drake,20344,10,10,35,0,2,0,1,1.00,1.14,2000,1.00,1.00
25201,Winterfin Tadpole,15369,1,1,35,0,7,0,1,1.00,1.14,2000,1.00,1.15
25212,Kite Sky Lightning Bunny,11686,1,1,188,0,12,0,1,1.00,1.14,2000,1.00,1.00
25213,Chess Chest Bunny,5187,1,1,7,0,10,0,1,1.00,1.14,2000,1.00,0.70
25218,[PH] Torch Target,22993,1,1,35,0,10,0,1,1.00,1.14,2000,1.00,1.00
25263,World Inscription Trainer,2575,10,10,35,0,7,0,1,1.00,1.14,2000,1.00,1.00
25303,Ribbon Pole Fire Spiral Bunny,11686,1,1,35,0,10,0,1,1.00,1.14,2000,1.00,1.00
25305,Dancing Flames,23523,1,1,35,0,10,0,1,1.00,1.14,2000,1.00,1.00
25323,Craig Steele,19284,1,1,35,0,7,2,1,1.00,1.14,2000,7.50,2.00
25324,Earthen Ring Guide,23114,1,1,1727,2,1,0,1,1.00,1.14,2000,1.00,1.00
25325,Earthen Ring Guide Wolf Form,23114,10,10,1727,0,1,0,1,1.00,1.14,2000,1.00,1.00
25347,Vision of Nobundo,18836,1,1,35,0,10,0,1,1.00,1.14,2000,1.00,1.00
25348,Vision of Thrall,23134,1,1,35,0,10,0,1,1.00,1.14,2000,1.00,1.00
25357,Felmyst Flight Target - Left,18783,1,1,114,0,10,0,1,1.00,0.99,2000,7.50,1.35
25358,Felmyst Flight Target - Right,18783,1,1,114,0,10,0,1,1.00,0.99,2000,7.50,1.35
25362,Warsong Swine,16358,5,6,189,0,1,0,1,1.00,1.14,2000,1.00,1.00
25391,En'kilah Focus Crystal,22506,1,1,974,0,10,0,1,1.00,1.00,2000,1.00,1.00
25406,Craig Steele2,19284,1,1,35,0,7,2,1,1.00,1.14,2000,7.50,2.00
25410,Craig Steele (1),19284,1,1,35,0,7,2,1,1.00,1.14,2000,13.00,1.00
25411,Craig Steele3,19284,1,1,35,0,7,2,1,1.00,1.14,2000,7.50,2.00
25412,Craig Steele (2),19284,1,1,35,0,7,2,1,1.00,1.14,2000,7.50,2.00
25413,Craig Steele2 (1),19284,1,1,35,0,7,2,1,1.00,1.14,2000,13.00,2.00
25426,Ug'thor Bloodfrenzy,14589,5,5,1981,0,7,0,1,1.00,1.00,2000,1.00,1.00
25491,Boss Whisperer,21405,1,1,1782,0,7,1,1,1.00,1.14,2000,35.00,1.00
25494,Purifying Totem,23229,1,1,35,0,11,0,2,1.00,1.00,2000,1.00,1.00
25499,PattyMacks Dummy,16004,1,1,190,0,7,0,1,1.00,1.14,2000,1.00,1.00
25505,Hah... You're Not So Big Now! Kill Credit Bunny,1126,1,1,35,0,10,0,1,1.00,1.14,2000,1.00,1.00
25515,[PH] Festival Fire Juggler,16431,1,1,35,0,7,0,1,1.00,1.14,2000,1.00,1.00
25518,Ground Flower,23306,1,1,188,0,12,0,1,2.40,1.71,2000,1.00,1.00
25537,Craig's Test Human A,23495,1,1,35,0,7,0,1,1.00,1.14,2000,1.00,1.00
25542,[UNUSED] Arcane Nightmare (1),19529,1,1,35,0,6,1,1,1.00,1.14,2000,13.00,2.90
25544,[UNUSED] Brightscale Serpent (1),22588,1,1,35,0,1,1,1,1.00,1.14,2000,13.00,2.90
25559,[UNUSED] Nether Shade (1),22589,1,1,35,0,6,1,1,1.00,1.14,2000,13.00,2.90
25561,[UNUSED] Sargeron Trickster (1),2017,1,1,35,0,3,1,1,1.00,1.14,2000,13.00,3.00
25581,"It Was The Orcs, Honest! Kill Credit Bunny",1126,1,1,35,0,10,0,1,1.00,1.14,2000,1.00,1.00
25603,Felfire Portal,23422,1,1,14,0,10,0,1,1.00,1.14,2000,1.00,0.01
25652,Nerub'ar Scarab,23300,1,1,190,0,6,0,2,1.00,1.14,2000,1.00,1.00
25654,Stop the Plague Kill Credit Bunny,1126,1,1,35,0,10,0,1,1.00,1.14,2000,1.00,1.00
25670,ELM General Purpose Bunny (scale x3),1126,1,1,35,0,10,0,1,1.00,1.14,2000,1.00,1.00
25676,Storm Cloud,169,1,1,35,0,10,0,1,1.00,1.14,2000,1.00,1.00
25677,Borean Frog,23311,1,1,188,0,8,0,1,1.00,0.86,2000,1.00,0.20
25679,Steam Frog,23311,1,1,188,0,8,0,1,2.00,0.86,2000,1.00,0.20
25683,Craig's Test Human A (1),23495,1,1,35,0,7,0,1,1.00,1.14,2000,1.00,1.00
25704,Craig's Test Human A (2),23495,1,1,35,0,7,0,1,1.00,1.14,2000,1.00,1.00
25706,Scorchling,8409,1,1,188,0,12,0,1,1.00,1.14,2000,1.00,0.75
25710,Numa Cloudsister,3848,1,1,35,2,7,0,1,1.10,1.14,2000,1.00,1.00
25738,Clayton J Dubin (1),19037,1,1,35,0,5,3,1,1.00,1.14,2000,35.00,2.00
25739,Steam Vent,169,1,1,35,0,10,0,1,1.20,1.00,2000,1.00,1.00
25745,[PH] Ahune Summon Loc Bunny,11686,1,1,35,0,10,0,1,1.00,1.14,2000,1.00,1.00
25746,[PH] Ahune Loot Loc Bunny,21955,1,1,35,0,10,0,1,1.00,1.14,2000,1.00,1.00
25770,M'uru Portal Target,169,1,1,114,0,10,0,1,1.00,1.14,2000,7.50,0.94
25815,Master and Servant Kill Credit Bunny,1126,1,1,35,0,10,0,1,1.00,1.14,2000,1.00,1.00
25852,Festival Flamekeeper Costume: Gnome,23438,10,10,35,0,7,0,1,1.00,1.14,2000,1.00,1.00
25853,Festival Flamekeeper Costume: Draenei,23439,10,10,35,0,7,0,1,1.00,1.14,2000,1.00,1.00
25854,Festival Flamekeeper Costume: Blood Elf,23440,10,10,35,0,7,0,1,1.00,1.14,2000,1.00,1.00
25856,Festival Flamekeeper Costume: Night Elf,23441,10,10,35,0,7,0,1,1.00,1.14,2000,1.00,1.00
25857,Festival Flamekeeper Costume: Orc,16341,10,10,35,0,7,0,1,1.00,1.14,2000,1.00,1.00
25858,Festival Flamekeeper Costume: Undead,23442,10,10,35,0,7,0,1,1.00,1.14,2000,1.00,1.00
25859,Festival Flamekeeper Costume: Goblin,23443,10,10,35,0,7,0,1,1.00,1.14,2000,1.00,1.00
25863,Twilight Firesworn,23446,20,21,168,0,7,0,8,1.00,1.14,2000,1.00,1.00
25864,Felguard Slayer,15301,1,1,90,0,3,1,1,1.00,1.14,2000,7.50,9.10
25866,Twilight Flameguard,23451,20,21,168,0,7,0,1,1.00,1.14,2000,1.00,1.00
25868,Midsummer Celebrant Costume: Blood Elf,21085,10,10,35,0,7,0,1,1.00,1.14,2000,1.00,1.00
25869,Midsummer Celebrant Costume: Draenei,21084,10,10,35,0,7,0,1,1.00,1.14,2000,1.00,1.00
25870,Midsummer Celebrant Costume: Dwarf,16434,10,10,35,0,7,0,1,1.00,1.14,2000,1.00,1.00
25871,Midsummer Celebrant Costume: Gnome,16447,10,10,35,0,7,0,1,1.00,1.14,2000,1.00,1.00
25872,Midsummer Celebrant Costume: Goblin,16431,10,10,35,0,7,0,1,1.00,1.14,2000,1.00,1.00
25873,Midsummer Celebrant Costume: Human,16412,10,10,35,0,7,0,1,1.00,1.14,2000,1.00,1.00
25874,Midsummer Celebrant Costume: Night Elf,16414,10,10,35,0,7,0,1,1.00,1.14,2000,1.00,1.00
25875,Midsummer Celebrant Costume: Orc,16436,10,10,35,0,7,0,1,1.00,1.14,2000,1.00,1.00
25876,Midsummer Celebrant Costume: Tauren,16442,10,10,35,0,7,0,1,1.00,1.14,2000,1.00,1.00
25877,Midsummer Celebrant Costume: Troll,16445,10,10,35,0,7,0,1,1.00,1.14,2000,1.00,1.00
25878,Midsummer Celebrant Costume: Undead,16443,10,10,35,0,7,0,1,1.00,1.14,2000,1.00,1.00
25886,Doomsday Rat,1141,1,1,31,0,8,0,1,1.00,1.14,2000,1.00,0.01
25936,Mulgore Flame Keeper,16334,20,20,83,3,7,0,1,1.00,1.14,2000,1.00,1.00
25952,Slippery Floor Bunny,21955,1,1,35,0,10,0,1,1.00,1.14,2000,1.00,1.00
25953,Fel Crystal Spell Target,169,1,1,14,0,10,0,1,1.00,1.14,2000,7.50,0.70
25961,Earthen Ring Totem,20231,20,20,35,0,11,0,1,1.00,1.00,2000,1.00,1.00
25964,Shaman Beam Bunny 000,21955,1,1,35,0,10,0,1,12.00,1.29,2000,1.00,1.00
25965,Shaman Beam Bunny 001,21955,1,1,35,0,10,0,1,12.00,1.71,2000,1.00,1.00
25966,Shaman Beam Bunny 002,21955,1,1,35,0,10,0,1,12.00,2.14,2000,1.00,1.00
25970,Fire Dancer,16436,1,60,775,0,7,0,1,1.00,1.14,2000,1.00,1.00
25971,Shaman Bonfire Bunny 000,11686,1,1,35,0,10,0,1,1.00,1.14,2000,1.00,1.00
25972,Shaman Bonfire Bunny 001,11686,1,1,35,0,10,0,1,1.00,1.14,2000,1.00,1.00
25973,Shaman Bonfire Bunny 002,11686,1,1,35,0,10,0,1,1.00,1.14,2000,1.00,1.00
25974,Master Fire Dancer,16436,1,60,775,0,7,0,1,1.00,1.14,2000,1.00,1.00
25995,Stampede Exit Point,169,1,1,35,0,10,0,1,1.00,1.14,2000,1.00,1.00
26016,Tamable Wolf,246,1,1,7,0,1,0,1,1.00,1.14,2000,1.00,1.00
26017,Tamable Bat,23513,1,1,7,0,1,0,1,1.00,1.14,2000,1.00,1.00
26019,Tamable Carrion Bird,23514,1,1,7,0,1,0,1,1.00,1.14,2000,1.00,1.00
26020,Tamable Boar,744,1,1,7,0,1,0,1,1.00,1.14,2000,1.00,1.00
26021,Tamable Cat,2031,1,1,7,0,1,0,1,1.00,1.14,2000,1.00,1.00
26024,Tamable Dragonhawk,23515,1,1,7,0,1,0,1,1.00,1.14,2000,1.00,1.00
26027,Tamable Nether Ray,23516,1,1,7,0,1,0,1,1.00,1.14,2000,1.00,1.00
26028,Tamable Bird of Prey,23517,1,1,7,0,1,0,1,1.00,1.14,2000,1.00,1.00
26029,Tamable Raptor,23518,1,1,7,0,1,0,1,1.00,1.14,2000,1.00,1.00
26032,Tamable Serpent,4767,1,1,7,0,1,0,1,1.00,1.14,2000,1.00,1.00
26033,Tamable Spider,23520,1,1,7,0,1,0,1,1.00,1.14,2000,1.00,1.00
26037,Tamable Warp Stalker,23521,1,1,7,0,1,0,1,1.00,1.14,2000,1.00,1.00
26038,Tamable Wind Serpent,2706,1,1,7,0,1,0,1,1.00,1.14,2000,1.00,1.00
26040,Fezzix's Flying Machine,22719,1,1,35,0,9,0,1,8.00,5.71,2000,1.00,1.00
26043,Steam Burst,1126,1,1,35,0,10,0,1,1.00,1.14,2000,1.00,1.00
26050,Snarly,23507,1,1,188,0,12,0,1,1.00,1.14,2000,1.00,1.00
26056,Chuck,23506,1,1,188,0,12,0,1,1.00,1.14,2000,1.00,1.00
26071,Arena Nether Drake,22620,1,1,35,0,2,0,1,1.00,1.14,2000,1.00,1.00
26080,Craig's Test Human B,23495,1,1,35,0,7,0,1,1.00,1.14,2000,1.00,1.00
26082,Weakness to Lightning Kill Credit Bunny,1126,1,1,35,0,10,0,1,1.00,1.14,2000,1.00,1.00
26096,Gnome Soul,6197,1,1,35,0,10,0,1,1.00,3.57,2000,1.00,1.00
26098,Bess,1060,5,5,1892,0,8,0,1,1.00,0.86,2000,1.00,0.01
26102,2.4 Daily Debug - Everyone [PH],15093,1,1,35,0,7,0,1,1.00,1.14,2000,1.00,1.00
26119,Phoenix Hatchling,23574,1,1,188,0,12,0,1,1.20,1.14,2000,1.00,1.00
26120,Wisp Dest Bunny,21955,1,1,35,0,10,0,1,1.00,1.14,2000,1.00,1.00
26121,Wisp Source Bunny,21955,1,1,35,0,10,0,1,1.00,1.14,2000,1.00,1.00
26125,Risen Ghoul,24994,1,1,14,0,6,0,4,1.00,1.14,2000,1.00,1.00
26176,[PH] Tom Test,1140,1,1,35,0,7,0,1,1.00,1.14,2000,1.00,1.00
26177,2.4 Sunwell 5 Man Tradeskill Bunny [PH],4626,1,1,14,0,8,0,1,1.00,1.14,2000,1.00,1.00
26200,Snowfall Glade Pup,25394,1,5,190,16777216,7,0,1,0.67,0.99,2000,1.00,1.00
26227,Slay Loguhn Kill Credit Bunny,1126,1,1,35,0,10,0,1,1.00,1.14,2000,1.00,1.00
26230,Snow Bunny,21955,1,1,35,0,10,0,1,1.00,1.14,2000,1.00,1.00
26239,Ghost of Ahune,11686,1,1,35,0,10,0,1,1.00,1.14,2000,1.00,1.00
26240,Seaspray Albatross,23709,5,5,1555,0,12,0,1,1.00,1.14,2000,1.00,1.00
26241,[PH] Ghost of Ahune (Disguise),23707,1,1,35,0,10,0,1,1.00,1.14,2000,1.00,1.00
26242,Empyrean Tortoise,14657,5,5,1555,0,12,0,1,1.00,1.14,2000,1.00,1.00
26243,Crimson Serpent,15923,5,5,35,0,12,0,1,1.00,1.14,2000,1.00,1.00
26244,Shadowsong Panther,15920,5,5,1555,0,12,0,1,1.00,1.14,2000,1.00,1.00
26254,Inert Portal,7950,1,1,35,0,10,0,1,1.00,1.14,2000,1.00,1.00
26255,Shattrath Portal,23719,1,1,35,0,10,0,1,1.00,1.14,2000,1.00,1.00
26258,[DND] Midsummer Bonfire Faction Bunny - A,11686,1,1,35,0,10,0,1,1.00,1.14,2000,1.00,1.00
26267,Big Dancing Flames,23732,1,1,35,0,10,0,1,1.00,1.14,2000,1.00,1.00
26298,ELM General Purpose Bunny (scale x0.01) Large,1126,1,1,35,0,10,0,1,1.00,1.14,2000,1.00,1.00
26346,Ahune's Bottle Bunny,21955,1,1,35,0,10,0,1,1.00,1.14,2000,1.00,1.00
26350,Alliance Graveyard Teleporter,169,1,1,534,0,10,0,1,1.00,0.99,2000,1.00,1.35
26351,Horde Graveyard Teleporter,169,1,1,714,0,10,0,1,1.00,0.99,2000,1.00,1.35
26355,[DND] Midsummer Bonfire Faction Bunny - H,11686,1,1,35,0,10,0,1,1.00,1.14,2000,1.00,1.00
26364,(PH) Wildlife Test Doe,23786,5,5,1999,0,1,0,1,1.00,1.14,2000,1.00,1.00
26365,Taunka Orphan,23783,1,1,1981,0,7,0,1,1.00,1.00,2000,1.00,1.00
26371,Squire Walter,23788,9,9,1892,2,7,0,1,1.00,1.14,2000,1.00,1.00
26377,Squire Percy,23796,9,9,1892,4194307,7,0,1,1.00,1.14,2000,1.00,1.00
26401,Summer Scorchling,8409,1,1,188,2,4,0,1,1.00,1.14,1500,1.00,1.00
26404,Black Skeletal Warhorse,10718,1,2,35,0,6,0,1,1.00,1.14,2000,1.00,1.00
26430,Ducal's Passenger Seat,1126,1,1,35,0,10,0,1,1.00,1.14,2000,1.00,1.00
26435,Taunka Move Trigger,169,1,1,35,0,10,0,1,1.00,1.14,2000,1.00,1.00
26468,North Building,1060,1,1,35,0,10,0,2,1.00,1.14,2000,1.00,1.00
26469,South Building,1060,1,1,35,0,10,0,2,1.00,1.14,2000,1.00,1.00
26470,East Building,1060,1,1,35,0,10,0,2,1.00,1.14,2000,1.00,1.00
26502,Wisp of Ragnaros,23872,1,1,35,0,10,0,1,1.00,1.14,2000,1.00,1.00
26503,Scalawag Frog,6296,1,1,31,16777216,8,0,1,1.00,0.86,2000,1.00,0.01
26520,Festival Scorchling,8409,1,1,188,2,4,0,1,1.00,1.14,1500,1.00,1.00
26525,Cockroach,23902,1,1,188,0,8,0,1,0.40,1.14,2000,1.00,1.00
26531,Mesmerized Frog,6296,1,1,31,0,8,0,1,1.00,0.86,2000,1.00,0.01
26571,Imprisoned Monkey,21362,1,1,35,0,8,0,1,1.00,1.14,2000,1.00,1.00
26587,Grizzly Hills Rabbit,23922,1,1,188,0,12,0,1,1.00,1.14,2000,1.00,1.00
26588,Emily,23949,5,5,35,3,7,0,1,1.00,0.93,2000,1.00,1.00
26614,Snowshoe Hare,328,5,5,31,0,1,0,1,1.00,1.29,2000,1.00,1.00
26650,Durnholde Captain,17387,1,1,1748,0,7,1,1,1.00,1.14,2000,7.50,12.00
26651,Durnholde Captain (1),17387,1,1,1748,0,7,1,1,1.00,1.14,2000,13.00,16.20
26671,Rabid Dire Bear *Unused*,23992,1,1,35,0,1,1,1,1.00,1.14,2000,7.50,4.00
26688,Statis orb,169,1,1,35,0,10,0,1,0.30,1.14,2000,1.00,1.00
26698,Riding Kodo (TAR - NPC ONLY),12242,1,2,35,0,1,0,1,1.00,1.14,2000,1.00,1.00
26773,The Focus on the Beach Kill Credit Bunny,1126,1,1,35,0,10,0,1,1.00,1.14,2000,1.00,1.00
26774,Direbrew Summon Loc bunny,21955,1,1,35,0,10,0,1,1.00,1.14,2000,1.00,1.00
26775,Direbrew Goto Loc bunny,21955,1,1,35,0,10,0,1,1.00,1.14,2000,1.00,1.00
26781,2.4 Sunwell Daily Gem Vendor [PH],15093,1,1,35,0,7,0,1,1.00,1.14,2000,1.00,1.00
26791,Scott Keenan,16259,1,1,35,0,3,2,1,1.00,1.14,2000,7.50,19.00
26804,Fizzcrank Bomber Invisible Bunny,1126,1,1,35,0,10,0,1,1.00,1.14,2000,1.00,1.00
26831,Atop the Woodlands Kill Credit Bunny,1126,1,1,35,0,10,0,1,1.00,1.14,2000,1.00,1.00
26833,Startled Warhorse,8469,1,2,35,0,1,0,1,1.00,1.14,2000,1.00,1.00
26834,Mole Machine PoV Bunny,21955,1,1,35,0,10,0,1,1.00,1.14,2000,1.00,1.00
26855,East Stone,20570,1,1,14,0,10,0,2,1.00,1.14,2000,1.00,1.00
26856,North Stone,20570,1,1,14,0,10,0,2,1.00,1.14,2000,1.00,1.00
26857,South Stone,20570,1,1,14,0,10,0,2,1.00,1.14,2000,1.00,1.00
26887,The End of the Line Ley Line Focus Kill Credit Bunny,1126,1,1,35,0,10,0,1,1.00,1.14,2000,1.00,1.00
26889,The End of the Line Area Trigger Kill Credit Bunny,1126,1,1,35,0,10,0,1,1.00,1.14,2000,1.00,1.00
26894,TEST ESCORTEE - LAB,2311,15,15,113,0,7,0,1,1.00,1.14,2000,1.00,1.00
27047,Invisible Stalker (Floating Only),1126,1,1,35,0,10,0,1,1.00,1.14,2000,1.00,1.00
27111,Blighted Elk Liquid Fire of Elune Kill Credit Bunny,1126,1,1,35,0,10,0,1,1.00,1.14,2000,1.00,1.00
27112,Rabid Grizzly Liquid Fire of Elune Kill Credit Bunny,1126,1,1,35,0,10,0,1,1.00,1.14,2000,1.00,1.00
27124,[TDB] Killcredit Quest XXXXX,24073,1,1,35,0,7,0,1,1.00,1.14,2000,1.00,1.00
27128,[PH] Dalaran Commoner,3718,1,1,35,0,7,0,1,1.00,1.14,2000,1.00,1.00
27135,Attunement to Dalaran Kill Credit Bunny,1126,1,1,35,0,10,0,1,1.00,1.14,2000,1.00,1.00
27152,Headless Horseman's Mount,25159,1,2,35,0,6,0,1,1.00,1.14,2000,1.00,1.00
27153,Headless Horseman's Mount,25958,1,2,35,0,6,0,1,1.00,1.14,2000,1.00,1.00
27154,Test Faction NPC,10913,1,2,1675,0,7,0,1,1.00,1.14,2000,1.00,1.00
27170,Amber Ledge Warmage,24373,1,1,2009,0,7,1,1,1.00,1.14,2000,7.50,6.00
27180,Jintha'kalar Invisible Stalker,1126,1,1,35,0,10,0,1,1.00,1.14,2000,1.00,1.00
27191,Skrotee,24394,10,10,1928,0,7,0,1,1.00,1.14,2000,1.00,1.00
27196,Tiny Blue Dragon,24620,1,1,188,0,12,0,1,1.00,1.14,2000,1.00,1.00
27197,Tiny Gold Dragon,24393,1,1,188,0,12,0,1,1.00,1.14,2000,1.00,1.00
27198,Brote,24395,12,12,1928,0,7,0,1,1.00,1.14,2000,1.00,1.00
27217,Spirit of Competition,24393,1,1,188,0,12,0,1,1.00,1.14,2000,1.00,1.00
27222,Archery Target,17610,1,1,1375,0,10,0,1,1.00,1.14,2000,1.00,1.00
27223,Archery Target,17610,1,1,1375,0,10,0,1,1.00,1.14,2000,1.00,1.00
27253,Blighted Last Rites Kill Credit Bunny,1126,1,1,35,0,10,0,1,1.00,1.14,2000,1.00,1.00
27276,Let Them Not Rise! Rat,1141,1,1,190,0,8,0,1,1.00,0.86,2000,1.00,1.00
27280,Let Them Not Rise! Kill Credit Bunny,1126,1,1,35,0,10,0,1,1.00,1.14,2000,1.00,1.00
27296,Fresh Remounts Kill Credit Bunny,1126,1,1,35,0,10,0,1,1.00,1.14,2000,1.00,1.00
27304,King Bjorn Visual,28085,1,1,35,0,10,3,1,1.00,1.14,2000,35.00,1.00
27306,Transitus Shield Invisible Bunny,1126,1,1,35,0,10,0,1,1.00,1.14,2000,1.00,1.00
27310,King Haldor Visual,28086,1,1,35,0,10,3,1,1.00,1.14,2000,35.00,1.00
27311,King Ranulf Visual,28087,1,1,35,0,10,3,1,1.00,1.14,2000,35.00,1.00
27312,King Tor Visual,28088,1,1,35,0,10,3,1,1.00,1.14,2000,35.00,1.00
27321,Kodian Conversation Credit,11686,1,1,35,0,10,0,1,1.00,1.14,2000,1.00,1.00
27322,Orsonn Conversation Credit,11686,1,1,35,0,10,0,1,1.00,1.14,2000,1.00,1.00
27323,Outhouse Stalker,1126,1,1,35,0,10,0,1,1.00,1.14,2000,1.00,1.00
27331,Bombard the Ballistae Kill Credit Bunny,1126,1,1,35,0,10,0,1,1.00,1.14,2000,1.00,1.00
27346,Essence of Competition,24620,1,1,188,0,12,0,1,1.00,1.14,2000,1.00,1.00
27352,Levine Family Termite,12191,1,1,35,0,8,0,1,0.40,0.71,2000,1.00,1.00
27353,Levine Family Termite Bunny,1126,1,1,35,0,10,0,1,1.00,1.14,2000,1.00,1.00
27364,Jimmy the Stable Boy,251,10,10,1892,0,7,0,1,1.00,1.14,2000,1.00,1.00
27369,Necromantic Rune Bunny,10811,1,1,35,0,10,0,1,1.00,1.14,2000,1.00,1.00
27392,Avenging Spirit Summoner,169,1,1,114,0,10,0,1,0.80,0.29,2000,1.00,1.00
27394,Torture the Torturer Kill Credit Bunny,1126,1,1,35,0,10,0,1,1.00,1.14,2000,1.00,1.00
27399,Muja,24616,1,1,29,1,7,0,1,1.00,1.14,2000,1.00,1.00
27402,Bone Target Bunny,10811,1,1,35,0,10,0,1,1.00,1.14,2000,1.00,1.00
27404,Utgarde Duo Trigger,11686,1,1,35,0,10,0,1,1.00,1.14,2000,1.00,1.00
27407,Pet Toy - Fetch Ball,24629,1,1,35,0,10,0,1,1.20,1.00,2000,1.00,1.00
27418,Rothin's Spell Bunny,10811,1,1,35,0,10,0,1,1.00,1.14,2000,1.00,1.00
27419,The Perfect Dissemblance Kill Credit Bunny,1126,1,1,35,0,10,0,1,1.00,1.14,2000,1.00,1.00
27420,Rothin's Necromantic Rune Bunny,10811,1,1,35,0,10,0,1,1.00,1.14,2000,1.00,1.00
27426,Commander Jordan Kill Credit Bunny,1126,1,1,35,0,10,0,1,1.00,1.14,2000,1.00,1.00
27427,Lead Cannoneer Zierhut Kill Credit Bunny,1126,1,1,35,0,10,0,1,1.00,1.14,2000,1.00,1.00
27428,Blacksmith Goodman Kill Credit Bunny,1126,1,1,35,0,10,0,1,1.00,1.14,2000,1.00,1.00
27429,Stable Master Mercer Kill Credit Bunny,1126,1,1,35,0,10,0,1,1.00,1.14,2000,1.00,1.00
27433,Quarterflash's Homing Bot,24635,1,1,1892,0,9,0,1,1.00,1.14,2000,1.00,1.00
27436,Upper Wintergarde Mine Shaft,169,1,1,35,0,10,0,1,1.00,1.14,2000,1.00,1.00
27437,Lower Wintergarde Mine Shaft,169,1,1,35,0,10,0,1,1.00,1.14,2000,1.00,1.00
27438,Rainbow Trout,24637,1,1,7,0,8,0,1,1.00,1.14,2000,1.00,1.00
27444,A Fall from Grace High Abbot Kill Credit Bunny,1126,1,1,35,0,10,0,1,1.00,1.14,2000,1.00,1.00
27445,A Fall from Grace Bell Rung Kill Credit Bunny,17612,1,1,35,0,10,0,1,1.00,1.14,2000,1.00,1.00
27446,High Abbot Landgren's Jump Vehicle,16480,1,1,35,0,10,0,1,1.00,1.14,2000,1.00,1.00
27449,Neltharion's Flame Fire Bunny,1126,1,1,35,0,10,0,1,1.00,1.14,2000,1.00,1.00
27450,Neltharion's Flame Control Bunny,10811,1,1,35,0,10,0,1,1.00,1.14,2000,1.00,1.00
27452,Invisible Stalker Grizzly Hills,1126,1,1,35,0,10,0,1,1.00,1.14,2000,1.00,1.00
27458,Flora,16633,1,1,31,0,8,0,1,1.00,0.86,2000,1.00,0.20
27459,Thudder,328,1,1,31,0,8,0,1,1.00,0.86,2000,1.00,0.01
27460,Mother of Bambina,347,5,5,2038,0,8,0,1,1.00,0.86,2000,1.00,0.01
27461,Bambina,654,1,1,2038,0,8,0,1,1.00,0.86,2000,1.00,0.20
27522,Inn Rat,1141,1,1,31,0,8,0,1,1.00,1.14,2000,1.00,0.20
27527,Clayton Dubin - TEST COPY DATA,24106,1,1,35,0,11,0,1,1.00,1.14,2000,1.00,5.11
27541,Swift Zhevra,24693,20,21,189,0,1,0,1,1.00,1.14,2000,1.00,1.02
27543,Fordragon Medic,3943,20,20,2053,0,7,0,1,1.00,1.14,2000,1.00,1.00
27561,Undead Miner Credit,24099,1,1,974,0,6,0,1,1.00,1.14,2000,1.00,1.00
27572,Ruby Controller Bunny,10811,1,1,35,0,10,0,1,1.00,1.14,2000,1.00,1.00
27589,Ruby Strafe Bunny,1126,1,1,35,0,10,0,1,1.00,1.14,2000,1.00,1.00
27634,Wolf Spirit Visual (Ymirjar Dusk Shaman),11418,1,1,21,0,1,1,1,1.00,1.14,2000,7.50,1.00
27637,Vengeful Nether Drake,24725,10,10,35,0,2,0,1,1.00,1.14,2000,1.00,1.00
27646,Anya,252,12,12,35,2,7,0,1,1.00,1.14,1500,1.00,4.00
27684,Swift Zhevra,24745,17,18,189,0,1,0,1,1.00,1.14,2000,1.00,1.00
27698,Defending Wyrmrest Temple Kill Credit Bunny,1126,1,1,35,0,10,0,1,1.00,1.14,2000,1.00,1.00
27706,Brewfest Riding Kodo,24758,1,2,35,0,1,0,1,1.00,1.14,2000,1.00,1.00
27707,Great Brewfest Kodo,24757,1,2,35,0,1,0,1,1.00,1.39,2000,1.00,1.00
27738,Frostsabre Vehicle,9695,1,2,35,0,1,0,1,1.00,1.14,2000,1.00,1.00
27741,Currency Token Test Wizard,3585,19,20,14,0,7,0,1,1.00,1.14,2000,1.00,1.00
27757,Mole Machine Hearth PoV Bunny,21955,1,1,35,0,10,0,1,1.00,1.14,2000,1.00,1.00
27792,Injured Soldier Waypoint 01,22712,1,1,35,0,10,0,1,1.00,1.14,2000,1.00,1.00
27793,Injured Soldier Waypoint 02,22712,1,1,35,0,10,0,1,1.00,1.14,2000,1.00,1.00
27794,Injured Soldier Waypoint 03,22712,1,1,35,0,10,0,1,1.00,1.14,2000,1.00,1.00
27795,Injured Soldier Summon Point,22712,1,1,35,0,10,0,1,1.00,2.29,2000,1.00,1.00
27798,Reincarnated Skytalon,11686,1,1,35,0,8,0,1,1.00,1.14,2000,1.00,1.00
27827,Grain Crate Helper,17200,1,1,35,0,10,0,1,1.00,1.14,2000,1.00,1.00
27845,Plagued Roach,3233,1,1,2049,0,8,0,1,0.40,0.86,2000,1.00,0.10
27848,Plagued Resident,137,10,10,2023,0,6,0,1,0.78,0.36,2000,1.00,1.00
27849,Patchy,9209,1,1,188,0,12,0,1,1.00,1.14,2000,1.00,1.00
27853,Projections and Plans Kill Credit Bunny,1126,1,1,35,0,10,0,1,1.00,1.14,2000,1.00,1.00
27855,Plagued Vermin,22175,1,1,2048,0,8,0,1,1.00,1.14,2000,1.00,0.10
27863,Ruby Flowers,24882,1,1,190,0,10,0,1,1.00,1.14,2000,1.00,1.00
27865,Plagued Pet,10029,1,1,188,0,12,0,1,1.00,1.14,2000,1.00,1.00
27866,Honeybee,14985,1,1,35,0,10,0,1,1.00,1.14,2000,1.00,0.00
27867,Woodland Squirrel,134,1,1,35,0,10,0,1,1.00,1.14,2000,1.00,0.20
27870,Wild Flower,24890,1,1,35,0,10,0,1,1.00,0.86,2000,1.00,0.20
27878,Wintergrasp Land Mine,24896,20,20,1620,0,10,0,1,1.00,1.14,2000,1.00,1.00
27882,Brew Bubble,24939,1,1,35,0,10,0,1,1.00,0.86,2000,1.00,0.20
27890,Brewfest - Direbrew Mole Machine Loc bunny,21955,1,1,35,0,10,0,1,1.00,1.14,2000,1.00,1.00
27893,Rune Weapon,1126,1,1,14,0,10,0,1,1.00,1.14,3500,1.00,1.00
27908,Angry Jungle Gnome,24918,1,1,35,0,10,0,1,1.00,1.14,2000,1.00,0.20
27916,World Deathknight Trainer,2575,10,10,35,0,7,0,1,1.00,1.14,2000,1.00,1.00
27944,Johan,14546,2,2,1892,0,1,0,1,1.00,1.29,2000,1.00,1.00
27958,Parading Pink Elekk,24959,5,5,35,0,10,0,1,1.00,1.14,2000,1.00,1.00
27967,Dark Rune Guardian [PH],8750,1,1,35,0,7,1,1,1.00,1.14,2000,7.50,2.90
27988,Dalson's Outhouse Bunny,10811,1,1,35,0,10,0,1,1.00,1.14,2000,1.00,1.00
27989,D.I.S.C.O.,11686,1,1,35,0,10,0,1,1.00,1.14,2000,1.00,1.00
27994,Lieutenant Icehammer,1126,1,1,35,0,10,0,1,1.00,1.14,2000,1.00,1.00
27995,The Gearmaster's Manual Researched Kill Credit Bunny,1126,1,1,35,0,10,0,1,1.00,1.14,2000,1.00,1.00
27997,Test PvP Questgiver,2676,1,1,35,0,7,0,1,1.00,1.14,2000,1.00,1.00
27998,Ethereal Mutagen - Pet,25003,1,2,7,0,4,0,1,1.00,1.14,2000,1.00,1.00
28000,Ethereal Mutagen - Player,19454,1,2,7,0,4,0,1,1.00,1.14,2000,1.00,1.00
28013,Fire Upon the Waters Kill Credit Bunny,1126,1,1,35,0,10,0,1,1.00,1.14,2000,1.00,1.00
28017,Bloodworm,15983,1,1,14,0,8,0,1,1.00,1.14,2660,1.00,0.08
28037,The Spirit of Gnomeregan,22719,1,1,35,8192,9,0,1,1.00,1.39,2000,1.00,1.00
28053,Apple,25071,1,1,35,0,10,0,1,1.00,1.00,2000,1.00,1.00
28093,Sholazar Tickbird,25103,1,1,190,0,8,0,1,1.60,1.57,2000,1.00,1.00
28100,Lemming,1072,1,1,31,0,8,0,1,1.00,0.86,2000,1.00,0.01
28119,TEST- Theresa's frostsaber vehicle,10426,1,2,35,0,1,0,1,1.00,1.14,2000,1.00,1.00
28127,Softknuckle,21360,1,5,35,0,1,0,1,1.00,0.99,2000,1.00,1.00
28128,Bristlepine Food Bunny,1126,1,1,35,0,10,0,1,1.00,1.14,2000,1.00,1.00
28139,Frenzyheart Pup,25382,1,5,2060,0,7,0,1,0.67,0.99,2000,1.00,1.00
28140,Gorloc Hatchling,25133,1,5,2063,0,7,0,1,1.00,1.19,2000,1.00,1.00
28161,Chicken Escapee,26182,1,1,7,16777216,8,0,1,1.00,1.14,2000,1.00,1.00
28173,[ph] exploding barrel,4626,1,1,190,0,10,0,1,1.00,1.14,2000,1.00,1.00
28181,Zul'Drak Gateway Trigger,169,1,1,2070,0,10,0,1,1.00,1.14,2000,1.00,1.00
28202,Zul'Drak Rat,1141,1,1,188,16777216,8,0,1,1.00,1.14,2000,1.00,1.00
28206,[DND] L70ETC Drums,25209,1,1,35,0,10,0,1,1.00,1.00,2000,1.00,1.00
28224,Trapdoor Crawler Bunny,13069,1,1,35,0,10,0,1,1.00,1.14,2000,1.00,1.00
28245,QA Test First Aid Trainer,4436,1,1,35,0,7,0,1,1.00,1.14,2000,1.00,3.00
28253,Mistwhisper Lightning Cloud,23310,1,1,7,0,11,0,1,0.80,1.00,2000,1.00,1.00
28254,Mistwhisper Lightning Target,1126,1,1,7,0,10,0,1,1.00,1.14,2000,1.00,1.00
28267,Coyote Spirit,25265,1,1,58,0,12,0,1,1.00,1.14,2000,1.00,1.00
28273,Arranged Crystal Formation Bunny,10811,1,1,35,0,10,0,1,1.00,1.14,2000,1.00,1.00
28279,Sholazar Witch Light,1126,1,1,35,0,10,0,1,1.60,1.14,2000,1.00,1.00
28289,Plague Sprayer Kill Credit Bunny,1126,1,1,35,0,10,0,1,1.00,1.14,2000,1.00,1.00
28299,Frenzyheart Hill Bunny,10811,1,1,35,0,10,0,1,1.00,1.14,2000,1.00,1.00
28300,Mistwhisper Refuge Bunny,10811,1,1,35,0,10,0,1,1.00,1.14,2000,1.00,1.00
28301,ZP - Retch! Bunny,11686,1,1,2023,0,10,0,1,1.00,1.14,2000,1.00,1.00
28302,Acherus Deathcharger,25280,1,2,35,0,1,0,1,1.00,1.14,2000,1.00,1.00
28306,Anti-Magic Zone,4590,1,1,58,0,11,0,1,1.00,1.14,2000,1.00,0.01
28307,Croclisk Chain Bunny,10811,1,1,35,0,10,0,1,1.00,1.14,2000,1.00,1.00
28333,ELM General Purpose Bunny (scale x0.25),1126,1,1,35,0,10,0,1,1.00,1.14,2000,1.00,1.00
28346,Crunchy,25318,5,5,35,0,1,0,1,1.00,0.99,2000,1.00,1.00
28362,Glinting Dirt,25334,1,1,2063,0,10,0,1,0.80,0.57,2000,1.00,1.00
28363,Big Battle Bear,25335,10,10,35,0,1,0,1,1.00,1.14,2000,1.00,1.00
28371,Sparkling Hare,25340,1,1,188,0,8,0,1,1.00,2.00,2000,1.00,1.00
28372,Glinting Bug,2177,1,1,188,0,8,0,1,3.20,0.71,2000,1.00,1.00
28407,Fjord Penguin,24698,1,1,7,0,8,0,1,1.00,1.00,2000,1.00,1.00
28440,Tundra Penguin,25390,1,1,7,0,8,0,1,1.00,1.00,2000,1.00,1.00
28441,Great Horned Owl Hover Bunny,11686,1,1,35,0,10,0,1,1.00,1.14,2000,1.00,1.00
28453,Riding Horse (Vehicle Demo),16452,1,2,35,0,1,0,1,1.00,1.14,2000,1.00,1.00
28454,Skyreach Pillar Bunny,10811,1,1,35,0,10,0,1,1.00,1.14,2000,1.00,1.00
28455,Rainspeaker Canopy Bunny,10811,1,1,35,0,10,0,1,1.00,1.14,2000,1.00,1.00
28456,Sparktouched Haven Bunny,10811,1,1,35,0,10,0,1,1.00,1.14,2000,1.00,1.00
28457,Spearborn Encampment Bunny,10811,1,1,35,0,10,0,1,1.00,1.14,2000,1.00,1.00
28458,Kartak's Hold Bunny,10811,1,1,35,0,10,0,1,1.00,1.14,2000,1.00,1.00
28459,Mosswalker Village Bunny,10811,1,1,35,0,10,0,1,1.00,1.14,2000,1.00,1.00
28460,Lifeblood Pillar Bunny,10811,1,1,35,0,10,0,1,1.00,1.14,2000,1.00,1.00
28461,Bristlepine Den Bunny,10811,1,1,35,0,10,0,1,1.00,1.14,2000,1.00,1.00
28462,Sapphire Hive Bunny,10811,1,1,35,0,10,0,1,1.00,1.14,2000,1.00,1.00
28463,River's Heart Bunny,10811,1,1,35,0,10,0,1,1.00,1.14,2000,1.00,1.00
28469,[UNUSED]Altar of Quetz'lun Gateway - Real World,18783,1,1,35,0,10,0,1,1.00,1.14,2000,1.00,1.00
28470,Nether Ray Fry,25457,1,1,188,0,12,0,1,1.00,1.14,2000,1.00,1.00
28478,Altar of Quetz'lun Gateway,18783,1,1,35,0,10,0,1,1.00,1.14,2000,1.00,1.00
28482,Avatar of Freya Conversation Credit,11686,1,1,35,0,10,0,1,1.00,1.14,2000,1.00,1.00
28501,Ronakada,25489,1,1,35,0,7,1,1,1.00,1.14,2000,7.50,20.00
28513,Vampiric Batling,4185,1,1,188,0,12,0,1,1.00,1.14,2000,1.00,1.00
28531,Frost Wyrm Mount,25511,10,10,35,0,2,0,1,1.00,1.14,2000,1.00,1.00
28533,Riding Horse (Scarlet Commander),2404,1,2,35,0,1,0,1,1.00,1.14,2000,1.00,1.00
28545,Distillo-matic 5000,6909,5,5,35,0,9,0,1,1.00,1.14,2000,1.00,1.00
28567,Water Spout,11686,1,1,35,0,10,0,1,1.00,1.14,2000,1.00,1.00
28595,Freya's Horn Credit,11686,1,1,35,0,10,0,1,1.00,1.14,2000,1.00,1.00
28613,Orgrimmar Wolf Rider,4259,1,1,85,0,7,0,1,1.00,1.14,2000,1.00,2.00
28620,"Riding Horse (Charger, Default Run Speed)",14584,1,2,35,0,1,0,1,1.00,1.14,2000,1.00,1.00
28621,Grayson Ironwing,25582,1,1,2070,1,7,1,1,1.00,1.14,2000,7.50,3.00
28622,Scalps! Kill Credit Bunny,1126,1,1,35,0,10,0,1,1.00,1.14,2000,1.00,1.00
28635,Spirit Wolf,1236,1,1,14,0,1,0,1,1.00,1.14,2000,1.00,1.00
28681,Brittle Golem,26131,1,1,16,0,4,0,1,1.00,1.14,2000,1.00,1.00
28711,Undead Eagle,25630,1,2,7,0,6,0,1,1.00,1.14,2000,1.00,1.00
28712,Basic Loot Pinata,856,1,1,1620,0,8,0,1,1.00,1.14,2000,1.00,0.03
28713,Quetz'lun Troll Worshipper Kill Credit Bunny,1126,1,1,35,0,10,0,1,1.00,1.14,2000,1.00,1.00
28720,First Aid Loot Pinata,856,1,1,1620,0,8,0,1,1.00,1.14,2000,1.00,0.03
28753,High Priest Mu'funu Kill Credit Bunny,1126,1,1,35,0,10,0,1,1.00,1.14,2000,1.00,1.00
28755,High Priestess Tua-Tua Kill Credit Bunny,1126,1,1,35,0,10,0,1,1.00,1.14,2000,1.00,1.00
28757,High Priest Hawinni Kill Credit Bunny,1126,1,1,35,0,10,0,1,1.00,1.14,2000,1.00,1.00
28770,High Priestess Tua-Tua Hex of Fire Bunny,1126,1,1,35,0,10,0,1,1.00,1.14,2000,1.00,1.00
28773,High Priest Hawinni Hex of Frost Bunny,1126,1,1,35,0,10,0,1,1.00,1.14,2000,1.00,1.00
28775,Dark Rider Target,16480,1,1,35,0,10,0,1,1.00,1.14,2000,1.00,1.00
28816,WotLK Light Beam Bunny,21955,1,1,35,0,10,0,1,1.00,1.14,2000,1.00,1.00
28817,Mine Car,25703,1,1,35,0,10,0,1,1.00,1.14,2000,1.00,1.00
28821,Mine Car,25703,1,1,35,0,10,0,1,1.00,2.00,2000,1.00,1.00
28824,Brann Flying Machine,22878,1,1,35,0,9,0,1,1.20,1.39,2000,1.00,1.00
28842,Mine Cart Test,25703,1,1,35,0,10,0,1,1.00,1.14,2000,1.00,1.00
28876,Mam'toth Disciple Kill Credit Bunny,1126,1,1,35,0,10,0,1,1.00,1.14,2000,1.00,1.00
28883,Frosty,28456,1,1,188,0,12,0,1,1.00,1.14,2000,1.00,1.00
28987,Watcher Blomberg,2381,20,20,56,0,7,0,1,1.00,1.14,2000,1.00,1.00
29010,Anti-Magic Barrier (Quest),4590,1,1,58,0,11,0,1,1.00,1.14,2000,1.00,0.01
29027,Wild Growth Stalker,1126,1,1,35,0,10,0,1,1.00,1.14,2000,1.00,1.00
29060,Crusader Parachute Kill Credit Bunny,1126,1,1,35,0,10,0,1,1.00,1.14,2000,1.00,1.00
29081,WotLK Soldier Kneel Bunny,21955,1,1,35,0,10,0,1,0.40,1.14,2000,1.00,1.00
29089,Mini Tyrael,25900,1,1,188,0,12,0,1,1.00,1.14,2000,1.00,1.00
29094,Volatile Trap Knockback Bunny,1126,1,1,2060,0,10,0,1,1.00,1.14,2000,1.00,1.00
29116,Stormwatcher Head,25918,1,1,35,0,10,0,1,1.00,1.14,2000,1.00,1.00
29134,Brown Rabbit,6302,1,1,190,0,8,0,1,1.00,0.86,2000,1.00,0.01
29138,WotLK Paladin Waypoint,21955,1,1,35,0,10,0,1,1.00,1.14,2000,1.00,1.00
29140,Camera Shaker - 20-40 seconds,16480,1,1,35,0,10,0,1,1.00,1.14,2000,1.00,1.00
29147,Ghostly Skull,28089,1,1,35,0,12,0,1,1.00,0.99,2000,1.00,1.00
29151,Cricket,5207,1,1,35,0,1,0,1,1.00,1.14,2000,1.00,1.00
29170,WotLK Apothecary Bat Rider Controller,21955,1,1,35,0,10,0,1,1.00,1.14,2000,1.00,1.00
29172,Frozen Shade,14703,1,1,35,0,6,0,1,1.00,1.14,2000,1.00,1.00
29197,"Frozen Shade, Climax",14703,1,1,35,0,6,0,1,1.00,1.14,2000,1.00,1.00
29215,Disciples of the Unholy Bunny,10811,1,1,35,0,10,0,1,1.00,1.14,2000,1.00,1.00
29223,Image of Mr. Bigglesworth,26055,1,1,32,0,8,0,1,1.00,0.86,2000,1.00,0.25
29234,Strand of the Ancients Battlemaster,40,1,1,35,0,7,1,1,1.00,1.14,2000,7.50,1.00
29238,Scourge Haunt,26064,1,1,35,0,6,0,1,1.00,0.57,2000,1.00,1.00
29258,Omar's accumulator bunny,21955,1,1,190,0,8,0,1,1.00,1.14,2000,1.00,1.00
29328,Arctic Hare,328,1,1,31,0,8,0,1,1.00,1.29,2000,1.00,1.00
29341,Dual-plagued Brain,21342,1,1,35,0,10,0,1,1.00,1.14,2000,1.00,1.00
29345,Argent Dawn Banner,21955,1,1,35,0,10,0,1,1.00,1.14,2000,1.00,1.00
29391,Ravenous Jaws Blood Kill Credit Bunny,1126,1,1,35,0,10,0,1,1.00,1.14,2000,1.00,1.00
29398,"From Their Corpses, Rise! Kill Credit Bunny",1126,1,1,35,0,10,0,1,1.00,1.14,2000,1.00,1.00
29406,You'll Need a Gryphon Kill Credit Bunny,1126,1,1,35,0,10,0,1,1.00,1.14,2000,1.00,1.00
29440,Goblin Sapper Backpack,26252,1,1,35,0,10,0,1,1.00,0.99,2000,1.00,1.00
29441,Lieutenant Julek,16221,10,10,794,2,7,0,1,1.00,1.14,2000,1.00,1.00
29442,Lieutenant Kregor,16219,10,10,794,2,7,0,1,1.00,1.14,2000,1.00,1.00
29443,Argent Dawn Banner (Visual),26196,1,1,35,0,10,0,1,1.00,1.00,2000,1.00,1.00
29482,Pet Skunk,16633,1,1,188,0,12,0,1,1.00,1.14,2000,1.00,1.00
29526,Sholazar Daily Test NPC,15093,1,1,35,0,7,0,1,1.00,1.14,2000,1.00,1.00
29550,Arete's Gate Summoned Kill Credit Bunny,1126,1,1,35,0,10,0,1,1.00,1.14,2000,1.00,1.00
29556,Goblin Sapper Backpack,26252,1,1,35,0,10,0,1,1.00,0.99,2000,1.00,1.00
29577,Landgren's Soul Moveto Target Bunny,1126,1,1,35,0,10,0,1,1.00,1.14,2000,1.00,1.00
29594,Angry Turkey,21774,4,6,14,0,8,0,1,1.00,1.14,2000,1.00,1.00
29596,White Polar Bear,28428,10,10,35,0,1,0,1,1.00,1.14,2000,1.00,1.00
29627,Grand Admiral Westwind Kill Credit Bunny,1126,1,1,35,0,10,0,1,1.00,1.14,2000,1.00,1.00
29630,Fanged Pit Viper,6303,1,1,7,0,1,0,1,1.00,1.14,2000,1.00,1.00
29645,Mechanical Suit ZX-5103,7288,1,1,35,0,9,0,1,1.00,1.14,2000,1.00,4.68
29655,Malygos,1126,1,1,35,0,10,0,1,1.00,1.14,2000,1.00,1.00
29681,Gal'darah Rhino,26278,1,1,35,0,7,1,1,1.00,1.14,2000,7.50,25.00
29685,WotLK City Attacks Ice Block Bunny,21955,1,1,35,0,10,0,1,1.00,1.14,2000,1.00,1.00
29726,Mr. Chilly,26452,1,1,188,0,12,0,1,1.00,1.14,2000,1.00,1.00
29749,Morgana Dayblaze,26493,1,1,1926,0,7,0,1,1.00,1.14,2000,1.00,1.00
29754,Column Ornament,26506,1,1,35,0,10,0,1,1.00,1.14,2000,1.00,1.00
29758,Cosmetic Totem Horde Air,26509,1,1,1375,0,10,0,1,1.00,1.14,2000,1.00,1.00
29759,Cosmetic Totem Horde Earth,26513,1,1,1375,0,10,0,1,1.00,1.14,2000,1.00,1.00
29760,Cosmetic Totem Horde Fire,26514,1,1,1375,0,10,0,1,1.00,1.14,2000,1.00,1.00
29761,Cosmetic Totem Horde Water,26515,1,1,1375,0,10,0,1,1.00,1.14,2000,1.00,1.00
29763,Cosmetic Totem Alliance Air,26517,1,1,1375,0,10,0,1,1.00,1.00,2000,1.00,1.00
29764,Cosmetic Totem Alliance Earth,26518,1,1,1375,0,10,0,1,1.00,1.00,2000,1.00,1.00
29765,Cosmetic Totem Alliance Fire,26519,1,1,1375,0,10,0,1,1.00,1.00,2000,1.00,1.00
29766,Cosmetic Totem Alliance Water,26521,1,1,1375,0,10,0,1,1.00,1.00,2000,1.00,1.00
29771,ELM General Purpose Bunny (scalex0.01 - Phase I),1126,1,1,35,0,10,0,1,1.00,1.14,2000,1.00,1.00
29772,ELM General Purpose Bunny Hide Body (Phase I),1126,1,1,35,0,10,0,1,1.00,1.14,2000,1.00,1.00
29773,ELM General Purpose Bunny Large (Phase I),1126,1,1,35,0,10,0,1,1.00,1.14,2000,1.00,1.00
29776,"Wisp, Ghost Mount",1825,1,1,80,0,8,0,1,1.00,1.14,2000,1.00,1.00
29777,Cosmetic Mechanical Gorilla,26524,1,1,1375,0,10,0,1,1.00,1.14,2000,1.00,1.00
29780,Cosmetic Mechanical Chicken,7920,1,1,1375,0,10,0,1,1.00,1.14,2000,1.00,1.00
29781,Cosmetic Mechanical Squirrel,26532,1,1,1375,0,10,0,1,1.00,1.14,2000,1.00,1.00
29782,Cosmetic Mechanical Sheep,26526,1,1,1375,0,10,0,1,1.00,1.14,2000,1.00,1.00
29783,Cosmetic Clockwork Robot,26547,1,1,1375,0,10,0,1,1.00,1.14,2000,1.00,1.00
29784,Cosmetic Clockwork Robot (Blue),26530,1,1,1375,0,10,0,1,1.00,1.14,2000,1.00,1.00
29785,Cosmetic Clockwork Robot (Red),26531,1,1,1375,0,10,0,1,1.00,1.14,2000,1.00,1.00
29802,Cosmetic Toy Plane,26557,1,1,1375,0,10,0,1,1.20,1.00,2000,1.00,1.00
29803,The Ocular Destroyed Kill Credit Bunny,1126,1,1,35,0,10,0,1,1.00,1.14,2000,1.00,1.00
29807,[DND] Dalaran Toy Store Plane String Hook,26570,1,1,35,0,10,0,1,1.00,1.00,2000,1.00,1.00
29812,[DND] Dalaran Toy Store Plane String Bunny,21955,1,1,35,0,10,0,1,1.00,1.14,2000,1.00,1.00
29814,Naxxramas Deathcharger,25278,1,2,35,0,1,0,1,1.00,1.14,2000,1.00,1.00
29816,Eagle Feeding Kill Credit,22712,1,1,35,0,10,0,1,1.00,1.14,2000,1.00,1.00
29845,Vile Kill Credit Bunny,1126,1,1,35,0,10,0,1,1.00,1.14,2000,1.00,1.00
29846,Lady Nightswood Kill Credit Bunny,1126,1,1,35,0,10,0,1,1.00,1.14,2000,1.00,1.00
29847,The Leaper Kill Credit Bunny,1126,1,1,35,0,10,0,1,1.00,1.14,2000,1.00,1.00
29848,Rageclaw Pup,25384,1,5,2115,0,7,0,2,0.67,0.99,2000,1.00,1.00
29873,Cat Specimen,5585,1,1,188,0,8,0,1,1.00,0.86,2000,1.00,0.01
29876,ELM General Purpose Bunny (Phase I),1126,1,1,35,0,10,0,1,1.00,1.14,2000,1.00,1.00
29877,ELM General Purpose Bunny (scale x0.01 - Phase I) Large,1126,1,1,35,0,10,0,1,1.00,1.14,2000,1.00,1.00
29888,Herbalism Flower,24890,1,1,35,0,10,0,1,1.00,0.86,2000,1.00,0.20
29930,Alliance Motorcycle,25870,1,1,35,0,9,0,1,1.00,1.14,2000,1.00,1.00
29936,Algar's Frost Wyrm Mount,26645,10,10,35,0,2,0,1,1.00,1.14,2000,1.00,1.00
29939,Storm Cloud,22460,1,1,35,0,10,0,2,1.00,1.00,2000,1.00,1.00
29998,Desecrated Ground V,16925,1,1,58,0,11,0,1,1.00,1.14,2000,1.00,0.01
30000,Blizzard (1),11686,1,1,35,0,10,3,1,1.12,1.14,3000,1.00,1.00
30031,Plague Zombie,26942,20,20,2023,0,6,0,1,0.78,0.36,2000,1.00,2.00
30032,Plague Zombie,26942,10,10,2023,0,6,0,1,0.78,0.36,2000,1.00,2.00
30033,Plague Zombie,26942,1,1,2023,0,6,0,1,1.00,1.14,2000,1.00,2.00
30034,Plague Zombie,26942,5,5,2023,0,6,0,1,1.00,1.14,2000,1.00,2.00
30038,Mjordin Combatant Kill Credit Bunny,1126,1,1,35,0,10,0,1,1.00,1.14,2000,1.00,1.00
30079,ELM General Purpose Bunny (Phase II),1126,1,1,35,0,10,0,1,1.00,1.14,2000,1.00,1.00
30095,Dalaran Sewer Turtle,16259,1,1,35,0,8,0,1,1.00,0.86,2000,1.00,1.00
30096,Dry Haystack,26764,1,1,35,0,10,0,1,1.00,1.00,2000,1.00,1.00
30101,"WotLK City Attacks Ice Block Bunny, Small",21955,1,1,35,0,10,0,1,1.00,1.14,2000,1.00,1.00
30119,Burly Frost Giant,24531,1,1,35,0,7,1,1,1.00,1.14,2000,7.50,4.00
30140,Zena,5556,4,4,35,0,8,0,1,1.00,0.86,2000,1.00,0.10
30153,Last Chapter Dialogue Bunny,21955,1,1,35,0,10,0,1,1.00,1.14,2000,1.00,1.00
30191,Deep Twilight Serpent,26846,5,5,35,0,12,0,1,1.00,1.14,2000,1.00,1.00
30192,Sapphire Owl,27563,5,5,1555,0,12,0,1,1.00,1.14,2000,1.00,1.00
30209,North Lightning Forge,20570,1,1,14,0,10,0,2,1.00,1.14,2000,1.00,1.00
30211,Central Lightning Forge,20570,1,1,14,0,10,0,2,1.00,1.14,2000,1.00,1.00
30212,South Lightning Forge,20570,1,1,14,0,10,0,2,1.00,1.14,2000,1.00,1.00
30214,"Thrall's Big Hit, Lightning Bolt Bunny",11686,1,1,35,0,10,0,1,1.00,1.14,2000,1.00,1.00
30220,Leave Our Mark Kill Credit Bunny,1126,1,1,35,0,10,0,1,1.00,1.14,2000,1.00,1.00
30268,Webbed Crusader,24925,1,1,14,0,10,0,1,1.00,1.00,2000,1.00,0.02
30273,Webbed Crusader,24925,1,1,14,0,10,0,1,1.00,1.00,2000,1.00,0.02
30280,Enraged Armored Hippogryph,22474,1,1,2130,0,1,0,1,1.00,1.14,2000,1.00,3.00
30298,"Invisible Stalker (Float, Uninteractible, LargeAOI)",1126,1,1,35,0,10,0,1,1.00,1.14,2000,1.00,1.00
30379,Westfall Chicken,304,1,1,188,0,12,0,1,1.00,1.14,2000,1.00,1.00
30412,Deep in the Bowels of The Underhalls Kill Credit Bunny,1126,1,1,35,0,10,0,1,1.00,1.14,2000,1.00,1.00
30444,The Chieftain's Totem,27341,1,1,35,0,11,0,1,1.00,1.14,2000,1.00,1.00
30454,Frostfloe Deep Stalker,1126,1,1,35,0,10,0,1,1.00,1.14,2000,1.00,1.00
30491,Ritssyn,4449,1,1,35,0,3,0,1,1.00,1.14,2000,1.00,0.84
30507,Brewfest Kodo,24758,1,2,35,0,1,0,1,1.00,1.14,2000,1.00,1.00
30542,Rivendare's Deathcharger,10718,1,2,35,0,6,0,1,1.00,1.14,2000,1.00,1.00
30576,Vile Like Fire! Kill Credit Bunny,1126,1,1,35,0,10,0,1,1.00,1.14,2000,1.00,1.00
30599,Vile Like Fire! Fire Bunny,1126,1,1,35,0,10,0,1,1.00,1.14,2000,1.00,1.00
30626,Wintergrasp Peasant,17330,1,1,1732,0,7,0,1,1.00,1.14,2000,1.00,1.00
30634,Ruby Flower,27196,1,1,35,0,10,0,1,1.00,0.86,2000,1.00,0.20
30641,Twilight Fissure,15294,1,1,14,0,10,0,1,1.00,0.86,5200,1.00,1.00
30644,The Art of Being a Water Terror Kill Credit Bunny,1126,1,1,35,0,10,0,1,1.00,1.14,2000,1.00,1.00
30647,Strength of Earth Totem VII,4588,1,80,58,0,11,0,1,1.00,1.00,2000,1.00,0.05
30652,Totem of Wrath II,4589,1,80,58,0,11,0,1,1.00,1.00,2000,1.00,1.05
30653,Totem of Wrath III,4589,1,80,58,0,11,0,1,1.00,1.00,2000,1.00,1.05
30654,Totem of Wrath IV,4589,1,80,58,0,11,0,1,1.00,1.00,2000,1.00,1.05
30736,Released Soul,27302,1,1,35,0,10,0,1,1.00,1.00,2000,1.00,1.00
30743,Succubus Transform 01,2737,20,20,90,0,3,0,1,1.00,1.14,2000,1.00,0.70
30750,Through the Eye Kill Credit Bunny,1126,1,1,35,0,10,0,1,1.00,1.14,2000,1.00,1.00
30758,Black Dragon Smoke Image (1),21319,1,1,190,0,10,0,1,1.00,1.14,2000,1.00,1.00
30768,Ethereal Smoke Image (1),21317,1,1,190,0,10,0,1,1.00,1.14,2000,1.00,1.00
30769,Felguard Smoke Image (1),21365,1,1,190,0,10,0,1,1.00,1.14,2000,1.00,1.00
30776,Gronn Smoke Image (1),21260,1,1,190,0,10,0,1,1.00,1.14,2000,1.00,1.00
30781,King Bjorn Visual (1),28085,1,1,35,0,10,3,1,1.00,1.14,2000,70.00,1.25
30783,King Haldor Visual (1),28086,1,1,35,0,10,3,1,1.00,1.14,2000,70.00,1.25
30785,King Ranulf Visual (1),28087,1,1,35,0,10,3,1,1.00,1.14,2000,70.00,1.25
30787,King Tor Visual (1),28088,1,1,35,0,10,3,1,1.00,1.14,2000,70.00,1.25
30802,Rabid Dire Bear *Unused* (1),23992,1,1,35,0,1,1,1,1.00,1.14,2000,13.00,5.00
30815,Wolf Spirit Visual (Ymirjar Dusk Shaman) (1),11418,1,1,21,0,1,1,1,1.00,1.14,2000,13.00,1.25
30853,Gnomish 'Chopper,22719,1,1,84,0,9,0,1,1.00,1.14,2000,1.00,3.00
30878,Vesperon Controller,169,1,1,14,0,10,1,1,1.00,1.14,2000,7.50,1.00
30880,Find the Ancient Hero Kill Credit Bunny,1126,1,1,35,0,10,0,1,1.00,1.14,2000,1.00,1.00
30937,Fanged Pit Viper (1),6303,1,1,7,0,1,0,1,1.00,1.14,2000,1.00,1.00
30959,Lady Nightswood's Moveto Target Bunny,21955,1,1,35,0,10,0,1,1.00,1.14,2000,1.00,1.00
31047,ELM General Purpose Bunny Gigantic,1126,1,1,35,0,10,0,1,1.00,1.14,2000,1.00,1.00
31077,Safirdrang's Chill Target,1126,1,1,35,0,10,0,1,1.00,1.14,2000,1.00,1.00
31117,Safirdrang's Controller Bunny,1126,1,1,35,0,10,0,1,1.00,1.14,2000,1.00,1.00
31119,Bloody Meat,27477,1,1,35,0,10,0,1,1.00,1.00,2000,1.00,1.00
31120,Stoneclaw Totem VIII,4588,1,80,58,0,11,0,1,1.00,1.14,2000,1.00,0.50
31121,Stoneclaw Totem IX,4588,1,80,58,0,11,0,1,1.00,1.00,2000,1.00,0.50
31122,Stoneclaw Totem X,4588,1,80,58,0,11,0,1,1.00,1.00,2000,1.00,0.50
31124,Brutal Nether Drake,27507,10,10,35,0,2,0,1,1.00,1.14,2000,1.00,1.00
31128,Chilly,26452,1,1,35,0,12,0,1,1.00,1.14,2000,1.00,1.00
31132,Flametongue Totem VI,4589,1,80,58,0,11,0,1,1.00,1.00,2000,1.00,1.00
31133,Flametongue Totem VIII,4589,1,80,58,0,11,0,1,1.00,1.00,2000,1.00,1.00
31143,Reinforced Training Dummy,3019,1,1,35,0,9,3,1,1.00,1.14,2000,35.00,0.02
31158,Flametongue Totem VII,4589,1,80,58,0,11,0,1,1.00,1.00,2000,1.00,1.00
31162,Searing Totem VIII,4589,1,80,58,0,11,0,1,1.00,1.00,2000,1.00,1.00
31164,Searing Totem IX,4589,1,80,58,0,11,0,1,1.00,1.00,2000,1.00,1.00
31165,Searing Totem X,4589,1,80,58,0,11,0,1,1.00,1.00,2000,1.00,1.00
31166,Magma Totem VI,4589,1,80,58,0,11,0,1,1.00,1.00,2000,1.00,0.05
31167,Magma Totem VII,4589,1,80,58,0,11,0,1,1.00,1.00,2000,1.00,0.05
31169,Fire Resistance Totem V,4587,1,80,58,0,11,0,1,1.00,1.14,2000,1.00,0.05
31170,Fire Resistance Totem VI,4587,1,80,58,0,11,0,1,1.00,1.00,2000,1.00,0.05
31171,Frost Resistance Totem V,4589,1,80,58,0,11,0,1,1.00,1.00,2000,1.00,0.05
31172,Frost Resistance Totem VI,4589,1,80,58,0,11,0,1,1.00,1.00,2000,1.00,0.05
31173,Nature Resistance Totem V,4590,1,80,58,0,11,0,1,1.00,1.14,2000,1.00,0.05
31174,Nature Resistance Totem VI,4590,1,80,58,0,11,0,1,1.00,1.00,2000,1.00,0.05
31175,Stoneskin Totem IX,4588,1,80,58,0,11,0,1,1.00,1.00,2000,1.00,0.05
31176,Stoneskin Totem X,4588,1,80,58,0,11,0,1,1.00,1.00,2000,1.00,0.05
31181,Healing Stream Totem VII,4587,1,80,58,0,11,0,1,1.00,1.00,2000,1.00,0.05
31182,Healing Stream Totem VIII,4587,1,80,58,0,11,0,1,1.00,1.00,2000,1.00,0.05
31185,Healing Stream Totem IX,4587,1,80,58,0,11,0,1,1.00,1.00,2000,1.00,0.05
31186,Mana Spring Totem VI,4587,1,80,58,0,11,0,1,1.00,1.00,2000,1.00,0.05
31189,Mana Spring Totem VII,4587,1,80,58,0,11,0,1,1.00,1.00,2000,1.00,0.05
31190,Mana Spring Totem VIII,4587,1,80,58,0,11,0,1,1.00,1.00,2000,1.00,0.05
31227,Death Knight Warhorse,25280,1,1,35,0,6,0,1,1.00,1.14,2000,1.00,1.00
31239,Blue Dragonhawk,27525,1,1,35,0,1,0,1,1.00,1.14,2000,1.00,1.00
31245,Invisible Ooze Stalker,1126,1,1,35,0,10,0,1,1.00,1.14,2000,1.00,1.00
31252,Bad Fish - Critter,5990,1,1,188,0,8,0,1,1.00,1.14,2000,1.00,1.00
31256,Bad Fish - Rabbits,4626,1,1,188,0,8,0,1,1.00,1.14,2000,1.00,1.00
31319,Big Blizzard Bear,27567,10,10,35,0,1,0,1,1.00,1.14,2000,1.00,1.00
31358,(Wrath Gate) Dummy,22712,1,1,35,0,10,0,1,1.00,1.14,2000,1.00,1.00
31400,Azure Front Channel Stalker,1126,1,1,35,0,10,0,1,1.00,1.14,2000,1.00,1.00
31405,"Icecrown Bomber Beacon, Horde",25587,1,1,714,0,9,0,1,1.00,1.14,2000,1.00,1.00
31415,"WotLK City Attacks Ice Block Bunny, BUG TEST",21955,1,1,35,0,10,0,1,1.00,1.14,2000,1.00,1.00
31424,Gamon,5205,12,12,7,0,7,0,1,1.00,1.14,2000,1.00,1.00
31434,Orc Commoner,19181,1,60,29,0,7,0,1,1.00,1.14,2000,1.00,1.00
31437,Forsaken Refugee,27588,1,70,68,0,7,0,1,1.00,1.14,2000,1.00,1.00
31467,Forsaken Refugee,27596,1,70,68,0,7,0,1,1.00,1.14,2000,1.00,1.00
31521,Twilight Fissure (1),15294,1,1,14,0,10,0,1,1.00,1.00,5200,1.00,1.00
31572,Blighted Cockroach,23902,1,1,188,0,10,0,1,1.00,1.14,2000,1.00,1.00
31575,Giant Sewer Rat,27627,1,1,188,0,12,0,1,1.00,1.14,2000,1.00,1.00
31640,Portal to Stormwind,27653,1,1,35,0,10,0,1,1.00,1.00,2000,1.00,1.00
31643,Dalaran Well Teleport Bunny,21955,1,1,35,0,10,0,1,1.00,1.14,2000,1.00,1.00
31653,Invisible Stalker Tesla,1126,1,1,2102,0,10,0,1,1.00,1.14,2000,1.00,1.00
31664,Dragonflayer Sentinel (1),22295,1,1,1885,0,7,0,1,1.00,1.14,2000,1.00,0.94
31670,Forge Fire (1),19725,1,1,14,0,10,0,1,1.00,1.14,2000,1.00,1.25
31677,Proto-Drake Skyguard (1),6372,1,1,1885,0,2,1,1,1.00,1.14,2000,13.00,10.00
31682,Utgarde Duo Trigger (1),11686,1,1,35,0,10,0,1,1.00,1.14,2000,1.00,1.25
31683,Wrath Gate Dummy,22712,1,1,35,0,10,0,1,1.00,1.14,2000,1.00,1.00
31684,Wrath Gate Dummy (Undercity),22712,1,1,35,0,10,0,1,1.00,1.14,2000,1.00,1.00
31685,Borean Marmot,1072,1,1,31,0,8,0,1,1.00,0.86,2000,1.00,0.20
31690,Infra-Green Flight Master,21955,1,1,35,0,10,0,1,1.00,1.14,2000,1.00,1.00
31696,Bronze Drake,25852,1,1,35,0,2,0,1,1.00,1.14,2000,1.00,5.95
31699,Black Polar Bear Mount,27659,10,10,35,0,1,0,1,1.00,1.14,2000,1.00,1.00
31700,Brown Polar Bear Mount,27660,10,10,35,0,1,0,1,1.00,1.14,2000,1.00,1.00
31709,Cosmetic Albino Snake,2955,1,1,35,0,10,0,1,1.00,1.14,2000,1.00,1.00
31710,Cosmetic Black Kingsnake,1206,1,1,35,0,10,0,1,1.00,1.14,2000,1.00,1.00
31711,Cosmetic Brown Snake,2957,1,1,35,0,10,0,1,1.00,1.14,2000,1.00,1.00
31712,Cosmetic Crimson Snake,6303,1,1,35,0,10,0,1,1.00,1.14,2000,1.00,1.00
31713,Cosmetic Green Water Snake,1986,1,1,188,0,12,0,1,1.00,1.14,2000,1.00,1.00
31714,Cosmetic Ribbon Snake,2954,1,1,35,0,10,0,1,1.00,1.14,2000,1.00,1.00
31719,Cosmetic Frenzy,17170,1,1,35,0,10,0,1,1.60,1.14,2000,1.00,1.00
31728,Cosmetic Cat Set 1/2,5585,1,1,35,0,10,0,1,1.00,1.14,2000,1.00,1.00
31729,Cosmetic Cat Set 2/2,5448,1,1,35,0,10,0,1,1.00,1.14,2000,1.00,1.00
31730,Cosmetic Frog,6296,1,1,35,0,10,0,1,1.00,1.14,2000,1.00,1.00
31732,Cosmetic Rat,1141,1,1,35,0,10,0,1,1.00,1.14,2000,1.00,1.00
31733,Cosmetic Cockroach,3233,1,1,35,0,10,0,1,0.40,1.14,2000,1.00,1.00
31735,Cosmetic Pig,27680,1,1,35,0,10,0,1,1.00,1.14,2000,1.00,1.00
31740,Cosmetic Turtle,27881,1,1,35,0,10,0,1,1.00,1.14,2000,1.00,1.00
31741,Cosmetic Rabbit,4626,1,1,35,0,10,0,1,1.00,1.14,2000,1.00,1.00
31742,Cosmetic Prairie Dog,1072,1,1,35,0,10,0,1,1.00,1.14,2000,1.00,1.00
31744,Cooking Loot Pinata,856,1,1,1620,0,8,0,1,1.00,1.14,2000,1.00,0.03
31745,Icecrown Bomber - Bindsight Bunny,21955,1,1,35,0,10,0,1,1.00,1.14,2000,1.00,1.00
31766,King of the Mountain Kill Credit,1126,1,1,35,0,10,0,1,1.00,1.14,2000,1.00,1.00
31777,Cloak Dome Bunny,21955,1,1,35,0,10,0,1,1.00,1.14,2000,1.00,1.00
31795,Cosmetic Smolderweb Hatchling,27718,1,1,35,0,10,0,1,1.00,1.14,2000,1.00,1.00
31796,Cosmetic Worg Pup,27719,1,1,35,0,10,0,1,1.00,1.14,2000,1.00,1.00
31797,Ancient Sentinel,5747,1,1,14,0,9,0,2,1.00,1.14,2000,1.00,1.00
31801,Jumpbot Rocket Bunny,17200,1,1,35,0,10,0,1,1.00,1.14,2000,1.00,1.00
31817,See Inviso Bunny,21955,1,1,35,0,10,0,1,1.00,1.14,2000,1.00,1.00
31866,Slaves to Saronite Kill Credit Bunny,1126,1,1,35,0,10,0,1,1.00,1.14,2000,1.00,1.00
31889,Grizzly Squirrel,134,1,1,31,0,8,0,1,1.00,0.86,2000,1.00,0.20
31890,Mountain Skunk,16633,1,1,31,0,8,0,1,1.00,0.86,2000,1.00,0.20
31897,Lightwell,27769,1,1,35,16777216,11,0,1,1.00,1.14,2000,1.00,1.00
31913,Invisible Stalker (Dispersion),28077,1,1,35,0,10,0,1,1.00,1.14,2000,1.00,1.00
31925,Blizzard Elemental (2),8716,1,1,16,0,4,1,1,1.00,1.14,2000,7.50,6.50
31967,Dun Baldar North Warmaster (2),14797,1,1,35,0,7,1,1,1.00,1.14,2000,7.50,26.00
31974,Fjordune the Greater (2),12815,1,1,14,0,5,2,1,1.00,1.14,2000,7.50,32.50
31988,Frostwolf Reclaimer (2),12165,1,1,1214,0,7,1,1,1.00,1.14,2000,7.50,3.90
31995,Furis (2),2346,1,1,1215,0,3,0,1,1.00,1.14,2000,1.00,1.75
31997,Gahz'ranka Herald (2),11686,1,1,1334,0,10,0,1,1.00,1.14,2000,1.00,19.50
32047,Mulverick's War Rider (2),11012,1,1,35,0,1,1,1,1.00,1.14,2000,7.50,45.50
32054,Rezrelek (2),14072,1,1,37,0,7,2,1,1.00,1.14,2000,7.50,10.40
32076,Sergeant Durgen Stormpike (2),13383,1,1,35,3,7,1,1,1.00,1.14,2000,7.50,3.90
32079,Slidore's Gryphon (2),1148,1,1,35,0,1,1,1,1.00,1.14,2000,7.50,45.50
32084,Stabled Alterac Ram (2),13340,1,1,35,0,1,0,1,1.00,1.14,2000,1.00,1.69
32085,Stabled Frostwolf (2),10278,1,1,35,0,1,0,1,1.00,1.14,2000,1.00,1.33
32103,Stormpike Reclaimer (2),13274,1,1,1216,0,7,1,1,1.00,1.14,2000,7.50,3.90
32111,Tatterhide (2),13990,1,1,16,0,7,2,1,1.00,1.14,2000,7.50,15.60
32120,Ushalac the Gloomdweller (2),14064,1,1,37,0,7,2,1,1.00,1.14,2000,7.50,10.40
32142,Whitewhisker Tunnel Rat (2),371,1,1,26,0,7,0,1,1.00,1.14,2000,1.00,0.65
32200,Cave In Dummy,11686,1,1,35,0,10,0,1,1.00,1.14,2000,1.00,1.00
32214,"Banner Bunny, Hanging, Horde",21955,1,1,1735,0,10,0,1,1.00,1.14,2000,1.00,1.00
32215,"Banner Bunny, Side, Horde",21955,1,1,1735,0,10,0,1,1.00,1.14,2000,1.00,1.00
32217,"Banner Bunny, Hanging, Alliance",21955,1,1,1732,0,10,0,1,1.00,1.14,2000,1.00,1.00
32221,"Banner Bunny, Side, Alliance",21955,1,1,1732,0,10,0,1,1.00,1.14,2000,1.00,1.00
32233,Trusty Copper Racer,27829,1,1,35,0,10,0,1,0.80,1.57,2000,1.00,1.00
32247,Zippy Copper Racer,27829,1,1,35,0,10,0,1,1.00,1.14,2000,1.00,1.00
32248,Heavy Copper Racer,27829,1,1,35,0,10,0,1,0.80,1.57,2000,1.00,1.00
32249,Worg Pup,9563,1,1,35,0,12,0,1,1.00,1.14,2000,1.00,1.00
32256,Shield Visual Loc Bunny,21955,1,1,35,0,10,0,1,1.00,1.14,2000,1.00,1.00
32258,Gold Beetle,15467,1,1,188,0,8,0,1,1.00,0.86,2000,1.00,0.20
32264,Aldur'thar Channel Bunny,1126,1,1,35,0,10,0,1,1.00,1.14,2000,1.00,1.00
32274,Alliance Bomber Pilot,28038,1,1,35,0,10,0,1,1.00,1.14,2000,1.00,1.00
32282,Wintergrasp Ghost Rune,1126,1,1,35,0,10,0,1,1.20,1.00,2000,1.00,1.00
32298,"Cloak Dome Bunny, Large",21955,1,1,35,0,10,0,1,1.00,1.14,2000,1.00,1.00
32307,Warsong Guard,24073,1,1,1979,0,7,1,1,1.00,1.14,2000,7.50,5.00
32317,Horde Bomber Pilot,28028,1,1,35,0,10,0,1,1.00,1.14,2000,1.00,1.00
32344,Alliance Rescue Craft,26556,1,1,714,16777216,9,0,1,1.00,1.14,2000,1.00,1.00
32345,Grindgear Toy Gorilla,26524,1,1,35,0,10,0,1,1.00,0.71,2000,1.00,1.00
32347,Alumeth Summon Bunny,1126,1,1,35,0,10,0,1,1.00,1.14,2000,1.00,1.00
32348,Horde Rescue Craft,26556,1,1,714,0,9,0,1,1.00,1.14,2000,1.00,1.00
32366,WGA Dummy,22712,1,1,35,0,10,0,1,1.00,1.14,2000,1.00,1.00
32389,Alliance Siege Vehicle,24240,1,1,1802,0,9,0,2,1.00,2.00,2000,1.00,14.00
32399,Bombardment Infantry,11686,1,1,35,0,7,0,1,1.00,1.14,2000,1.00,1.00
32428,Underbelly Rat,1141,1,1,31,0,8,0,1,1.00,0.71,2000,1.00,0.01
32450,Badluck,5556,1,1,2007,0,8,0,1,1.00,0.86,2000,1.00,0.01
32452,Valley of Lost Hope Vehicle,11686,1,1,35,0,7,0,1,1.00,1.14,2000,1.00,1.00
32465,Skosiris,3718,1,1,35,0,7,0,1,1.00,1.14,2000,1.00,1.00
32466,Monstrous Underbelly Rat,27972,1,1,7,0,8,0,1,1.00,0.71,2000,1.00,0.01
32470,Sewer Frog,6297,1,1,188,0,8,0,1,1.00,1.14,2000,1.00,1.00
32498,Glacier Penguin,25390,1,1,7,0,8,0,1,1.00,1.00,2000,1.00,1.00
32522,Cinder Cloud,17522,1,1,190,0,13,0,1,0.40,0.14,2000,1.00,1.00
32531,"Banner Bunny, Side, Alliance, Small",21955,1,1,1732,0,10,0,1,1.00,1.14,2000,1.00,1.00
32532,"Banner Bunny, Side, Horde, small",21955,1,1,1735,0,10,0,1,1.00,1.14,2000,1.00,1.00
32570,Polymorphed Black Cat,28067,1,1,188,0,8,0,1,1.00,1.14,2000,1.00,0.01
32589,Tickbird Hatchling,28214,1,1,188,0,12,0,1,1.00,1.14,2000,1.00,1.00
32590,White Tickbird Hatchling,28215,1,1,188,0,12,0,1,1.00,1.14,2000,1.00,1.00
32591,Cobra Hatchling,28084,1,1,188,0,12,0,1,1.00,1.14,2000,1.00,1.00
32592,Proto-Drake Whelp,28217,1,1,188,0,12,0,1,1.44,1.14,2000,1.00,1.00
32595,Pengu,28216,1,1,188,0,12,0,1,1.00,1.14,2000,1.00,1.00
32603,Hootie,23517,1,1,188,0,12,0,1,1.00,1.14,2000,1.00,1.00
32606,[DND] Cosmetic Book,21955,1,1,35,0,10,0,1,1.00,1.14,2000,1.00,1.00
32607,Icecrown Bomber Horde Test Pilot (DND),28038,1,1,1735,0,10,0,1,1.00,1.14,2000,1.00,1.00
32626,Alliance Brigadier General,27154,1,1,55,0,7,1,1,1.00,1.14,2000,7.50,10.00
32643,Kirin Tor Familiar,14273,1,1,188,0,12,0,1,1.00,1.14,2000,1.00,1.00
32650,Wounded Dalaran Protector,28123,14,15,2007,0,7,0,1,1.00,1.14,2000,1.00,1.00
32652,Wounded Dalaran Watcher,28125,18,19,2007,0,7,0,8,1.00,1.14,2000,1.00,1.00
32653,Wounded Dalaran Serpent,5966,14,15,2007,0,1,0,1,1.00,1.43,1000,1.00,0.00
32662,"Invisible Stalker (Floating, Uninteractible, Large, Sessile, Custom Phase 1)",1126,1,1,35,0,10,0,1,1.00,1.14,2000,1.00,1.00
32668,Emi,80,9,9,2007,0,7,0,8,1.00,1.14,2000,1.00,1.00
32669,Colin,251,13,13,2007,0,7,0,8,1.00,1.14,2000,1.00,1.00
32768,"Invisible Stalker (Floating, Uninteractible, Large, Sessile, Custom Phase 2)",1126,1,1,35,0,10,0,1,1.00,1.14,2000,1.00,1.00
32775,Fire Nova Totem IX,4683,1,80,58,0,11,0,1,1.00,1.14,2000,1.00,1.00
32776,Fire Nova Totem VIII,4683,1,80,58,0,11,0,1,1.00,1.14,2000,1.00,1.00
32779,Ignoble Thief,28285,1,1,7,0,7,0,1,1.00,1.14,2000,1.00,1.00
32780,Invisible Stalker (All Phases),1126,1,1,35,0,10,0,1,1.00,1.14,2000,1.00,1.00
32781,Noblegarden Rabbit,328,1,1,35,0,8,0,1,1.00,1.14,2000,1.00,1.00
32782,Noblegarden Bunny Waypoint,328,1,1,35,0,8,0,1,1.00,1.14,2000,1.00,1.00
32784,Noblegarden Bunny Controller,328,1,1,35,0,8,0,1,1.00,1.14,2000,1.00,1.00
32789,Polymorphed Rabbit,328,1,1,188,0,8,0,1,1.00,1.14,2000,1.00,0.01
32791,Spring Rabbit,6302,1,1,188,0,12,0,1,1.00,1.14,2000,1.00,1.00
32793,Baby Bunny,28288,1,1,31,0,8,0,1,1.00,1.14,2000,1.00,0.10
32818,Plump Turkey,21774,1,1,188,0,12,0,1,1.00,1.14,2000,1.00,1.00
32819,Plump Turkey Bunny,4626,1,1,188,0,12,0,1,1.00,1.14,2000,1.00,1.00
32820,Wild Turkey,21774,1,1,7,0,1,0,1,1.00,1.14,2000,1.00,0.05
32821,Revenge for the Vargul Kill Credit Bunny,1126,1,1,35,0,10,0,1,1.00,1.14,2000,1.00,1.00
32822,Large Turkey (Polymorph),22191,1,1,188,0,12,0,1,1.00,1.14,2000,1.00,1.00
32823,Bountiful Table,28293,1,1,35,0,10,0,1,1.00,1.00,2000,1.00,1.00
32824,[PH] Pilgrim's Bounty Table - Turkey,28294,1,1,35,0,10,0,1,1.00,1.14,2000,1.00,1.00
32825,[PH] Pilgrim's Bounty Table - Yams,28295,1,1,35,0,10,0,1,1.00,1.14,2000,1.00,1.00
32826,Sturdy Seat,29205,1,1,35,0,10,0,1,1.00,1.14,2000,1.00,2.81
32827,[PH] Pilgrim's Bounty Table - Cranberry Sauce,28296,1,1,35,0,10,0,1,1.00,1.14,2000,1.00,1.00
32828,Chair Holder,11686,1,1,35,0,10,0,1,1.00,1.14,2000,1.00,1.00
32829,[PH] Pilgrim's Bounty Table - Pie,28297,1,1,35,0,10,0,1,1.00,1.14,2000,1.00,1.00
32830,Food Holder,11686,1,1,35,0,10,0,1,1.00,1.14,2000,1.00,1.00
32831,[PH] Pilgrim's Bounty Table - Stuffing,28298,1,1,35,0,10,0,1,1.00,1.14,2000,1.00,1.00
32836,Noblegarden Vendor,28306,12,12,1732,131,7,0,1,1.00,1.14,2000,1.00,1.00
32837,Noblegarden Merchant,28308,12,12,1735,131,7,0,1,1.00,1.14,2000,1.00,1.00
32839,Sturdy Plate,28310,1,1,35,0,10,0,1,1.00,1.00,2000,1.00,1.00
32840,Plate Holder,11686,1,1,35,0,10,0,1,1.00,1.14,2000,1.00,1.00
32841,Baby Blizzard Bear,16189,1,1,188,0,12,0,1,1.00,1.14,2000,1.00,1.00
32844,Apollo,28318,1,1,2007,0,12,0,1,1.00,1.14,2000,1.00,1.00
32905,Rabid Turkey,21774,1,1,188,0,8,0,1,1.00,1.14,2000,1.00,1.00
32931,Dan's Test Mount,27659,10,10,35,0,1,0,1,1.00,1.14,2000,1.00,1.00
32939,Little Fawn,28397,1,1,188,0,12,0,1,1.00,1.14,2000,1.00,1.00
32944,Red Dragonhawk,28402,1,1,35,0,1,0,1,1.00,1.14,2000,1.00,1.00
32956,Lonely Turkey,21774,1,1,188,0,1,0,1,1.00,1.14,2000,1.00,0.05
32984,Test of Strength Bunny,21955,1,1,35,0,10,0,1,1.00,1.14,2000,1.00,1.00
33005,Tails Up Frost Leopard Kill Credit Bunny,1126,1,1,35,0,10,0,1,1.00,1.14,2000,1.00,1.00
33006,Tails Up Icepaw Bear Kill Credit Bunny,1126,1,1,35,0,10,0,1,1.00,1.14,2000,1.00,1.00
33032,Firefly (Purple),28435,1,1,188,0,12,0,1,1.00,1.14,2000,1.00,1.00
33045,ELM General Purpose Bunny Large (scale x5),1126,1,1,35,0,10,0,1,1.00,1.14,2000,1.00,1.00
33049,[ph] justin test backstab target,512,1,1,2031,0,7,0,1,1.00,1.14,2000,1.00,0.01
33068,Darkmoon Faire - Cannon Target Bunny,21955,1,1,35,0,10,0,1,1.00,1.14,2000,1.00,0.01
33081,Tonk Cannon Target,28442,1,1,35,0,10,0,1,1.00,1.14,2000,1.00,0.01
33129,Gnome Puppet,28464,1,1,35,0,7,0,1,1.00,1.14,2000,1.00,1.00
33137,Puppet Hand,13069,1,1,35,0,10,0,1,1.00,1.14,2000,1.00,1.00
33188,Teldrassil Sproutling,28482,1,1,188,0,12,0,1,1.00,1.14,2000,1.00,1.00
33194,Dun Morogh Cub,28489,1,1,188,0,12,0,1,1.00,1.14,2000,1.00,1.00
33197,Tirisfal Batling,4732,1,1,188,0,12,0,1,1.00,1.14,2000,1.00,1.00
33198,Durotar Scorpion,15470,1,1,188,0,12,0,1,1.00,1.14,2000,1.00,1.00
33199,Alarming Clockbot,14473,1,1,188,0,12,0,1,1.00,1.14,2000,1.00,1.00
33200,Elwynn Lamb,16205,1,1,188,0,12,0,1,1.00,1.14,2000,1.00,1.00
33205,Ammen Vale Lashling,28493,1,1,188,0,12,0,1,1.00,1.14,2000,1.00,1.00
33211,Lake Frog,28501,1,1,35,0,8,0,8,1.60,1.00,2000,1.00,1.00
33219,Mulgore Hatchling,28502,1,1,188,0,12,0,1,0.67,1.14,2000,1.00,1.00
33224,Lake Frog,28501,1,1,35,1,8,0,8,1.60,1.00,2000,1.00,1.00
33226,Strand Crawler,28507,1,1,188,0,12,0,1,1.00,1.14,2000,1.00,1.00
33227,Enchanted Broom,16910,1,1,188,0,12,0,1,1.00,1.00,2000,1.00,1.00
33238,Argent Squire,28946,1,1,188,129,12,0,1,1.00,0.99,2000,1.00,1.00
33239,Argent Gruntling,28948,1,1,188,129,12,0,1,1.00,0.99,2000,1.00,1.00
33240,Ebon Squire [PH],11398,1,1,188,0,12,0,1,1.00,1.14,2000,1.00,1.00
33248,Power Word: Barrier,4590,1,1,58,0,11,0,1,1.00,1.14,2000,1.00,0.01
33274,Mechanopeep,28539,1,1,188,0,12,0,1,1.00,1.14,2000,1.00,1.00
33286,Elwynn Forest Wolf,28545,8,8,1815,0,1,0,1,1.00,1.14,2000,1.00,1.00
33308,Crystalsong Oak,28982,1,1,35,0,8,0,1,1.00,1.14,2000,1.00,1.00
33339,[DND] Tournament - Ranged Target Dummy - Bunny,4626,1,1,35,0,10,0,1,1.00,1.14,2000,1.00,1.00
33340,[DND] Tournament - Mounted Melee - Target Dummy - Charge Bunny,4626,1,1,35,0,10,0,1,1.00,1.14,2000,1.00,1.00
33341,[DND] Tournament - Mounted Melee - Target Dummy - Block Bunny,4626,1,1,35,0,10,0,1,1.00,1.14,2000,1.00,1.00
33351,Morgan Test,19410,1,1,35,0,7,3,1,1.00,1.14,2000,35.00,55.00
33357,"\""Spectral Tiger\""",28811,1,1,35,16777216,9,0,1,1.00,1.00,2000,1.00,1.00
33380,Hammer Vehicle [PH],1122,4,4,35,0,10,0,1,1.00,1.14,2000,1.00,1.00
33404,Wind-Up Train Wrecker,28599,1,1,35,0,12,0,1,1.00,1.14,2000,1.00,1.00
33502,Tamable Core Hound,28645,1,1,7,0,1,0,1,1.00,1.14,2000,1.00,1.00
33504,Tamable Chimaera,28646,1,1,7,0,1,0,1,1.00,1.14,2000,1.00,1.00
33505,Tamable Devilsaur,28647,1,1,7,0,1,0,1,1.00,1.14,2000,1.00,1.00
33506,Tamable Rhino,28648,1,1,7,0,1,0,1,1.00,1.14,2000,1.00,1.00
33508,Tamable Silithid,1561,1,1,7,0,1,0,1,1.00,1.14,2000,1.00,1.00
33510,Tamable Spirit Beast,28649,1,1,7,0,1,0,1,1.00,1.14,2000,1.00,1.00
33511,Tamable Worm,9031,1,1,7,0,1,0,1,1.00,1.14,2000,1.00,1.00
33529,Curious Wolvar Pup,25384,1,1,188,0,12,0,1,0.67,1.14,2000,1.00,1.00
33530,Curious Oracle Hatchling,25173,1,1,188,0,12,0,1,1.00,1.14,2000,1.00,1.00
33532,Wolvar Orphan,25384,1,1,188,3,12,0,1,0.67,1.14,2000,1.00,1.00
33533,Oracle Orphan,25173,1,1,188,3,12,0,1,1.00,1.14,2000,1.00,1.00
33568,Fish,4878,1,1,1620,0,1,0,1,1.00,1.14,2000,1.00,1.00
33663,Patchwerk (PTR DPS Test),16174,1,1,21,0,6,3,1,1.00,1.14,2000,35.00,1200.00
33667,Patchwerk (PTR Tank Test),16174,1,1,21,0,6,3,1,1.00,1.14,2000,35.00,800.00
33671,Crawler Mount,28784,1,1,35,0,1,0,1,1.00,1.14,2000,1.00,1.00
33710,Lake Snapper,28819,7,8,7,0,1,0,1,1.00,1.14,2000,1.00,1.00
33711,Plagued Snapper,28820,12,13,7,0,1,0,1,1.00,1.14,2000,1.00,1.00
33712,Golden Crawler,28827,5,6,7,0,1,0,1,1.00,1.14,2000,1.00,1.00
33713,Rotting Crawler,999,12,13,7,0,1,0,1,1.00,1.14,2000,1.00,1.00
33750,Desecrated Ground I,16925,1,1,58,0,11,0,1,1.00,1.14,2000,1.00,0.01
33751,Desecrated Ground II,16925,1,1,58,0,11,0,1,1.00,1.14,2000,1.00,0.01
33752,Desecrated Ground III,16925,1,1,58,0,11,0,1,1.00,1.14,2000,1.00,0.01
33753,Desecrated Ground IV,16925,1,1,58,0,11,0,1,1.00,1.14,2000,1.00,0.01
33787,Tournament Druid Spell Target,1126,1,1,35,0,10,0,1,1.00,1.14,2000,1.00,1.00
33810,Sen'jin Fetish,29189,1,1,188,0,12,0,1,1.00,1.14,2000,1.00,1.00
33949,Giant Black Wolf,9287,1,1,35,0,1,0,1,1.00,1.14,2000,1.00,1.00
33950,Giant White Wolf,9287,1,1,35,0,1,0,1,1.00,1.14,2000,1.00,1.00
33951,Giant Grey Wolf,9287,1,1,35,0,1,0,1,1.00,1.14,2000,1.00,1.00
33952,Giant Red Wolf,9287,1,1,35,0,1,0,1,1.00,1.14,2000,1.00,1.00
33953,Small Stone Summoner,10811,1,1,35,0,10,0,1,1.00,1.14,2000,1.00,1.00
33975,Noblegarden Bunny,28726,1,1,188,0,12,0,1,1.00,1.14,2000,1.00,1.00
33996,William Saldean,29026,5,5,68,209,6,0,1,1.00,1.14,1500,1.00,1.00
34017,Swift Gray Steed,29043,1,2,35,0,1,0,1,1.00,1.14,2000,1.00,1.00
34018,Tamable Sporebat,20833,1,1,7,0,1,0,1,1.00,1.14,2000,1.00,1.00
34019,Tamable Hyena,4636,1,1,7,0,1,0,1,1.00,1.14,2000,1.00,1.00
34021,Tamable Moth,29056,1,1,7,0,1,0,1,1.00,1.14,2000,1.00,1.00
34022,Tamable Tallstrider,29057,1,1,7,0,1,0,1,1.00,1.14,2000,1.00,1.00
34024,Tamable Wasp,29058,1,1,7,0,1,0,1,1.00,1.14,2000,1.00,1.00
34025,Tamable Bear,822,1,1,7,0,1,0,1,1.00,1.14,2000,1.00,1.00
34026,Tamable Crab,27692,1,1,7,0,1,0,1,1.00,1.14,2000,1.00,1.00
34027,Tamable Crocolisk,1037,1,1,7,0,1,0,1,1.00,1.14,2000,1.00,1.00
34028,Tamable Gorilla,837,1,1,7,0,1,0,1,1.00,1.14,2000,1.00,1.00
34029,Tamable Turtle,27690,1,1,7,0,1,0,1,1.00,1.14,2000,1.00,1.00
34116,Shadowy Fish,29094,1,1,1878,0,1,1,1,1.00,1.14,2000,15.00,0.01
34154,Blue Skeletal Warhorse,10718,1,2,35,0,6,0,1,1.00,1.14,2000,1.00,1.00
34155,White Kodo,12241,1,2,35,0,1,0,1,1.00,1.39,2000,1.00,1.00
34156,Venomhide Ravasaur,29102,1,2,35,0,1,0,1,1.00,1.14,2000,1.00,1.00
34157,Toxic Tolerance Kill Credit Bunny,21955,1,1,35,0,10,0,1,1.00,1.14,2000,1.00,1.00
34187,Sea Turtle,29161,1,1,35,0,1,0,1,1.00,1.14,2000,1.00,1.00
34225,Deadly Gladiator's Frost Wyrm,25511,10,10,35,0,2,0,1,1.00,1.14,2000,1.00,1.00
34238,Black Skeletal Horse,29130,1,2,35,0,6,0,1,1.00,1.39,2000,1.00,1.00
34279,Ruby Hare,328,5,5,1555,0,8,0,1,1.00,1.14,2000,1.00,1.00
34281,[DND]Azeroth Children's Week Trigger,20570,1,1,35,0,10,0,2,1.00,1.14,2000,1.00,1.00
34319,[DND] Champion Go-To Bunny,21955,1,1,35,0,10,0,1,1.00,1.14,2000,1.00,1.00
34320,Venomhide Hatchling,29251,5,5,35,2,12,0,1,1.00,1.14,2000,1.00,1.00
34327,Dino Meat Feeding Credit,29183,5,5,35,0,1,0,1,1.00,1.14,2000,1.00,1.00
34330,Jones,5554,1,1,35,0,12,0,1,1.00,1.14,2000,1.00,1.00
34336,Silithid Meat Feeding Credit,29183,5,5,35,0,1,0,1,1.00,1.14,2000,1.00,1.00
34337,The Postmaster,27104,1,1,35,0,7,0,1,1.00,1.14,2000,1.00,1.00
34338,Silithid Egg Feeding Credit,29183,5,5,35,0,1,0,1,1.00,1.14,2000,1.00,1.00
34360,Wabbit,328,1,1,31,0,8,0,1,1.00,1.14,2000,1.00,0.12
34364,Calico Cat,11709,1,1,188,0,12,0,1,1.00,1.14,2000,1.00,1.00
34381,[DND]Northrend Children's Week Trigger,20570,1,1,35,0,10,0,2,1.00,1.14,2000,1.00,1.00
34425,Furious Gladiator's Frost Wyrm,25593,10,10,35,0,2,0,1,1.00,1.14,2000,1.00,1.00
34428,MiniZep,17192,1,1,1616,0,9,0,1,1.00,1.14,2000,1.00,2.44
34489,Winterfin Playmate,15369,1,1,35,0,7,0,1,1.00,1.14,2000,1.00,1.15
34490,Snowfall Glade Playmate,25394,1,5,35,0,7,0,1,1.00,1.14,2000,1.00,1.00
34519,Oracle Orphan,25173,1,1,188,0,12,0,1,1.00,1.14,2000,1.00,1.00
34520,Wolvar Orphan,25384,1,1,188,0,12,0,1,0.67,1.14,2000,1.00,1.00
34531,Roo,25173,1,1,188,0,12,0,1,1.00,1.14,2000,1.00,1.00
34532,Kekek,25384,1,1,188,0,12,0,1,1.00,1.14,2000,1.00,1.00
34533,ScottM Test Creature,26565,1,1,35,0,10,0,1,1.00,1.14,2000,1.00,500.00
34548,Invisible Spell Target - Tahu,1126,1,1,35,0,10,0,1,1.00,1.14,2000,1.00,1.00
34561,Forsaken Prankster,29265,1,1,35,0,7,0,1,1.00,1.14,2000,1.00,1.00
34562,[DND] Stink Bomb Target,20570,1,1,35,0,10,0,1,1.00,1.14,2000,1.00,1.00
34565,Innocuous Townsman,29265,1,1,35,0,7,0,1,1.00,1.14,2000,1.00,1.00
34579,Venomhide Hatchling (1.25),29274,5,5,35,0,12,0,1,1.00,1.14,2000,1.00,1.00
34580,Venomhide Hatchling (1.50),29275,5,5,35,0,12,0,1,1.00,1.14,2000,1.00,1.00
34581,Venomhide Hatchling (1.75),29276,5,5,35,0,12,0,1,1.00,1.14,2000,1.00,1.00
34587,Warbot,29279,1,1,35,0,12,0,1,1.00,1.14,2000,1.00,1.00
34588,[DND] Warbot - Blue,29280,1,1,35,0,12,0,1,1.00,1.14,2000,1.00,1.00
34589,[DND] Warbot - Red,29281,1,1,35,0,12,0,1,1.00,1.14,2000,1.00,1.00
34694,Grunty,29348,1,1,188,0,12,0,1,1.00,1.14,2000,1.00,1.00
34724,Shimmering Wyrmling,29372,1,1,188,0,12,0,1,1.00,1.14,2000,1.00,1.00
34770,Macabre Marionette,29404,1,1,188,0,12,0,1,1.00,1.14,2000,1.00,1.00
34806,Bountiful Table Kill Credit Bunny,21955,1,1,35,0,10,0,1,1.00,1.14,2000,1.00,1.00
34812,The Turkey Chair,29205,1,1,35,16777216,9,0,8,1.00,1.57,2000,1.00,2.81
34819,The Stuffing Chair,29205,1,1,35,16777216,9,0,8,1.00,1.57,2000,1.00,2.81
34822,The Pie Chair,29205,1,1,35,16777216,9,0,8,1.00,1.57,2000,1.00,2.81
34823,The Cranberry Chair,29205,1,1,35,16777216,9,0,8,1.00,1.57,2000,1.00,2.81
34824,The Sweet Potato Chair,29205,1,1,35,16777216,9,0,8,1.00,1.57,2000,1.00,2.81
34847,Ice Turret (1),28829,1,1,35,0,9,1,1,1.00,1.14,2000,1.00,4.00
34862,Nerubian Burrow,28549,1,1,35,0,10,0,1,1.00,1.14,0,1.00,1.00
34875,Ice Turret (1),28829,1,1,35,0,9,1,1,1.00,1.14,2000,1.00,3.00
34930,Jade Tiger,29605,10,12,188,0,12,0,1,1.00,1.14,2000,1.00,1.00
34971,Hotoro,29499,1,1,83,0,7,1,1,1.00,1.14,2000,1.00,50.00
34993,Larina Heartforge,29513,1,1,84,0,7,1,1,1.00,1.14,2000,1.00,50.00
35009,North Sea Kraken Bunny,7804,1,1,1375,0,10,0,1,1.00,1.14,2000,1.00,1.00
35062,Furious Charge Stalker,21955,1,1,14,0,10,0,1,1.00,1.14,2000,1.00,2.00
35067,Imp in a Bottle,29568,1,1,35,0,10,0,1,1.00,1.14,2000,1.00,1.00
35085,Foreman Fisk,29598,15,15,35,0,7,0,1,1.00,1.14,2000,1.00,1.00
35086,Labor Captain Grabbit,29599,15,15,35,0,7,0,1,1.00,1.14,2000,1.00,1.00
35087,Malynea Skyreaver,29600,15,15,1735,1,7,0,1,1.00,1.14,2000,1.00,1.05
35088,Custer Clubnik,29601,14,14,35,0,7,0,1,1.00,1.14,2000,1.00,1.00
35091,Horzak Zignibble,29602,16,16,35,1,7,0,1,1.00,1.14,2000,1.00,1.00
35147,Silver Covenant Hippogryph,22474,1,2,35,0,1,0,1,1.00,1.14,2000,1.00,1.00
35148,Sunreaver Dragonhawk,29696,1,1,35,0,1,0,1,1.00,1.14,2000,1.00,1.00
35155,Mana Spirit,24392,1,1,188,0,12,0,1,1.00,1.14,2000,1.00,1.00
35156,Jade Panda,29628,1,1,188,0,12,0,1,1.00,1.14,2000,1.00,1.00
35157,Tiny Jade Dragon,29629,1,1,188,0,12,0,1,1.00,1.14,2000,1.00,1.00
35168,Striped Dawnsaber,29755,1,2,35,0,1,0,1,1.00,1.39,2000,1.00,1.00
35169,Ochre Skeletal Warhorse,29754,1,2,35,0,6,0,1,1.00,1.39,2000,1.00,1.00
35179,Argent Charger,28919,1,2,35,0,1,0,1,1.00,1.14,2000,1.00,1.00
35180,Argent Warhorse,28918,1,2,35,0,1,0,1,1.00,1.14,2000,1.00,1.00
35226,Mobile Burrow Target,21955,1,1,14,0,10,0,1,1.00,1.14,2000,1.00,2.00
35227,Sessile Burrow Target,21955,1,1,14,0,10,0,1,1.00,1.14,2000,1.00,2.00
35243,Ghostly Blood Elf Celebrant,29697,1,1,1604,1,7,0,1,1.00,1.14,2000,1.00,1.00
35244,Ghostly Forsaken Celebrant,29699,1,1,68,1,7,0,1,1.00,1.14,2000,1.00,1.00
35246,Ghostly Draenei Celebrant,29701,1,1,1638,1,7,0,1,1.00,1.14,2000,1.00,1.00
35247,Ghostly Dwarf Celebrant,29704,1,1,55,1,7,0,1,1.00,1.14,2000,1.00,1.00
35248,Ghostly Gnome Celebrant,29706,1,1,875,1,7,0,1,1.00,1.14,2000,1.00,1.00
35249,Ghostly Human Celebrant,29708,1,1,12,1,7,0,1,1.00,1.14,2000,1.00,1.00
35250,Ghostly Night Elf Celebrant,29710,1,1,80,1,7,0,1,1.00,1.14,2000,1.00,1.00
35251,Ghostly Orc Celebrant,29712,1,1,29,1,7,0,1,1.00,1.14,2000,1.00,1.00
35252,Ghostly Tauren Celebrant,29714,1,1,104,1,7,0,1,1.00,1.14,2000,1.00,1.00
35253,Ghostly Troll Celebrant,29716,1,1,126,1,7,0,1,1.00,1.14,2000,1.00,1.00
35362,Relentless Gladiator's Frost Wyrm,29794,10,10,35,0,2,0,1,1.00,1.14,2000,1.00,1.00
35364,Slahtz,29795,19,19,29,1,7,0,4,1.00,1.14,2000,1.00,2.45
35365,Behsten,29796,19,19,12,1,7,0,4,1.00,1.14,2000,1.00,2.45
35373,Tournament Wind Rider,17719,1,1,1735,0,1,0,1,1.00,1.14,2000,1.00,1.00
35376,Jump Target,21955,1,1,1665,0,10,0,1,1.00,1.14,2000,1.00,2.00
35387,Leaping Hatchling,29802,1,1,188,0,12,0,1,1.00,1.14,2000,1.00,1.00
35394,Razzashi Hatchling,29806,1,1,188,0,12,0,1,1.00,1.14,2000,1.00,1.00
35395,Deviate Hatchling,29807,1,1,188,0,12,0,1,1.00,1.14,2000,1.00,1.00
35396,Darting Hatchling,29805,1,1,188,0,12,0,1,1.00,1.14,2000,1.00,1.00
35397,Ravasaur Hatchling,29810,1,1,188,0,12,0,1,1.00,1.14,2000,1.00,1.00
35398,Razormaw Hatchling,29808,1,1,188,0,12,0,1,1.00,1.14,2000,1.00,1.00
35399,Obsidian Hatchling,29809,1,1,188,0,12,0,1,1.00,1.14,2000,1.00,1.00
35400,Gundrak Hatchling,29803,1,1,188,0,12,0,1,1.00,1.14,2000,1.00,1.00
35423,Gnomish Mechanic (1),29903,1,1,35,0,7,0,1,1.00,1.14,2000,1.00,1.00
35468,Onyx Panther,29819,1,1,188,0,12,0,1,1.00,1.14,2000,1.00,1.00
35477,Little Adeline,344,6,6,35,1,7,0,1,1.00,1.14,2000,1.00,1.00
35608,[DND] Dalaran Argent Tournament Herald Bunny,7804,1,1,1375,0,10,0,1,1.00,1.14,2000,1.00,1.00
35652,Anub'arak (1),17612,1,1,35,0,6,3,1,1.00,1.14,2000,1.00,1.00
35653,Anub'arak (2),17612,1,1,35,0,6,3,1,1.00,1.14,2000,1.00,1.00
35654,Anub'arak (3),17612,1,1,35,0,6,3,1,1.00,1.14,2000,1.00,1.00
35809,Swift Horde Wolf,29283,10,10,35,0,1,0,1,1.00,1.14,2000,1.00,1.00
36071,[DND] Argent Charger,29971,1,2,35,0,1,0,1,1.00,1.14,2000,1.00,1.00
36074,[DND] Swift Horde Wolf,29974,10,10,35,0,1,0,1,1.00,1.14,2000,1.00,1.00
36075,[DND] White Stallion,29975,1,2,35,0,1,0,1,1.00,1.14,2000,1.00,1.00
36093,Vault Stalker,21955,1,1,14,0,10,0,1,1.00,1.14,2000,1.00,2.00
36151,Navigator Taylor,27001,1,1,1973,0,7,0,1,1.00,1.14,2000,1.00,1.00
36152,Navigator Saracen,27000,1,1,1973,0,7,0,1,1.00,1.14,2000,1.00,1.00
36173,Innocuous Scarab,9029,1,1,14,0,6,0,1,1.20,0.71,3000,1.00,3.00
36209,[DND]Northrend Children's Week Trigger 2,20570,1,1,35,0,10,0,1,1.00,1.14,2000,1.00,1.00
36212,[DND] Crazed Apothecary Generator,17188,1,1,14,0,8,0,1,1.00,1.14,2000,1.00,1.00
36223,Swift Horde Wolf,30070,10,10,35,0,1,0,1,1.00,1.39,2000,1.00,1.00
36482,Tuskarr Kite,30157,1,1,188,0,12,0,1,1.00,1.14,2000,1.00,1.00
36483,Little White Stallion,30518,1,1,35,0,1,0,1,1.00,1.14,2000,1.00,1.00
36484,Little Ivory Raptor,30141,1,1,35,0,1,0,1,1.00,1.14,2000,1.00,1.00
36495,Forgemaster Putridus Invisible Stalker,1126,1,1,35,0,10,0,1,1.00,1.14,2000,1.00,1.00
36503,Devourer of Souls,30149,1,1,16,0,6,1,1,1.00,1.14,0,1.00,48.00
36504,Devourer of Souls,30150,1,1,16,0,6,1,1,1.00,1.14,0,1.00,48.00
36508,Soulguard Beam Focus Target,1126,1,1,16,0,10,0,1,1.00,1.14,2000,1.00,1.00
36511,Spectral Tiger Cub,30409,1,1,188,0,12,0,1,1.00,1.14,2000,1.00,1.00
36532,Unstable Searing Totem,30166,10,10,58,0,11,0,1,1.00,1.14,2000,1.00,0.70
36549,Beasts Combat Stalker,15294,1,1,14,0,10,0,1,1.00,1.14,2000,1.00,1.35
36607,Onyxian Whelpling,30356,1,1,188,0,12,0,1,1.11,1.14,2000,1.00,1.00
36643,[DND] Valentine Boss Manager,17188,1,1,14,0,8,0,1,1.00,1.14,2000,1.00,1.00
36644,Ahmo Thunderhorn,30271,10,10,104,0,7,0,1,1.00,1.14,2000,1.00,1.00
36648,Baine Bloodhoof (Leader),30272,1,1,104,0,7,3,1,1.00,1.14,2000,1.00,400.00
36710,[DND] Apothecary Table (Spell Effect),30297,1,1,14,0,10,0,1,1.00,1.14,2000,1.00,1.00
36736,Invisible Stalker (Icecrown Dungeon Trap),1126,1,1,35,0,10,0,1,1.00,1.14,2000,1.00,1.00
36737,Invisible Stalker,1126,1,1,35,0,10,0,1,1.00,1.14,2000,1.00,1.00
36792,[PH] Unused Quarry Overseer,30340,1,1,35,0,6,1,1,1.00,1.14,2000,1.00,30.00
36812,Stormwind Love Boat,30846,1,1,35,16777216,10,0,1,1.00,1.14,2000,1.00,1.00
36848,Invisible Stalker,11686,1,1,35,0,10,0,1,1.00,1.14,0,1.00,1.00
36871,Core Hound Pup,30462,1,1,188,0,12,0,1,1.00,1.14,2000,1.00,1.00
36885,Crown Apothecary,1660,20,23,35,0,7,0,1,1.00,1.14,2000,1.00,1.00
36904,Gryphon Hatchling 3.3.0,16943,1,1,35,0,12,0,1,1.00,1.14,2000,1.00,1.00
36908,Gryphon Hatchling,30412,1,1,188,0,12,0,1,1.00,1.14,2000,1.00,1.00
36909,Wind Rider Cub,30413,1,1,188,0,12,0,1,1.00,1.14,2000,1.00,1.00
36910,Zipao Tiger,30402,1,1,188,0,12,0,1,1.00,1.14,2000,1.00,1.00
36911,Pandaren Monk,30414,1,1,188,0,12,0,1,1.00,1.14,2000,1.00,1.00
36912,Chen Stormstout,3718,1,1,35,0,7,0,1,1.00,1.14,2000,1.00,1.00
36923,Hogger (1),384,1,1,35,0,7,3,1,1.00,1.14,2000,1.00,0.11
36934,Empowering Orb Controller Stalker,1126,1,1,35,0,10,0,1,1.00,1.14,2000,1.00,1.00
36979,Lil' K.T.,30507,1,1,188,0,12,0,1,1.00,1.14,2000,1.00,1.00
37000,Sunwell Visual Bunny,11686,1,1,35,0,10,0,1,1.00,1.14,2000,1.00,1.00
37039,[DND]Ground Cover Bunny,21955,1,1,1375,0,10,0,1,1.00,1.14,2000,1.00,1.00
37071,Invisible Stalker (Icecrown Dungeon Trap Controller),1126,1,1,35,0,10,0,1,1.00,1.14,2000,1.00,1.00
37118,Elemental Stone,30516,1,1,35,0,10,0,1,1.00,1.14,2000,1.00,1.00
37168,[DND] Summon Bunny 1,7804,1,1,1375,0,10,0,1,1.00,1.14,2000,1.00,1.00
37191,[PH] Ice Stone 2,30516,1,1,35,0,10,0,1,1.00,1.14,2000,1.00,1.00
37192,[PH] Ice Stone 3,30516,1,1,35,0,10,0,1,1.00,1.14,2000,1.00,1.00
37201,[DND] Summon Bunny 2,7804,1,1,1375,0,10,0,1,1.00,1.14,2000,1.00,1.00
37202,[DND] Summon Bunny 3,7804,1,1,1375,0,10,0,1,1.00,1.14,2000,1.00,1.00
37214,Crown Lackey,30576,8,9,14,0,7,0,1,1.00,1.14,2000,1.00,1.00
37231,Rope Beam Stalker,1126,1,1,1375,0,10,0,1,1.00,1.14,2000,1.00,1.00
37241,Blizzard Elemental (3),8716,1,1,16,0,4,1,1,1.00,1.14,2000,1.00,6.50
37286,Dun Baldar North Warmaster (3),14797,1,1,35,0,7,1,1,1.00,1.14,2000,1.00,26.00
37293,Fjordune the Greater (3),12815,1,1,14,0,5,2,1,1.00,1.14,2000,1.00,32.50
37307,Frostwolf Reclaimer (3),12165,1,1,1214,0,7,1,1,1.00,1.14,2000,1.00,3.90
37314,Furis (3),2346,1,1,1215,0,3,0,1,1.00,1.14,2000,1.00,1.75
37316,Gahz'ranka Herald (3),11686,1,1,1334,0,10,0,1,1.00,1.14,2000,1.00,19.50
37368,Mulverick's War Rider (3),11012,1,1,35,0,1,1,1,1.00,1.14,2000,1.00,45.50
37375,Rezrelek (3),14072,1,1,37,0,7,2,1,1.00,1.14,2000,1.00,10.40
37397,Sergeant Durgen Stormpike (3),13383,1,1,35,3,7,1,1,1.00,1.14,2000,1.00,3.90
37400,Slidore's Gryphon (3),1148,1,1,35,0,1,1,1,1.00,1.14,2000,1.00,45.50
37405,Stabled Alterac Ram (3),13340,1,1,35,0,1,0,1,1.00,1.14,2000,1.00,1.69
37406,Stabled Frostwolf (3),10278,1,1,35,0,1,0,1,1.00,1.14,2000,1.00,1.33
37424,Stormpike Reclaimer (3),13274,1,1,1216,0,7,1,1,1.00,1.14,2000,1.00,3.90
37432,Tatterhide (3),13990,1,1,16,0,7,2,1,1.00,1.14,2000,1.00,15.60
37443,Ushalac the Gloomdweller (3),14064,1,1,37,0,7,2,1,1.00,1.14,2000,1.00,10.40
37472,Whitewhisker Tunnel Rat (3),371,1,1,26,0,7,0,1,1.00,1.14,2000,1.00,0.65
37525,Morgan Test (1),19410,1,1,35,0,7,3,1,1.00,1.14,2000,1.00,55.00
37526,Morgan Test (2),19410,1,1,35,0,7,3,1,1.00,1.14,2000,1.00,75.00
37547,Gunship Hull,11686,1,1,35,0,10,0,1,1.00,1.14,2000,1.00,1.00
37558,[DND]Something Stinks Kill Credit Bunny,1126,1,1,35,0,10,0,1,1.00,1.14,2000,1.00,1.00
37630,Lady Jaina Proudmoore (1),30867,1,1,35,0,7,1,1,1.00,1.14,2000,1.00,500.00
37631,Lady Jaina Proudmoore (1),30867,1,1,35,0,7,1,1,1.00,1.14,2000,1.00,500.00
37632,Lady Sylvanas Windrunner (1),28213,1,1,35,0,7,3,1,1.00,1.14,2000,1.00,500.00
37633,Lady Sylvanas Windrunner (1),28213,1,1,35,3,7,3,1,1.00,1.14,2000,1.00,500.00
37658,[PH] Unused Quarry Overseer (1),30340,1,1,35,0,6,1,1,1.00,1.14,2000,1.00,30.00
37703,Surging Water Elemental,5561,10,10,1932,0,4,0,1,1.00,1.14,2000,1.00,9.00
37722,Spiritual Reflection (1),24653,1,1,35,0,7,1,1,1.00,1.14,2000,1.00,8.00
37750,Dwarf Earth Totem,30753,6,6,14,0,11,0,1,1.00,1.14,2000,1.00,0.01
37751,Dwarf Fire Totem,30754,10,10,58,0,11,0,1,1.00,1.14,2000,1.00,1.00
37752,Dwarf Water Totem,30755,20,20,58,0,11,0,1,1.00,1.14,2000,1.00,0.05
37767,Orc Earth Totem,30757,6,6,14,0,11,0,1,1.00,1.14,2000,1.00,0.01
37768,Troll Earth Totem,30761,6,6,14,0,11,0,1,1.00,1.14,2000,1.00,0.01
37770,Orc Fire Totem,30758,10,10,58,0,11,0,1,1.00,1.14,2000,1.00,1.00
37771,Troll Fire Totem,30762,10,10,58,0,11,0,1,1.00,1.14,2000,1.00,1.00
37772,Orc Water Totem,30759,20,20,58,0,11,0,1,1.00,1.14,2000,1.00,0.05
37773,Troll Water Totem,30763,20,20,58,0,11,0,1,1.00,1.14,2000,1.00,0.05
37790,Darnassus Sentinel,2306,1,1,79,0,7,0,1,1.00,1.14,2000,1.00,1.50
37825,Kor'kron Overseer,30063,1,1,85,0,7,0,1,1.00,1.14,2000,1.00,1.50
37852,Quel'Delar Skull Target,20570,1,1,114,0,10,0,2,1.00,1.14,2000,1.00,1.00
37860,Bluffwatcher,2141,1,1,105,0,7,0,1,1.00,1.14,2000,1.00,1.50
37865,Perky Pug,31174,1,1,188,0,12,0,1,0.56,1.14,2000,1.00,1.00
37869,Orgrimmar Grunt,4259,1,1,85,0,7,0,1,1.00,1.14,2000,1.00,1.50
37880,Stormwind Portal,27653,1,1,35,0,10,0,1,1.00,1.00,2000,1.00,1.00
37887,Kwee Q. Peddlefeet,15990,1,1,35,3,7,0,1,1.00,1.00,2000,1.00,1.00
37906,Imprisoned Soul,27563,1,1,35,0,6,0,1,1.00,1.14,2000,1.00,1.00
37917,Crown Thug,30576,16,17,14,0,7,0,1,1.00,1.14,2000,1.00,1.00
37944,Stormwind City Patroller,3167,1,1,11,0,7,0,1,1.00,1.14,2000,1.00,2.00
37948,Deathwhisper Controller,169,1,1,14,0,10,1,1,1.00,0.99,2000,7.50,1.00
37966,Undercity Love Boat,30852,1,1,35,16777216,10,0,1,1.00,1.14,2000,1.00,1.00
37980,Darnassus Love Boat,30874,1,1,35,16777216,10,0,1,1.00,1.14,2000,1.00,1.00
37990,[DND] Sample Quest Kill Credit Bunny,21955,1,1,35,0,10,0,1,1.00,1.14,2000,1.00,1.00
38035,Chemical Wagon,17612,1,1,35,0,10,0,1,1.00,1.14,2000,1.00,1.00
38039,Kwee Q. Peddlefeet,15990,1,1,35,3,7,0,1,1.00,1.14,2000,1.00,1.00
38040,Kwee Q. Peddlefeet,15990,1,1,35,3,7,0,1,1.00,1.14,2000,1.00,1.00
38041,Kwee Q. Peddlefeet,15990,1,1,35,3,7,0,1,1.00,1.14,2000,1.00,1.00
38042,Kwee Q. Peddlefeet,15990,1,1,35,3,7,0,1,1.00,1.14,2000,1.00,1.00
38043,Kwee Q. Peddlefeet,15990,1,1,35,3,7,0,1,1.00,1.14,2000,1.00,1.00
38044,Kwee Q. Peddlefeet,15990,1,1,35,3,7,0,1,1.00,1.14,2000,1.00,1.00
38045,Kwee Q. Peddlefeet,15990,1,1,35,3,7,0,1,1.00,1.14,2000,1.00,1.00
38049,Young Pilgrim,19315,5,8,35,0,7,0,1,1.00,1.14,2000,1.00,1.00
38053,[DND] Fire Creature,30903,1,1,1375,0,10,0,1,1.00,1.14,2000,1.00,1.00
38116,Image of the Sunwell,27165,1,1,35,0,10,0,1,1.00,1.14,2000,1.00,1.00
38162,Trapped Citizen,1140,1,1,35,0,10,0,1,1.00,1.14,2000,1.00,1.00
38226,[DND] Fire Wall - No Scaling,30903,1,1,35,0,10,0,1,1.00,1.14,2000,1.00,1.00
38228,Plagued Insect,7511,1,1,188,0,8,0,1,0.40,0.71,2000,1.00,0.30
38229,Frozen Insect,7511,1,1,188,0,8,0,1,1.00,1.14,2000,1.00,0.30
38230,[DND] Fire Wall,30903,1,1,35,0,10,0,1,1.00,1.14,2000,1.00,1.00
38231,Blood Parasite,30995,1,1,188,0,8,0,1,1.00,1.14,2000,1.00,0.30
38232,Blood Spider,30996,1,1,190,0,8,0,1,1.00,0.86,2000,1.00,0.20
38236,[DND] Fire Strat,21955,1,1,35,0,10,0,1,1.00,1.14,2000,1.00,1.00
38288,Love Guard Perfume Bunny,1126,1,1,35,0,10,0,1,1.00,1.14,2000,1.00,1.00
38310,"Invisible Stalker (Float,Uninteractible,LargeAOI) (3.00)",1126,1,1,35,0,10,0,1,1.00,1.14,2000,1.00,1.00
38340,[DND] Holiday - Love - Bank Bunny,20570,1,1,35,0,10,0,2,1.00,1.14,2000,1.00,1.00
38341,[DND] Holiday - Love - AH Bunny,20570,1,1,35,0,10,0,2,1.00,1.14,2000,1.00,1.00
38342,[DND] Holiday - Love - Barber Bunny,20570,1,1,35,0,10,0,2,1.00,1.14,2000,1.00,1.00
38353,Blood Queen Orb,1126,1,1,35,0,10,0,1,1.00,1.14,2000,1.00,1.00
38361,Wrathful Gladiator's Frost Wyrm,31047,10,10,35,0,2,0,1,1.00,1.14,2000,1.00,1.00
38370,Frozen Insect,9829,1,1,188,0,8,0,1,1.00,1.14,2000,1.00,0.30
38374,Toxic Wasteling,31073,1,1,35,0,12,0,1,1.00,1.14,2000,1.00,1.00
38386,Patchwerk (PTR All-Around Test),16174,1,1,21,0,6,3,1,1.00,1.14,2000,1.00,1200.00
38388,Patchwerk (PTR All-Around Test) (1),16174,1,1,21,0,6,3,1,1.00,1.14,2000,1.00,4000.00
38439,Toravon Stalker,1126,1,1,14,0,10,0,1,1.20,1.71,2000,1.00,2.00
38440,Toravon Whiteout Ground Effect,1126,1,1,35,0,10,0,1,1.00,1.14,2000,1.00,1.00
38461,Toravon Frozen Orb Stalker,11686,1,1,14,0,10,0,1,1.20,1.71,2000,1.00,2.00
38463,Empowering Orb Visual Stalker,1126,1,1,35,0,10,0,1,1.00,1.14,2000,1.00,1.00
38695,Icebound Frostbrood Vanquisher,31154,10,10,35,0,2,0,1,1.00,1.14,2000,1.00,1.00
38710,Frostmourne Soul Transform Visual,1126,1,1,35,0,10,0,1,1.00,1.14,2000,1.00,1.00
38716,Magister Thelos,31170,5,5,1604,0,7,0,1,1.00,1.14,2000,1.00,1.05
38778,Bloodbathed Frostbrood Vanquisher,31156,10,10,35,0,2,0,1,1.00,1.14,2000,1.00,1.00
38831,Slain Bluffwatcher,2141,1,1,105,0,7,0,1,1.00,1.14,2000,1.00,1.50
38879,Putricide's Trap,1126,1,1,2102,0,10,0,1,1.00,1.14,2000,1.00,1.00
39021,Agitated Earth Spirit,1128,10,10,35,0,4,0,1,1.56,1.14,2000,1.00,1.02
39023,[DND] TB Event Bunny,11686,1,1,35,0,10,0,1,1.00,1.14,2000,1.00,1.00
39045,Azure Deathcharger,25278,1,2,35,0,1,0,1,1.00,1.14,2000,1.00,1.00
39046,Crimson Deathcharger,25279,1,2,35,0,1,0,1,1.00,1.14,2000,1.00,1.00
39047,Agitated Fire Spirit,4607,10,10,35,0,4,0,1,1.00,1.14,2000,1.00,1.02
39057,[DND] Fire Strat Auto,11686,1,1,35,0,10,0,1,1.00,1.14,2000,1.00,1.00
39058,[PH] Orc Firefighter,3604,1,1,29,0,7,0,1,1.00,1.14,2000,1.00,1.00
39253,Gnome Citizen,2590,1,1,64,0,7,0,1,1.00,1.14,2000,1.00,1.00
39263,Disassembled Mechano-Tank,31664,1,1,35,0,9,0,4,1.00,1.14,2000,1.00,1.00
39349,Gnomeregan Trainee,31678,9,9,64,0,7,0,1,1.00,1.14,2000,1.00,1.00
39355,[DND] Salute Quest Credit Bunny,11686,1,1,35,0,7,0,1,1.00,1.14,2000,1.00,1.00
39356,[DND] Roar Quest Credit Bunny,11686,1,1,35,0,7,0,1,1.00,1.14,2000,1.00,1.00
39361,[DND] Dance Quest Credit Bunny,11686,1,1,35,0,7,0,1,1.00,1.14,2000,1.00,1.00
39362,[DND] Cheer Quest Credit Bunny,11686,1,1,35,0,7,0,1,1.00,1.14,2000,1.00,1.00
39420,[DND] Probe Target Bunny,16946,1,1,35,0,9,0,1,1.00,1.14,2000,1.00,1.00
39421,Radiageigatron,28830,1,1,35,0,9,0,1,1.00,1.14,2000,1.00,1.00
39454,Doomsayer Speech Credit,17188,1,1,35,0,10,0,1,1.00,1.14,2000,1.00,1.00
39581,Poster Marker - Orgrimmar,20570,1,1,35,0,10,0,1,1.00,1.14,2000,1.00,1.00
39623,Gnome Citizen,2581,1,1,64,0,7,0,1,1.00,1.14,2000,1.00,1.00
39672,Poster Marker - Stormwind,20570,1,1,35,0,10,0,1,1.00,1.14,2000,1.00,1.00
39678,Toby Zeigear,31676,10,10,64,2,7,0,1,1.00,1.14,2000,1.00,1.00
39683,[DND] Quest Credit Bunny - Eject,11686,1,1,35,0,7,0,1,1.00,1.14,2000,1.00,1.00
39691,[DND] Quest Credit Bunny - Move 1,11686,1,1,35,0,7,0,1,1.00,1.14,2000,1.00,1.00
39692,[DND] Quest Credit Bunny - Move 2,11686,1,1,35,0,7,0,1,1.00,1.14,2000,1.00,1.00
39695,[DND] Quest Credit Bunny - Move 3,11686,1,1,35,0,7,0,1,1.00,1.14,2000,1.00,1.00
39703,[DND] Quest Credit Bunny - Attack,11686,1,1,35,0,7,0,1,1.00,1.14,2000,1.00,1.00
39707,[DND] Attack Bunny,17188,1,1,35,0,10,0,1,1.00,1.14,2000,1.00,1.00
39711,Mechano-Tank Attack Target,3020,1,1,35,0,7,0,1,1.00,1.00,2000,1.00,1.00
39715,Ejector Mechano-Tank,31664,1,1,875,0,9,0,4,1.00,1.14,2000,1.00,1.00
39716,Scuttling Mechano-Tank,31664,1,1,875,0,9,0,4,1.00,1.14,2000,1.00,1.00
39717,Shooting Mechano-Tank,31664,1,1,875,0,9,0,4,1.00,1.14,2000,1.00,1.00
39821,Cho'Gall Speech Credit,17188,1,1,35,0,10,0,1,1.00,1.14,2000,1.00,1.00
39842,"Invisible Stalker (Hostile,Ignore Combat,Float,Uninteractible,Large AOI)",1126,1,1,2102,0,10,0,1,1.00,1.14,2000,1.00,1.00
39872,Cult Recruitment Credit,17188,1,1,35,0,10,0,1,1.00,1.14,2000,1.00,1.00
39934,Zeppelin Sentry,4259,1,1,85,0,7,0,1,1.00,1.14,2000,1.00,1.50
39973,Swift Orange Mechanostrider,31670,1,2,35,0,9,0,1,1.00,1.14,2000,1.00,1.00
39975,East Zeppelin Tower Credit,17188,1,1,35,0,10,0,1,1.00,1.14,2000,1.00,1.00
39976,West Zeppelin Tower Credit,17188,1,1,35,0,10,0,1,1.00,1.14,2000,1.00,1.00
39977,Razor Hill Credit,17188,1,1,35,0,10,0,1,1.00,1.14,2000,1.00,1.00
40057,Mekkatorque's Swift Blue Mechanostrider,31692,1,2,875,0,9,0,1,1.00,1.14,2000,1.00,1.00
40101,Valley of Heroes Credit,17188,1,1,35,0,10,0,1,1.00,1.14,2000,1.00,1.00
40102,Westbrook Garrison Credit,17188,1,1,35,0,10,0,1,1.00,1.14,2000,1.00,1.00
40103,Goldshire Credit,17188,1,1,35,0,10,0,1,1.00,1.14,2000,1.00,1.00
40138,Stormwind City Guard (Corpse),3167,1,1,11,0,7,0,1,1.00,1.14,2000,1.00,1.50
40176,Sen'jin Frog,31727,1,1,35,16777216,8,0,1,1.00,1.14,2000,1.00,1.00
40188,Attuned Frog,22469,1,1,190,0,8,0,1,1.00,1.14,2000,1.00,1.00
40198,Frigid Frostling,31722,1,1,188,0,12,0,1,1.56,1.14,1500,1.00,0.75
40218,Spy Frog Credit,20570,1,1,35,0,10,0,1,1.00,1.14,2000,1.00,1.00
40246,Instant Statue Pedestal,31756,1,1,35,0,10,0,1,1.00,1.14,2000,1.00,1.00
40256,Troll Citizen,2589,1,1,126,0,7,0,1,1.00,1.14,2000,1.00,1.00
40257,Troll Citizen,2588,1,1,126,0,7,0,1,1.00,1.14,2000,1.00,1.00
40260,Troll Volunteer,11686,1,1,126,0,7,0,1,1.00,1.14,2000,1.00,1.00
40264,Troll Volunteer,11686,1,1,126,0,7,0,1,1.00,1.14,2000,1.00,1.00
40295,Clockwork Rocket Bot,22778,1,1,188,0,12,0,1,1.00,1.14,2000,1.00,1.00
40301,Tiger Matriarch Credit,17188,1,1,35,0,10,0,1,1.00,1.14,2000,1.00,1.00
40361,Troll Dance Leader,17188,1,1,35,0,10,0,1,1.00,1.14,2000,1.00,1.00
40363,Dance Participant,20570,1,1,35,0,10,0,1,1.60,2.00,2000,1.00,1.00
40387,Omen Event Credit,17188,1,1,35,0,10,0,1,1.00,1.14,2000,1.00,1.00
40413,Alenjon Sunblade,31833,1,1,83,1,7,1,2,1.00,1.14,2000,7.50,50.00
40428,[DND] Quest Credit Bunny - ET Battle,11686,1,1,35,0,7,0,1,1.00,1.14,2000,1.00,1.00
40479,Camera Vehicle,1126,1,1,35,0,10,0,1,1.00,1.14,2000,1.00,1.00
40506,Explosion Bunny,1126,1,1,35,0,10,0,1,1.00,1.14,2000,1.00,1.00
40617,[DND] Bunny,1126,1,1,2102,0,10,0,1,1.00,1.14,2000,1.00,1.00
40624,Celestial Dragon,31956,1,1,188,0,12,0,1,1.00,1.14,2000,1.00,1.00
40703,Lil' XT,32031,1,1,188,0,12,0,1,0.80,1.14,2000,1.00,1.00
40721,Murkimus the Gladiator,28734,1,1,188,0,12,0,1,1.00,1.14,2000,1.00,1.00
40724,Crafticus Jones,15093,1,1,35,0,7,0,1,1.00,1.14,2000,1.00,1.00
41839,[DND] Controller,11686,1,1,35,0,10,0,1,1.00,1.14,2000,1.00,1.00
42078,Mini Thor,32670,1,1,188,0,12,0,1,1.00,1.14,2000,1.00,1.00
70100,Conversing With the Depths Trigger,11686,1,1,35,0,0,0,1,1.00,1.14,0,1.00,1.00
179820,Q-9759 Trigger Barrel Bomb,24860,1,1,35,0,0,0,1,1.00,1.14,0,1.00,1.00
